2026-04-09 08:30:56 [INFO] news.trigger - === trigger 开始 (limit=1) ===
2026-04-09 08:30:56 [DEBUG] asyncio - Using selector: EpollSelector
2026-04-09 08:30:56 [INFO] openclaw_alpha.backend.quick_news.jobs - 拉取新闻源: cls_telegraph (/cls/telegraph)
2026-04-09 08:30:56 [DEBUG] openclaw_alpha.rsshub.fetcher - 尝试拉取: https://rsshub.liumingye.cn/cls/telegraph
2026-04-09 08:30:57 [DEBUG] openclaw_alpha.rsshub.fetcher - 拉取成功: https://rsshub.liumingye.cn/cls/telegraph, 获取 20 条
2026-04-09 08:30:57 [INFO] openclaw_alpha.backend.quick_news.jobs -   cls_telegraph: saved=2, skipped=18
2026-04-09 08:30:57 [INFO] openclaw_alpha.backend.quick_news.jobs - 拉取新闻源: jin10 (/jin10)
2026-04-09 08:30:57 [DEBUG] openclaw_alpha.rsshub.fetcher - 尝试拉取: https://rsshub.liumingye.cn/jin10
2026-04-09 08:30:59 [DEBUG] openclaw_alpha.rsshub.fetcher - 拉取成功: https://rsshub.liumingye.cn/jin10, 获取 21 条
2026-04-09 08:30:59 [INFO] openclaw_alpha.backend.quick_news.jobs -   jin10: saved=7, skipped=14
2026-04-09 08:30:59 [INFO] openclaw_alpha.backend.quick_news.jobs - 拉取新闻源: wallstreetcn_news (/wallstreetcn/news)
2026-04-09 08:30:59 [DEBUG] openclaw_alpha.rsshub.fetcher - 尝试拉取: https://rsshub.liumingye.cn/wallstreetcn/news
2026-04-09 08:31:00 [DEBUG] openclaw_alpha.rsshub.fetcher - 拉取成功: https://rsshub.liumingye.cn/wallstreetcn/news, 获取 38 条
2026-04-09 08:31:00 [INFO] openclaw_alpha.backend.quick_news.jobs -   wallstreetcn_news: saved=2, skipped=36
2026-04-09 08:31:00 [INFO] openclaw_alpha.backend.quick_news.jobs - 拉取新闻源: yicai_brief (/yicai/brief)
2026-04-09 08:31:00 [DEBUG] openclaw_alpha.rsshub.fetcher - 尝试拉取: https://rsshub.liumingye.cn/yicai/brief
2026-04-09 08:31:02 [DEBUG] openclaw_alpha.rsshub.fetcher - 拉取成功: https://rsshub.liumingye.cn/yicai/brief, 获取 50 条
2026-04-09 08:31:02 [INFO] openclaw_alpha.backend.quick_news.jobs -   yicai_brief: saved=2, skipped=48
2026-04-09 08:31:02 [INFO] openclaw_alpha.backend.quick_news.jobs - 拉取完成: 4 个源, saved=13, skipped=116
2026-04-09 08:31:02 [INFO] openclaw_alpha.backend.quick_news.jobs - 无待分析新闻
2026-04-09 08:31:02 [INFO] news.trigger - === trigger 完成 ===
2026-04-09 08:31:57 [INFO] news.trigger - === trigger 开始 (limit=1) ===
2026-04-09 08:31:57 [DEBUG] asyncio - Using selector: EpollSelector
2026-04-09 08:31:57 [INFO] openclaw_alpha.backend.quick_news.jobs - 拉取新闻源: cls_telegraph (/cls/telegraph)
2026-04-09 08:31:57 [DEBUG] openclaw_alpha.rsshub.fetcher - 尝试拉取: https://rsshub.liumingye.cn/cls/telegraph
2026-04-09 08:31:59 [DEBUG] openclaw_alpha.rsshub.fetcher - 拉取成功: https://rsshub.liumingye.cn/cls/telegraph, 获取 20 条
2026-04-09 08:31:59 [INFO] openclaw_alpha.backend.quick_news.jobs -   cls_telegraph: saved=1, skipped=19
2026-04-09 08:31:59 [INFO] openclaw_alpha.backend.quick_news.jobs - 拉取新闻源: jin10 (/jin10)
2026-04-09 08:31:59 [DEBUG] openclaw_alpha.rsshub.fetcher - 尝试拉取: https://rsshub.liumingye.cn/jin10
2026-04-09 08:32:00 [DEBUG] openclaw_alpha.rsshub.fetcher - 拉取成功: https://rsshub.liumingye.cn/jin10, 获取 21 条
2026-04-09 08:32:00 [INFO] openclaw_alpha.backend.quick_news.jobs -   jin10: saved=0, skipped=21
2026-04-09 08:32:00 [INFO] openclaw_alpha.backend.quick_news.jobs - 拉取新闻源: wallstreetcn_news (/wallstreetcn/news)
2026-04-09 08:32:00 [DEBUG] openclaw_alpha.rsshub.fetcher - 尝试拉取: https://rsshub.liumingye.cn/wallstreetcn/news
2026-04-09 08:32:02 [DEBUG] openclaw_alpha.rsshub.fetcher - 拉取成功: https://rsshub.liumingye.cn/wallstreetcn/news, 获取 38 条
2026-04-09 08:32:02 [INFO] openclaw_alpha.backend.quick_news.jobs -   wallstreetcn_news: saved=0, skipped=38
2026-04-09 08:32:02 [INFO] openclaw_alpha.backend.quick_news.jobs - 拉取新闻源: yicai_brief (/yicai/brief)
2026-04-09 08:32:02 [DEBUG] openclaw_alpha.rsshub.fetcher - 尝试拉取: https://rsshub.liumingye.cn/yicai/brief
2026-04-09 08:32:03 [DEBUG] openclaw_alpha.rsshub.fetcher - 拉取成功: https://rsshub.liumingye.cn/yicai/brief, 获取 50 条
2026-04-09 08:32:03 [INFO] openclaw_alpha.backend.quick_news.jobs -   yicai_brief: saved=0, skipped=50
2026-04-09 08:32:03 [INFO] openclaw_alpha.backend.quick_news.jobs - 拉取完成: 4 个源, saved=1, skipped=128
2026-04-09 08:32:03 [INFO] openclaw_alpha.backend.quick_news.jobs - 发现 117 条待分析新闻
2026-04-09 08:32:03 [INFO] openclaw_alpha.backend.quick_news.jobs - 应用 limit=1，处理前 1 条
2026-04-09 08:32:03 [INFO] openclaw_alpha.backend.quick_news.jobs - 处理新闻: 国际金融协会（IIF）报告显示，3月份外国投资者从新兴市场股市和债市撤资703亿美元，创六年最大规模资金外流。 (jin10_jin10:index:20260408220048774800)
2026-04-09 08:32:03 [INFO] openclaw_alpha.backend.quick_news.task_executor - 提交快速分析任务: 国际金融协会（IIF）报告显示，3月份外国投资者从新兴市场股市和债市撤资703亿美元，创六年最大规模资金外流。 (jin10_jin10:index:20260408220048774800)
2026-04-09 08:32:59 [INFO] news.trigger - === trigger 开始 (limit=1) ===
2026-04-09 08:32:59 [DEBUG] asyncio - Using selector: EpollSelector
2026-04-09 08:32:59 [INFO] openclaw_alpha.backend.quick_news.jobs - 拉取新闻源: cls_telegraph (/cls/telegraph)
2026-04-09 08:32:59 [DEBUG] openclaw_alpha.rsshub.fetcher - 尝试拉取: https://rsshub.liumingye.cn/cls/telegraph
2026-04-09 08:33:01 [DEBUG] openclaw_alpha.rsshub.fetcher - 拉取成功: https://rsshub.liumingye.cn/cls/telegraph, 获取 20 条
2026-04-09 08:33:01 [INFO] openclaw_alpha.backend.quick_news.jobs -   cls_telegraph: saved=0, skipped=20
2026-04-09 08:33:01 [INFO] openclaw_alpha.backend.quick_news.jobs - 拉取新闻源: jin10 (/jin10)
2026-04-09 08:33:01 [DEBUG] openclaw_alpha.rsshub.fetcher - 尝试拉取: https://rsshub.liumingye.cn/jin10
2026-04-09 08:33:02 [DEBUG] openclaw_alpha.rsshub.fetcher - 拉取成功: https://rsshub.liumingye.cn/jin10, 获取 21 条
2026-04-09 08:33:02 [INFO] openclaw_alpha.backend.quick_news.jobs -   jin10: saved=0, skipped=21
2026-04-09 08:33:02 [INFO] openclaw_alpha.backend.quick_news.jobs - 拉取新闻源: wallstreetcn_news (/wallstreetcn/news)
2026-04-09 08:33:02 [DEBUG] openclaw_alpha.rsshub.fetcher - 尝试拉取: https://rsshub.liumingye.cn/wallstreetcn/news
2026-04-09 08:33:04 [DEBUG] openclaw_alpha.rsshub.fetcher - 拉取成功: https://rsshub.liumingye.cn/wallstreetcn/news, 获取 38 条
2026-04-09 08:33:04 [INFO] openclaw_alpha.backend.quick_news.jobs -   wallstreetcn_news: saved=0, skipped=38
2026-04-09 08:33:04 [INFO] openclaw_alpha.backend.quick_news.jobs - 拉取新闻源: yicai_brief (/yicai/brief)
2026-04-09 08:33:04 [DEBUG] openclaw_alpha.rsshub.fetcher - 尝试拉取: https://rsshub.liumingye.cn/yicai/brief
2026-04-09 08:33:05 [DEBUG] openclaw_alpha.rsshub.fetcher - 拉取成功: https://rsshub.liumingye.cn/yicai/brief, 获取 50 条
2026-04-09 08:33:05 [INFO] openclaw_alpha.backend.quick_news.jobs -   yicai_brief: saved=0, skipped=50
2026-04-09 08:33:05 [INFO] openclaw_alpha.backend.quick_news.jobs - 拉取完成: 4 个源, saved=0, skipped=129
2026-04-09 08:33:05 [INFO] openclaw_alpha.backend.quick_news.jobs - 发现 117 条待分析新闻
2026-04-09 08:33:05 [INFO] openclaw_alpha.backend.quick_news.jobs - 应用 limit=1，处理前 1 条
2026-04-09 08:33:05 [INFO] openclaw_alpha.backend.quick_news.jobs - 处理新闻: 国际金融协会（IIF）报告显示，3月份外国投资者从新兴市场股市和债市撤资703亿美元，创六年最大规模资金外流。 (jin10_jin10:index:20260408220048774800)
2026-04-09 08:33:05 [INFO] openclaw_alpha.backend.quick_news.task_executor - 提交快速分析任务: 国际金融协会（IIF）报告显示，3月份外国投资者从新兴市场股市和债市撤资703亿美元，创六年最大规模资金外流。 (jin10_jin10:index:20260408220048774800)
2026-04-09 08:33:05 [INFO] openclaw_alpha.backend.quick_news.task_executor -   agent_id=main, model=zai/glm-5.1
2026-04-09 08:33:05 [INFO] openclaw_alpha.backend.quick_news.task_executor -   timeout=900s, session_poll_timeout=900s
2026-04-09 08:33:05 [DEBUG] openclaw_alpha.openclaw.cron_utils - cron.add 参数: news-analysis-jin10_jin10:index:20260408220048774800
2026-04-09 08:33:05 [DEBUG] httpcore.connection - connect_tcp.started host='127.0.0.1' port=18789 local_address=None timeout=30.0 socket_options=None
2026-04-09 08:33:05 [DEBUG] httpcore.connection - connect_tcp.complete return_value=<httpcore._backends.anyio.AnyIOStream object at 0x705758a4ea50>
2026-04-09 08:33:05 [DEBUG] httpcore.http11 - send_request_headers.started request=<Request [b'POST']>
2026-04-09 08:33:05 [DEBUG] httpcore.http11 - send_request_headers.complete
2026-04-09 08:33:05 [DEBUG] httpcore.http11 - send_request_body.started request=<Request [b'POST']>
2026-04-09 08:33:05 [DEBUG] httpcore.http11 - send_request_body.complete
2026-04-09 08:33:05 [DEBUG] httpcore.http11 - receive_response_headers.started request=<Request [b'POST']>
2026-04-09 08:33:09 [DEBUG] httpcore.http11 - receive_response_headers.complete return_value=(b'HTTP/1.1', 200, b'OK', [(b'X-Content-Type-Options', b'nosniff'), (b'Referrer-Policy', b'no-referrer'), (b'Permissions-Policy', b'camera=(), microphone=(), geolocation=()'), (b'Content-Type', b'application/json; charset=utf-8'), (b'Date', b'Thu, 09 Apr 2026 00:33:09 GMT'), (b'Connection', b'keep-alive'), (b'Keep-Alive', b'timeout=5'), (b'Content-Length', b'7733')])
2026-04-09 08:33:09 [INFO] httpx - HTTP Request: POST http://127.0.0.1:18789/tools/invoke "HTTP/1.1 200 OK"
2026-04-09 08:33:09 [DEBUG] httpcore.http11 - receive_response_body.started request=<Request [b'POST']>
2026-04-09 08:33:09 [DEBUG] httpcore.http11 - receive_response_body.complete
2026-04-09 08:33:09 [DEBUG] httpcore.http11 - response_closed.started
2026-04-09 08:33:09 [DEBUG] httpcore.http11 - response_closed.complete
2026-04-09 08:33:09 [INFO] openclaw_alpha.openclaw.cron_utils - 任务创建成功: d54133b5-7b24-4280-8842-4e49ed983a90
2026-04-09 08:33:09 [INFO] openclaw_alpha.openclaw.cron_utils - 触发任务: d54133b5-7b24-4280-8842-4e49ed983a90
2026-04-09 08:33:09 [INFO] openclaw_alpha.openclaw.cron_utils - 开始轮询任务完成状态: d54133b5-7b24-4280-8842-4e49ed983a90（超时 900s）
2026-04-09 08:33:09 [DEBUG] httpcore.http11 - send_request_headers.started request=<Request [b'POST']>
2026-04-09 08:33:09 [DEBUG] httpcore.http11 - send_request_headers.complete
2026-04-09 08:33:09 [DEBUG] httpcore.http11 - send_request_body.started request=<Request [b'POST']>
2026-04-09 08:33:09 [DEBUG] httpcore.http11 - send_request_body.complete
2026-04-09 08:33:09 [DEBUG] httpcore.http11 - receive_response_headers.started request=<Request [b'POST']>
2026-04-09 08:33:11 [DEBUG] httpcore.http11 - receive_response_headers.complete return_value=(b'HTTP/1.1', 200, b'OK', [(b'X-Content-Type-Options', b'nosniff'), (b'Referrer-Policy', b'no-referrer'), (b'Permissions-Policy', b'camera=(), microphone=(), geolocation=()'), (b'Content-Type', b'application/json; charset=utf-8'), (b'Date', b'Thu, 09 Apr 2026 00:33:11 GMT'), (b'Connection', b'keep-alive'), (b'Keep-Alive', b'timeout=5'), (b'Content-Length', b'290')])
2026-04-09 08:33:11 [INFO] httpx - HTTP Request: POST http://127.0.0.1:18789/tools/invoke "HTTP/1.1 200 OK"
2026-04-09 08:33:11 [DEBUG] httpcore.http11 - receive_response_body.started request=<Request [b'POST']>
2026-04-09 08:33:11 [DEBUG] httpcore.http11 - receive_response_body.complete
2026-04-09 08:33:11 [DEBUG] httpcore.http11 - response_closed.started
2026-04-09 08:33:11 [DEBUG] httpcore.http11 - response_closed.complete
2026-04-09 08:33:12 [DEBUG] httpcore.http11 - send_request_headers.started request=<Request [b'POST']>
2026-04-09 08:33:12 [DEBUG] httpcore.http11 - send_request_headers.complete
2026-04-09 08:33:12 [DEBUG] httpcore.http11 - send_request_body.started request=<Request [b'POST']>
2026-04-09 08:33:12 [DEBUG] httpcore.http11 - send_request_body.complete
2026-04-09 08:33:12 [DEBUG] httpcore.http11 - receive_response_headers.started request=<Request [b'POST']>
2026-04-09 08:33:14 [DEBUG] httpcore.http11 - receive_response_headers.complete return_value=(b'HTTP/1.1', 200, b'OK', [(b'X-Content-Type-Options', b'nosniff'), (b'Referrer-Policy', b'no-referrer'), (b'Permissions-Policy', b'camera=(), microphone=(), geolocation=()'), (b'Content-Type', b'application/json; charset=utf-8'), (b'Date', b'Thu, 09 Apr 2026 00:33:14 GMT'), (b'Connection', b'keep-alive'), (b'Keep-Alive', b'timeout=5'), (b'Content-Length', b'275')])
2026-04-09 08:33:14 [INFO] httpx - HTTP Request: POST http://127.0.0.1:18789/tools/invoke "HTTP/1.1 200 OK"
2026-04-09 08:33:14 [DEBUG] httpcore.http11 - receive_response_body.started request=<Request [b'POST']>
2026-04-09 08:33:14 [DEBUG] httpcore.http11 - receive_response_body.complete
2026-04-09 08:33:14 [DEBUG] httpcore.http11 - response_closed.started
2026-04-09 08:33:14 [DEBUG] httpcore.http11 - response_closed.complete
2026-04-09 08:33:24 [DEBUG] httpcore.connection - close.started
2026-04-09 08:33:24 [DEBUG] httpcore.connection - close.complete
2026-04-09 08:33:24 [DEBUG] httpcore.connection - connect_tcp.started host='127.0.0.1' port=18789 local_address=None timeout=10.0 socket_options=None
2026-04-09 08:33:24 [DEBUG] httpcore.connection - connect_tcp.complete return_value=<httpcore._backends.anyio.AnyIOStream object at 0x70575809a490>
2026-04-09 08:33:24 [DEBUG] httpcore.http11 - send_request_headers.started request=<Request [b'POST']>
2026-04-09 08:33:24 [DEBUG] httpcore.http11 - send_request_headers.complete
2026-04-09 08:33:24 [DEBUG] httpcore.http11 - send_request_body.started request=<Request [b'POST']>
2026-04-09 08:33:24 [DEBUG] httpcore.http11 - send_request_body.complete
2026-04-09 08:33:24 [DEBUG] httpcore.http11 - receive_response_headers.started request=<Request [b'POST']>
2026-04-09 08:33:26 [DEBUG] httpcore.http11 - receive_response_headers.complete return_value=(b'HTTP/1.1', 200, b'OK', [(b'X-Content-Type-Options', b'nosniff'), (b'Referrer-Policy', b'no-referrer'), (b'Permissions-Policy', b'camera=(), microphone=(), geolocation=()'), (b'Content-Type', b'application/json; charset=utf-8'), (b'Date', b'Thu, 09 Apr 2026 00:33:26 GMT'), (b'Connection', b'keep-alive'), (b'Keep-Alive', b'timeout=5'), (b'Content-Length', b'275')])
2026-04-09 08:33:26 [INFO] httpx - HTTP Request: POST http://127.0.0.1:18789/tools/invoke "HTTP/1.1 200 OK"
2026-04-09 08:33:26 [DEBUG] httpcore.http11 - receive_response_body.started request=<Request [b'POST']>
2026-04-09 08:33:26 [DEBUG] httpcore.http11 - receive_response_body.complete
2026-04-09 08:33:26 [DEBUG] httpcore.http11 - response_closed.started
2026-04-09 08:33:26 [DEBUG] httpcore.http11 - response_closed.complete
2026-04-09 08:33:36 [DEBUG] httpcore.connection - close.started
2026-04-09 08:33:36 [DEBUG] httpcore.connection - close.complete
2026-04-09 08:33:36 [DEBUG] httpcore.connection - connect_tcp.started host='127.0.0.1' port=18789 local_address=None timeout=10.0 socket_options=None
2026-04-09 08:33:36 [DEBUG] httpcore.connection - connect_tcp.complete return_value=<httpcore._backends.anyio.AnyIOStream object at 0x70575809afd0>
2026-04-09 08:33:36 [DEBUG] httpcore.http11 - send_request_headers.started request=<Request [b'POST']>
2026-04-09 08:33:36 [DEBUG] httpcore.http11 - send_request_headers.complete
2026-04-09 08:33:36 [DEBUG] httpcore.http11 - send_request_body.started request=<Request [b'POST']>
2026-04-09 08:33:36 [DEBUG] httpcore.http11 - send_request_body.complete
2026-04-09 08:33:36 [DEBUG] httpcore.http11 - receive_response_headers.started request=<Request [b'POST']>
2026-04-09 08:33:38 [DEBUG] httpcore.http11 - receive_response_headers.complete return_value=(b'HTTP/1.1', 200, b'OK', [(b'X-Content-Type-Options', b'nosniff'), (b'Referrer-Policy', b'no-referrer'), (b'Permissions-Policy', b'camera=(), microphone=(), geolocation=()'), (b'Content-Type', b'application/json; charset=utf-8'), (b'Date', b'Thu, 09 Apr 2026 00:33:38 GMT'), (b'Connection', b'keep-alive'), (b'Keep-Alive', b'timeout=5'), (b'Content-Length', b'275')])
2026-04-09 08:33:38 [INFO] httpx - HTTP Request: POST http://127.0.0.1:18789/tools/invoke "HTTP/1.1 200 OK"
2026-04-09 08:33:38 [DEBUG] httpcore.http11 - receive_response_body.started request=<Request [b'POST']>
2026-04-09 08:33:38 [DEBUG] httpcore.http11 - receive_response_body.complete
2026-04-09 08:33:38 [DEBUG] httpcore.http11 - response_closed.started
2026-04-09 08:33:38 [DEBUG] httpcore.http11 - response_closed.complete
2026-04-09 08:33:48 [DEBUG] httpcore.connection - close.started
2026-04-09 08:33:48 [DEBUG] httpcore.connection - close.complete
2026-04-09 08:33:48 [DEBUG] httpcore.connection - connect_tcp.started host='127.0.0.1' port=18789 local_address=None timeout=10.0 socket_options=None
2026-04-09 08:33:48 [DEBUG] httpcore.connection - connect_tcp.complete return_value=<httpcore._backends.anyio.AnyIOStream object at 0x7057580c0050>
2026-04-09 08:33:48 [DEBUG] httpcore.http11 - send_request_headers.started request=<Request [b'POST']>
2026-04-09 08:33:48 [DEBUG] httpcore.http11 - send_request_headers.complete
2026-04-09 08:33:48 [DEBUG] httpcore.http11 - send_request_body.started request=<Request [b'POST']>
2026-04-09 08:33:48 [DEBUG] httpcore.http11 - send_request_body.complete
2026-04-09 08:33:48 [DEBUG] httpcore.http11 - receive_response_headers.started request=<Request [b'POST']>
2026-04-09 08:33:50 [DEBUG] httpcore.http11 - receive_response_headers.complete return_value=(b'HTTP/1.1', 200, b'OK', [(b'X-Content-Type-Options', b'nosniff'), (b'Referrer-Policy', b'no-referrer'), (b'Permissions-Policy', b'camera=(), microphone=(), geolocation=()'), (b'Content-Type', b'application/json; charset=utf-8'), (b'Date', b'Thu, 09 Apr 2026 00:33:50 GMT'), (b'Connection', b'keep-alive'), (b'Keep-Alive', b'timeout=5'), (b'Content-Length', b'275')])
2026-04-09 08:33:50 [INFO] httpx - HTTP Request: POST http://127.0.0.1:18789/tools/invoke "HTTP/1.1 200 OK"
2026-04-09 08:33:50 [DEBUG] httpcore.http11 - receive_response_body.started request=<Request [b'POST']>
2026-04-09 08:33:50 [DEBUG] httpcore.http11 - receive_response_body.complete
2026-04-09 08:33:50 [DEBUG] httpcore.http11 - response_closed.started
2026-04-09 08:33:50 [DEBUG] httpcore.http11 - response_closed.complete
2026-04-09 08:34:00 [DEBUG] httpcore.connection - close.started
2026-04-09 08:34:00 [DEBUG] httpcore.connection - close.complete
2026-04-09 08:34:00 [DEBUG] httpcore.connection - connect_tcp.started host='127.0.0.1' port=18789 local_address=None timeout=10.0 socket_options=None
2026-04-09 08:34:00 [DEBUG] httpcore.connection - connect_tcp.complete return_value=<httpcore._backends.anyio.AnyIOStream object at 0x7057580c09d0>
2026-04-09 08:34:00 [DEBUG] httpcore.http11 - send_request_headers.started request=<Request [b'POST']>
2026-04-09 08:34:00 [DEBUG] httpcore.http11 - send_request_headers.complete
2026-04-09 08:34:00 [DEBUG] httpcore.http11 - send_request_body.started request=<Request [b'POST']>
2026-04-09 08:34:00 [DEBUG] httpcore.http11 - send_request_body.complete
2026-04-09 08:34:00 [DEBUG] httpcore.http11 - receive_response_headers.started request=<Request [b'POST']>
2026-04-09 08:34:04 [DEBUG] httpcore.http11 - receive_response_headers.complete return_value=(b'HTTP/1.1', 200, b'OK', [(b'X-Content-Type-Options', b'nosniff'), (b'Referrer-Policy', b'no-referrer'), (b'Permissions-Policy', b'camera=(), microphone=(), geolocation=()'), (b'Content-Type', b'application/json; charset=utf-8'), (b'Date', b'Thu, 09 Apr 2026 00:34:04 GMT'), (b'Connection', b'keep-alive'), (b'Keep-Alive', b'timeout=5'), (b'Content-Length', b'275')])
2026-04-09 08:34:04 [INFO] httpx - HTTP Request: POST http://127.0.0.1:18789/tools/invoke "HTTP/1.1 200 OK"
2026-04-09 08:34:04 [DEBUG] httpcore.http11 - receive_response_body.started request=<Request [b'POST']>
2026-04-09 08:34:04 [DEBUG] httpcore.http11 - receive_response_body.complete
2026-04-09 08:34:04 [DEBUG] httpcore.http11 - response_closed.started
2026-04-09 08:34:04 [DEBUG] httpcore.http11 - response_closed.complete
2026-04-09 08:34:14 [DEBUG] httpcore.connection - close.started
2026-04-09 08:34:14 [DEBUG] httpcore.connection - close.complete
2026-04-09 08:34:14 [DEBUG] httpcore.connection - connect_tcp.started host='127.0.0.1' port=18789 local_address=None timeout=10.0 socket_options=None
2026-04-09 08:34:14 [DEBUG] httpcore.connection - connect_tcp.complete return_value=<httpcore._backends.anyio.AnyIOStream object at 0x70575809d6d0>
2026-04-09 08:34:14 [DEBUG] httpcore.http11 - send_request_headers.started request=<Request [b'POST']>
2026-04-09 08:34:14 [DEBUG] httpcore.http11 - send_request_headers.complete
2026-04-09 08:34:14 [DEBUG] httpcore.http11 - send_request_body.started request=<Request [b'POST']>
2026-04-09 08:34:14 [DEBUG] httpcore.http11 - send_request_body.complete
2026-04-09 08:34:14 [DEBUG] httpcore.http11 - receive_response_headers.started request=<Request [b'POST']>
2026-04-09 08:34:16 [DEBUG] httpcore.http11 - receive_response_headers.complete return_value=(b'HTTP/1.1', 200, b'OK', [(b'X-Content-Type-Options', b'nosniff'), (b'Referrer-Policy', b'no-referrer'), (b'Permissions-Policy', b'camera=(), microphone=(), geolocation=()'), (b'Content-Type', b'application/json; charset=utf-8'), (b'Date', b'Thu, 09 Apr 2026 00:34:16 GMT'), (b'Connection', b'keep-alive'), (b'Keep-Alive', b'timeout=5'), (b'Content-Length', b'275')])
2026-04-09 08:34:16 [INFO] httpx - HTTP Request: POST http://127.0.0.1:18789/tools/invoke "HTTP/1.1 200 OK"
2026-04-09 08:34:16 [DEBUG] httpcore.http11 - receive_response_body.started request=<Request [b'POST']>
2026-04-09 08:34:16 [DEBUG] httpcore.http11 - receive_response_body.complete
2026-04-09 08:34:16 [DEBUG] httpcore.http11 - response_closed.started
2026-04-09 08:34:16 [DEBUG] httpcore.http11 - response_closed.complete
2026-04-09 08:34:26 [DEBUG] httpcore.connection - close.started
2026-04-09 08:34:26 [DEBUG] httpcore.connection - close.complete
2026-04-09 08:34:26 [DEBUG] httpcore.connection - connect_tcp.started host='127.0.0.1' port=18789 local_address=None timeout=10.0 socket_options=None
2026-04-09 08:34:26 [DEBUG] httpcore.connection - connect_tcp.complete return_value=<httpcore._backends.anyio.AnyIOStream object at 0x705758073020>
2026-04-09 08:34:26 [DEBUG] httpcore.http11 - send_request_headers.started request=<Request [b'POST']>
2026-04-09 08:34:26 [DEBUG] httpcore.http11 - send_request_headers.complete
2026-04-09 08:34:26 [DEBUG] httpcore.http11 - send_request_body.started request=<Request [b'POST']>
2026-04-09 08:34:26 [DEBUG] httpcore.http11 - send_request_body.complete
2026-04-09 08:34:26 [DEBUG] httpcore.http11 - receive_response_headers.started request=<Request [b'POST']>
2026-04-09 08:34:29 [DEBUG] httpcore.http11 - receive_response_headers.complete return_value=(b'HTTP/1.1', 200, b'OK', [(b'X-Content-Type-Options', b'nosniff'), (b'Referrer-Policy', b'no-referrer'), (b'Permissions-Policy', b'camera=(), microphone=(), geolocation=()'), (b'Content-Type', b'application/json; charset=utf-8'), (b'Date', b'Thu, 09 Apr 2026 00:34:29 GMT'), (b'Connection', b'keep-alive'), (b'Keep-Alive', b'timeout=5'), (b'Content-Length', b'275')])
2026-04-09 08:34:29 [INFO] httpx - HTTP Request: POST http://127.0.0.1:18789/tools/invoke "HTTP/1.1 200 OK"
2026-04-09 08:34:29 [DEBUG] httpcore.http11 - receive_response_body.started request=<Request [b'POST']>
2026-04-09 08:34:29 [DEBUG] httpcore.http11 - receive_response_body.complete
2026-04-09 08:34:29 [DEBUG] httpcore.http11 - response_closed.started
2026-04-09 08:34:29 [DEBUG] httpcore.http11 - response_closed.complete
2026-04-09 08:34:39 [DEBUG] httpcore.connection - close.started
2026-04-09 08:34:39 [DEBUG] httpcore.connection - close.complete
2026-04-09 08:34:39 [DEBUG] httpcore.connection - connect_tcp.started host='127.0.0.1' port=18789 local_address=None timeout=10.0 socket_options=None
2026-04-09 08:34:39 [DEBUG] httpcore.connection - connect_tcp.complete return_value=<httpcore._backends.anyio.AnyIOStream object at 0x7057580738a0>
2026-04-09 08:34:39 [DEBUG] httpcore.http11 - send_request_headers.started request=<Request [b'POST']>
2026-04-09 08:34:39 [DEBUG] httpcore.http11 - send_request_headers.complete
2026-04-09 08:34:39 [DEBUG] httpcore.http11 - send_request_body.started request=<Request [b'POST']>
2026-04-09 08:34:39 [DEBUG] httpcore.http11 - send_request_body.complete
2026-04-09 08:34:39 [DEBUG] httpcore.http11 - receive_response_headers.started request=<Request [b'POST']>
2026-04-09 08:34:40 [DEBUG] httpcore.http11 - receive_response_headers.complete return_value=(b'HTTP/1.1', 200, b'OK', [(b'X-Content-Type-Options', b'nosniff'), (b'Referrer-Policy', b'no-referrer'), (b'Permissions-Policy', b'camera=(), microphone=(), geolocation=()'), (b'Content-Type', b'application/json; charset=utf-8'), (b'Date', b'Thu, 09 Apr 2026 00:34:40 GMT'), (b'Connection', b'keep-alive'), (b'Keep-Alive', b'timeout=5'), (b'Content-Length', b'275')])
2026-04-09 08:34:40 [INFO] httpx - HTTP Request: POST http://127.0.0.1:18789/tools/invoke "HTTP/1.1 200 OK"
2026-04-09 08:34:40 [DEBUG] httpcore.http11 - receive_response_body.started request=<Request [b'POST']>
2026-04-09 08:34:40 [DEBUG] httpcore.http11 - receive_response_body.complete
2026-04-09 08:34:40 [DEBUG] httpcore.http11 - response_closed.started
2026-04-09 08:34:40 [DEBUG] httpcore.http11 - response_closed.complete
2026-04-09 08:34:50 [DEBUG] httpcore.connection - close.started
2026-04-09 08:34:50 [DEBUG] httpcore.connection - close.complete
2026-04-09 08:34:50 [DEBUG] httpcore.connection - connect_tcp.started host='127.0.0.1' port=18789 local_address=None timeout=10.0 socket_options=None
2026-04-09 08:34:50 [DEBUG] httpcore.connection - connect_tcp.complete return_value=<httpcore._backends.anyio.AnyIOStream object at 0x70575807b950>
2026-04-09 08:34:50 [DEBUG] httpcore.http11 - send_request_headers.started request=<Request [b'POST']>
2026-04-09 08:34:50 [DEBUG] httpcore.http11 - send_request_headers.complete
2026-04-09 08:34:50 [DEBUG] httpcore.http11 - send_request_body.started request=<Request [b'POST']>
2026-04-09 08:34:50 [DEBUG] httpcore.http11 - send_request_body.complete
2026-04-09 08:34:50 [DEBUG] httpcore.http11 - receive_response_headers.started request=<Request [b'POST']>
2026-04-09 08:34:55 [DEBUG] httpcore.http11 - receive_response_headers.complete return_value=(b'HTTP/1.1', 200, b'OK', [(b'X-Content-Type-Options', b'nosniff'), (b'Referrer-Policy', b'no-referrer'), (b'Permissions-Policy', b'camera=(), microphone=(), geolocation=()'), (b'Content-Type', b'application/json; charset=utf-8'), (b'Date', b'Thu, 09 Apr 2026 00:34:55 GMT'), (b'Connection', b'keep-alive'), (b'Keep-Alive', b'timeout=5'), (b'Content-Length', b'275')])
2026-04-09 08:34:55 [INFO] httpx - HTTP Request: POST http://127.0.0.1:18789/tools/invoke "HTTP/1.1 200 OK"
2026-04-09 08:34:55 [DEBUG] httpcore.http11 - receive_response_body.started request=<Request [b'POST']>
2026-04-09 08:34:55 [DEBUG] httpcore.http11 - receive_response_body.complete
2026-04-09 08:34:55 [DEBUG] httpcore.http11 - response_closed.started
2026-04-09 08:34:55 [DEBUG] httpcore.http11 - response_closed.complete
2026-04-09 08:35:05 [DEBUG] httpcore.connection - close.started
2026-04-09 08:35:05 [DEBUG] httpcore.connection - close.complete
2026-04-09 08:35:05 [DEBUG] httpcore.connection - connect_tcp.started host='127.0.0.1' port=18789 local_address=None timeout=10.0 socket_options=None
2026-04-09 08:35:05 [DEBUG] httpcore.connection - connect_tcp.complete return_value=<httpcore._backends.anyio.AnyIOStream object at 0x70575807b650>
2026-04-09 08:35:05 [DEBUG] httpcore.http11 - send_request_headers.started request=<Request [b'POST']>
2026-04-09 08:35:05 [DEBUG] httpcore.http11 - send_request_headers.complete
2026-04-09 08:35:05 [DEBUG] httpcore.http11 - send_request_body.started request=<Request [b'POST']>
2026-04-09 08:35:05 [DEBUG] httpcore.http11 - send_request_body.complete
2026-04-09 08:35:05 [DEBUG] httpcore.http11 - receive_response_headers.started request=<Request [b'POST']>
2026-04-09 08:35:06 [DEBUG] httpcore.http11 - receive_response_headers.complete return_value=(b'HTTP/1.1', 200, b'OK', [(b'X-Content-Type-Options', b'nosniff'), (b'Referrer-Policy', b'no-referrer'), (b'Permissions-Policy', b'camera=(), microphone=(), geolocation=()'), (b'Content-Type', b'application/json; charset=utf-8'), (b'Date', b'Thu, 09 Apr 2026 00:35:06 GMT'), (b'Connection', b'keep-alive'), (b'Keep-Alive', b'timeout=5'), (b'Content-Length', b'275')])
2026-04-09 08:35:06 [INFO] httpx - HTTP Request: POST http://127.0.0.1:18789/tools/invoke "HTTP/1.1 200 OK"
2026-04-09 08:35:06 [DEBUG] httpcore.http11 - receive_response_body.started request=<Request [b'POST']>
2026-04-09 08:35:06 [DEBUG] httpcore.http11 - receive_response_body.complete
2026-04-09 08:35:06 [DEBUG] httpcore.http11 - response_closed.started
2026-04-09 08:35:06 [DEBUG] httpcore.http11 - response_closed.complete
2026-04-09 08:35:16 [DEBUG] httpcore.connection - close.started
2026-04-09 08:35:16 [DEBUG] httpcore.connection - close.complete
2026-04-09 08:35:16 [DEBUG] httpcore.connection - connect_tcp.started host='127.0.0.1' port=18789 local_address=None timeout=10.0 socket_options=None
2026-04-09 08:35:16 [DEBUG] httpcore.connection - connect_tcp.complete return_value=<httpcore._backends.anyio.AnyIOStream object at 0x7057580c77a0>
2026-04-09 08:35:16 [DEBUG] httpcore.http11 - send_request_headers.started request=<Request [b'POST']>
2026-04-09 08:35:16 [DEBUG] httpcore.http11 - send_request_headers.complete
2026-04-09 08:35:16 [DEBUG] httpcore.http11 - send_request_body.started request=<Request [b'POST']>
2026-04-09 08:35:16 [DEBUG] httpcore.http11 - send_request_body.complete
2026-04-09 08:35:16 [DEBUG] httpcore.http11 - receive_response_headers.started request=<Request [b'POST']>
2026-04-09 08:35:18 [DEBUG] httpcore.http11 - receive_response_headers.complete return_value=(b'HTTP/1.1', 200, b'OK', [(b'X-Content-Type-Options', b'nosniff'), (b'Referrer-Policy', b'no-referrer'), (b'Permissions-Policy', b'camera=(), microphone=(), geolocation=()'), (b'Content-Type', b'application/json; charset=utf-8'), (b'Date', b'Thu, 09 Apr 2026 00:35:18 GMT'), (b'Connection', b'keep-alive'), (b'Keep-Alive', b'timeout=5'), (b'Content-Length', b'275')])
2026-04-09 08:35:18 [INFO] httpx - HTTP Request: POST http://127.0.0.1:18789/tools/invoke "HTTP/1.1 200 OK"
2026-04-09 08:35:18 [DEBUG] httpcore.http11 - receive_response_body.started request=<Request [b'POST']>
2026-04-09 08:35:18 [DEBUG] httpcore.http11 - receive_response_body.complete
2026-04-09 08:35:18 [DEBUG] httpcore.http11 - response_closed.started
2026-04-09 08:35:18 [DEBUG] httpcore.http11 - response_closed.complete
2026-04-09 08:35:28 [DEBUG] httpcore.connection - close.started
2026-04-09 08:35:28 [DEBUG] httpcore.connection - close.complete
2026-04-09 08:35:28 [DEBUG] httpcore.connection - connect_tcp.started host='127.0.0.1' port=18789 local_address=None timeout=10.0 socket_options=None
2026-04-09 08:35:28 [DEBUG] httpcore.connection - connect_tcp.complete return_value=<httpcore._backends.anyio.AnyIOStream object at 0x7057580d85f0>
2026-04-09 08:35:28 [DEBUG] httpcore.http11 - send_request_headers.started request=<Request [b'POST']>
2026-04-09 08:35:28 [DEBUG] httpcore.http11 - send_request_headers.complete
2026-04-09 08:35:28 [DEBUG] httpcore.http11 - send_request_body.started request=<Request [b'POST']>
2026-04-09 08:35:28 [DEBUG] httpcore.http11 - send_request_body.complete
2026-04-09 08:35:28 [DEBUG] httpcore.http11 - receive_response_headers.started request=<Request [b'POST']>
2026-04-09 08:35:28 [DEBUG] httpcore.http11 - receive_response_headers.failed exception=ReadError(BrokenResourceError())
2026-04-09 08:35:28 [DEBUG] httpcore.http11 - response_closed.started
2026-04-09 08:35:28 [DEBUG] httpcore.http11 - response_closed.complete
2026-04-09 09:19:12 [INFO] news.trigger - === trigger 开始 (limit=1) ===
2026-04-09 09:19:12 [DEBUG] asyncio - Using selector: EpollSelector
2026-04-09 09:19:12 [INFO] openclaw_alpha.backend.quick_news.jobs - 拉取新闻源: cls_telegraph (/cls/telegraph)
2026-04-09 09:19:12 [DEBUG] openclaw_alpha.rsshub.fetcher - 尝试拉取: https://rsshub.liumingye.cn/cls/telegraph
2026-04-09 09:19:14 [DEBUG] openclaw_alpha.rsshub.fetcher - 拉取成功: https://rsshub.liumingye.cn/cls/telegraph, 获取 20 条
2026-04-09 09:19:14 [INFO] openclaw_alpha.backend.quick_news.jobs -   cls_telegraph: saved=20, skipped=0
2026-04-09 09:19:14 [INFO] openclaw_alpha.backend.quick_news.jobs - 拉取新闻源: jin10 (/jin10)
2026-04-09 09:19:14 [DEBUG] openclaw_alpha.rsshub.fetcher - 尝试拉取: https://rsshub.liumingye.cn/jin10
2026-04-09 09:19:15 [DEBUG] openclaw_alpha.rsshub.fetcher - 拉取成功: https://rsshub.liumingye.cn/jin10, 获取 20 条
2026-04-09 09:19:15 [INFO] openclaw_alpha.backend.quick_news.jobs -   jin10: saved=20, skipped=0
2026-04-09 09:19:15 [INFO] openclaw_alpha.backend.quick_news.jobs - 拉取新闻源: wallstreetcn_news (/wallstreetcn/news)
2026-04-09 09:19:15 [DEBUG] openclaw_alpha.rsshub.fetcher - 尝试拉取: https://rsshub.liumingye.cn/wallstreetcn/news
2026-04-09 09:19:17 [DEBUG] openclaw_alpha.rsshub.fetcher - 拉取成功: https://rsshub.liumingye.cn/wallstreetcn/news, 获取 34 条
2026-04-09 09:19:17 [INFO] openclaw_alpha.backend.quick_news.jobs -   wallstreetcn_news: saved=7, skipped=27
2026-04-09 09:19:17 [INFO] openclaw_alpha.backend.quick_news.jobs - 拉取新闻源: yicai_brief (/yicai/brief)
2026-04-09 09:19:17 [DEBUG] openclaw_alpha.rsshub.fetcher - 尝试拉取: https://rsshub.liumingye.cn/yicai/brief
2026-04-09 09:19:20 [DEBUG] openclaw_alpha.rsshub.fetcher - 拉取成功: https://rsshub.liumingye.cn/yicai/brief, 获取 50 条
2026-04-09 09:19:20 [INFO] openclaw_alpha.backend.quick_news.jobs -   yicai_brief: saved=27, skipped=23
2026-04-09 09:19:20 [INFO] openclaw_alpha.backend.quick_news.jobs - 拉取完成: 4 个源, saved=74, skipped=50
2026-04-09 09:19:20 [INFO] openclaw_alpha.backend.quick_news.jobs - 发现 144 条待分析新闻
2026-04-09 09:19:20 [INFO] openclaw_alpha.backend.quick_news.jobs - 应用 limit=1，处理前 1 条
2026-04-09 09:19:20 [INFO] openclaw_alpha.backend.quick_news.jobs - 处理新闻: 国际金融协会（IIF）报告显示，3月份外国投资者从新兴市场股市和债市撤资703亿美元，创六年最大规模资金外流。 (jin10_jin10:index:20260408220048774800)
2026-04-09 09:19:20 [INFO] openclaw_alpha.backend.quick_news.task_executor - 提交快速分析任务: 国际金融协会（IIF）报告显示，3月份外国投资者从新兴市场股市和债市撤资703亿美元，创六年最大规模资金外流。 (jin10_jin10:index:20260408220048774800)
2026-04-09 09:19:20 [INFO] openclaw_alpha.backend.quick_news.task_executor -   agent_id=main, model=zai/glm-5.1
2026-04-09 09:19:20 [INFO] openclaw_alpha.backend.quick_news.task_executor -   timeout=900s, session_poll_timeout=900s
2026-04-09 09:19:20 [DEBUG] openclaw_alpha.openclaw.cron_utils - cron.add 参数: news-analysis-jin10_jin10:index:20260408220048774800
2026-04-09 09:19:20 [DEBUG] httpcore.connection - connect_tcp.started host='127.0.0.1' port=18789 local_address=None timeout=30.0 socket_options=None
2026-04-09 09:19:21 [DEBUG] httpcore.connection - connect_tcp.complete return_value=<httpcore._backends.anyio.AnyIOStream object at 0x7db089c3aa50>
2026-04-09 09:19:21 [DEBUG] httpcore.http11 - send_request_headers.started request=<Request [b'POST']>
2026-04-09 09:19:21 [DEBUG] httpcore.http11 - send_request_headers.complete
2026-04-09 09:19:21 [DEBUG] httpcore.http11 - send_request_body.started request=<Request [b'POST']>
2026-04-09 09:19:21 [DEBUG] httpcore.http11 - send_request_body.complete
2026-04-09 09:19:21 [DEBUG] httpcore.http11 - receive_response_headers.started request=<Request [b'POST']>
2026-04-09 09:19:23 [DEBUG] httpcore.http11 - receive_response_headers.complete return_value=(b'HTTP/1.1', 200, b'OK', [(b'X-Content-Type-Options', b'nosniff'), (b'Referrer-Policy', b'no-referrer'), (b'Permissions-Policy', b'camera=(), microphone=(), geolocation=()'), (b'Content-Type', b'application/json; charset=utf-8'), (b'Date', b'Thu, 09 Apr 2026 01:19:23 GMT'), (b'Connection', b'keep-alive'), (b'Keep-Alive', b'timeout=5'), (b'Content-Length', b'8211')])
2026-04-09 09:19:23 [INFO] httpx - HTTP Request: POST http://127.0.0.1:18789/tools/invoke "HTTP/1.1 200 OK"
2026-04-09 09:19:23 [DEBUG] httpcore.http11 - receive_response_body.started request=<Request [b'POST']>
2026-04-09 09:19:23 [DEBUG] httpcore.http11 - receive_response_body.complete
2026-04-09 09:19:23 [DEBUG] httpcore.http11 - response_closed.started
2026-04-09 09:19:23 [DEBUG] httpcore.http11 - response_closed.complete
2026-04-09 09:19:23 [INFO] openclaw_alpha.openclaw.cron_utils - 任务创建成功: c5c9bb6a-4851-4d11-8d4d-e02ceeeb1fce
2026-04-09 09:19:23 [INFO] openclaw_alpha.openclaw.cron_utils - 触发任务: c5c9bb6a-4851-4d11-8d4d-e02ceeeb1fce
2026-04-09 09:19:23 [INFO] openclaw_alpha.openclaw.cron_utils - 开始轮询任务完成状态: c5c9bb6a-4851-4d11-8d4d-e02ceeeb1fce（超时 900s）
2026-04-09 09:19:23 [DEBUG] httpcore.http11 - send_request_headers.started request=<Request [b'POST']>
2026-04-09 09:19:23 [DEBUG] httpcore.http11 - send_request_headers.complete
2026-04-09 09:19:23 [DEBUG] httpcore.http11 - send_request_body.started request=<Request [b'POST']>
2026-04-09 09:19:23 [DEBUG] httpcore.http11 - send_request_body.complete
2026-04-09 09:19:23 [DEBUG] httpcore.http11 - receive_response_headers.started request=<Request [b'POST']>
2026-04-09 09:19:24 [DEBUG] httpcore.http11 - receive_response_headers.complete return_value=(b'HTTP/1.1', 200, b'OK', [(b'X-Content-Type-Options', b'nosniff'), (b'Referrer-Policy', b'no-referrer'), (b'Permissions-Policy', b'camera=(), microphone=(), geolocation=()'), (b'Content-Type', b'application/json; charset=utf-8'), (b'Date', b'Thu, 09 Apr 2026 01:19:24 GMT'), (b'Connection', b'keep-alive'), (b'Keep-Alive', b'timeout=5'), (b'Content-Length', b'290')])
2026-04-09 09:19:24 [INFO] httpx - HTTP Request: POST http://127.0.0.1:18789/tools/invoke "HTTP/1.1 200 OK"
2026-04-09 09:19:24 [DEBUG] httpcore.http11 - receive_response_body.started request=<Request [b'POST']>
2026-04-09 09:19:24 [DEBUG] httpcore.http11 - receive_response_body.complete
2026-04-09 09:19:24 [DEBUG] httpcore.http11 - response_closed.started
2026-04-09 09:19:24 [DEBUG] httpcore.http11 - response_closed.complete
2026-04-09 09:19:26 [DEBUG] httpcore.http11 - send_request_headers.started request=<Request [b'POST']>
2026-04-09 09:19:26 [DEBUG] httpcore.http11 - send_request_headers.complete
2026-04-09 09:19:26 [DEBUG] httpcore.http11 - send_request_body.started request=<Request [b'POST']>
2026-04-09 09:19:26 [DEBUG] httpcore.http11 - send_request_body.complete
2026-04-09 09:19:26 [DEBUG] httpcore.http11 - receive_response_headers.started request=<Request [b'POST']>
2026-04-09 09:19:27 [DEBUG] httpcore.http11 - receive_response_headers.complete return_value=(b'HTTP/1.1', 200, b'OK', [(b'X-Content-Type-Options', b'nosniff'), (b'Referrer-Policy', b'no-referrer'), (b'Permissions-Policy', b'camera=(), microphone=(), geolocation=()'), (b'Content-Type', b'application/json; charset=utf-8'), (b'Date', b'Thu, 09 Apr 2026 01:19:27 GMT'), (b'Connection', b'keep-alive'), (b'Keep-Alive', b'timeout=5'), (b'Content-Length', b'275')])
2026-04-09 09:19:27 [INFO] httpx - HTTP Request: POST http://127.0.0.1:18789/tools/invoke "HTTP/1.1 200 OK"
2026-04-09 09:19:27 [DEBUG] httpcore.http11 - receive_response_body.started request=<Request [b'POST']>
2026-04-09 09:19:27 [DEBUG] httpcore.http11 - receive_response_body.complete
2026-04-09 09:19:27 [DEBUG] httpcore.http11 - response_closed.started
2026-04-09 09:19:27 [DEBUG] httpcore.http11 - response_closed.complete
2026-04-09 09:19:37 [DEBUG] httpcore.connection - close.started
2026-04-09 09:19:37 [DEBUG] httpcore.connection - close.complete
2026-04-09 09:19:37 [DEBUG] httpcore.connection - connect_tcp.started host='127.0.0.1' port=18789 local_address=None timeout=10.0 socket_options=None
2026-04-09 09:19:37 [DEBUG] httpcore.connection - connect_tcp.complete return_value=<httpcore._backends.anyio.AnyIOStream object at 0x7db08929a5d0>
2026-04-09 09:19:37 [DEBUG] httpcore.http11 - send_request_headers.started request=<Request [b'POST']>
2026-04-09 09:19:37 [DEBUG] httpcore.http11 - send_request_headers.complete
2026-04-09 09:19:37 [DEBUG] httpcore.http11 - send_request_body.started request=<Request [b'POST']>
2026-04-09 09:19:37 [DEBUG] httpcore.http11 - send_request_body.complete
2026-04-09 09:19:37 [DEBUG] httpcore.http11 - receive_response_headers.started request=<Request [b'POST']>
2026-04-09 09:19:39 [DEBUG] httpcore.http11 - receive_response_headers.complete return_value=(b'HTTP/1.1', 200, b'OK', [(b'X-Content-Type-Options', b'nosniff'), (b'Referrer-Policy', b'no-referrer'), (b'Permissions-Policy', b'camera=(), microphone=(), geolocation=()'), (b'Content-Type', b'application/json; charset=utf-8'), (b'Date', b'Thu, 09 Apr 2026 01:19:39 GMT'), (b'Connection', b'keep-alive'), (b'Keep-Alive', b'timeout=5'), (b'Content-Length', b'275')])
2026-04-09 09:19:39 [INFO] httpx - HTTP Request: POST http://127.0.0.1:18789/tools/invoke "HTTP/1.1 200 OK"
2026-04-09 09:19:39 [DEBUG] httpcore.http11 - receive_response_body.started request=<Request [b'POST']>
2026-04-09 09:19:39 [DEBUG] httpcore.http11 - receive_response_body.complete
2026-04-09 09:19:39 [DEBUG] httpcore.http11 - response_closed.started
2026-04-09 09:19:39 [DEBUG] httpcore.http11 - response_closed.complete
2026-04-09 09:19:49 [DEBUG] httpcore.connection - close.started
2026-04-09 09:19:49 [DEBUG] httpcore.connection - close.complete
2026-04-09 09:19:49 [DEBUG] httpcore.connection - connect_tcp.started host='127.0.0.1' port=18789 local_address=None timeout=10.0 socket_options=None
2026-04-09 09:19:49 [DEBUG] httpcore.connection - connect_tcp.complete return_value=<httpcore._backends.anyio.AnyIOStream object at 0x7db08929b110>
2026-04-09 09:19:49 [DEBUG] httpcore.http11 - send_request_headers.started request=<Request [b'POST']>
2026-04-09 09:19:49 [DEBUG] httpcore.http11 - send_request_headers.complete
2026-04-09 09:19:49 [DEBUG] httpcore.http11 - send_request_body.started request=<Request [b'POST']>
2026-04-09 09:19:49 [DEBUG] httpcore.http11 - send_request_body.complete
2026-04-09 09:19:49 [DEBUG] httpcore.http11 - receive_response_headers.started request=<Request [b'POST']>
2026-04-09 09:19:51 [DEBUG] httpcore.http11 - receive_response_headers.complete return_value=(b'HTTP/1.1', 200, b'OK', [(b'X-Content-Type-Options', b'nosniff'), (b'Referrer-Policy', b'no-referrer'), (b'Permissions-Policy', b'camera=(), microphone=(), geolocation=()'), (b'Content-Type', b'application/json; charset=utf-8'), (b'Date', b'Thu, 09 Apr 2026 01:19:51 GMT'), (b'Connection', b'keep-alive'), (b'Keep-Alive', b'timeout=5'), (b'Content-Length', b'275')])
2026-04-09 09:19:51 [INFO] httpx - HTTP Request: POST http://127.0.0.1:18789/tools/invoke "HTTP/1.1 200 OK"
2026-04-09 09:19:51 [DEBUG] httpcore.http11 - receive_response_body.started request=<Request [b'POST']>
2026-04-09 09:19:51 [DEBUG] httpcore.http11 - receive_response_body.complete
2026-04-09 09:19:51 [DEBUG] httpcore.http11 - response_closed.started
2026-04-09 09:19:51 [DEBUG] httpcore.http11 - response_closed.complete
2026-04-09 09:20:01 [DEBUG] httpcore.connection - close.started
2026-04-09 09:20:01 [DEBUG] httpcore.connection - close.complete
2026-04-09 09:20:01 [DEBUG] httpcore.connection - connect_tcp.started host='127.0.0.1' port=18789 local_address=None timeout=10.0 socket_options=None
2026-04-09 09:20:01 [DEBUG] httpcore.connection - connect_tcp.complete return_value=<httpcore._backends.anyio.AnyIOStream object at 0x7db0892bc180>
2026-04-09 09:20:01 [DEBUG] httpcore.http11 - send_request_headers.started request=<Request [b'POST']>
2026-04-09 09:20:01 [DEBUG] httpcore.http11 - send_request_headers.complete
2026-04-09 09:20:01 [DEBUG] httpcore.http11 - send_request_body.started request=<Request [b'POST']>
2026-04-09 09:20:01 [DEBUG] httpcore.http11 - send_request_body.complete
2026-04-09 09:20:01 [DEBUG] httpcore.http11 - receive_response_headers.started request=<Request [b'POST']>
2026-04-09 09:20:03 [DEBUG] httpcore.http11 - receive_response_headers.complete return_value=(b'HTTP/1.1', 200, b'OK', [(b'X-Content-Type-Options', b'nosniff'), (b'Referrer-Policy', b'no-referrer'), (b'Permissions-Policy', b'camera=(), microphone=(), geolocation=()'), (b'Content-Type', b'application/json; charset=utf-8'), (b'Date', b'Thu, 09 Apr 2026 01:20:03 GMT'), (b'Connection', b'keep-alive'), (b'Keep-Alive', b'timeout=5'), (b'Content-Length', b'275')])
2026-04-09 09:20:03 [INFO] httpx - HTTP Request: POST http://127.0.0.1:18789/tools/invoke "HTTP/1.1 200 OK"
2026-04-09 09:20:03 [DEBUG] httpcore.http11 - receive_response_body.started request=<Request [b'POST']>
2026-04-09 09:20:03 [DEBUG] httpcore.http11 - receive_response_body.complete
2026-04-09 09:20:03 [DEBUG] httpcore.http11 - response_closed.started
2026-04-09 09:20:03 [DEBUG] httpcore.http11 - response_closed.complete
2026-04-09 09:20:13 [DEBUG] httpcore.connection - close.started
2026-04-09 09:20:13 [DEBUG] httpcore.connection - close.complete
2026-04-09 09:20:13 [DEBUG] httpcore.connection - connect_tcp.started host='127.0.0.1' port=18789 local_address=None timeout=10.0 socket_options=None
2026-04-09 09:20:13 [DEBUG] httpcore.connection - connect_tcp.complete return_value=<httpcore._backends.anyio.AnyIOStream object at 0x7db0892bcb00>
2026-04-09 09:20:13 [DEBUG] httpcore.http11 - send_request_headers.started request=<Request [b'POST']>
2026-04-09 09:20:13 [DEBUG] httpcore.http11 - send_request_headers.complete
2026-04-09 09:20:13 [DEBUG] httpcore.http11 - send_request_body.started request=<Request [b'POST']>
2026-04-09 09:20:13 [DEBUG] httpcore.http11 - send_request_body.complete
2026-04-09 09:20:13 [DEBUG] httpcore.http11 - receive_response_headers.started request=<Request [b'POST']>
2026-04-09 09:20:14 [DEBUG] httpcore.http11 - receive_response_headers.complete return_value=(b'HTTP/1.1', 200, b'OK', [(b'X-Content-Type-Options', b'nosniff'), (b'Referrer-Policy', b'no-referrer'), (b'Permissions-Policy', b'camera=(), microphone=(), geolocation=()'), (b'Content-Type', b'application/json; charset=utf-8'), (b'Date', b'Thu, 09 Apr 2026 01:20:14 GMT'), (b'Connection', b'keep-alive'), (b'Keep-Alive', b'timeout=5'), (b'Content-Length', b'275')])
2026-04-09 09:20:14 [INFO] httpx - HTTP Request: POST http://127.0.0.1:18789/tools/invoke "HTTP/1.1 200 OK"
2026-04-09 09:20:14 [DEBUG] httpcore.http11 - receive_response_body.started request=<Request [b'POST']>
2026-04-09 09:20:14 [DEBUG] httpcore.http11 - receive_response_body.complete
2026-04-09 09:20:14 [DEBUG] httpcore.http11 - response_closed.started
2026-04-09 09:20:14 [DEBUG] httpcore.http11 - response_closed.complete
2026-04-09 09:20:24 [DEBUG] httpcore.connection - close.started
2026-04-09 09:20:24 [DEBUG] httpcore.connection - close.complete
2026-04-09 09:20:24 [DEBUG] httpcore.connection - connect_tcp.started host='127.0.0.1' port=18789 local_address=None timeout=10.0 socket_options=None
2026-04-09 09:20:24 [DEBUG] httpcore.connection - connect_tcp.complete return_value=<httpcore._backends.anyio.AnyIOStream object at 0x7db0892896d0>
2026-04-09 09:20:24 [DEBUG] httpcore.http11 - send_request_headers.started request=<Request [b'POST']>
2026-04-09 09:20:24 [DEBUG] httpcore.http11 - send_request_headers.complete
2026-04-09 09:20:24 [DEBUG] httpcore.http11 - send_request_body.started request=<Request [b'POST']>
2026-04-09 09:20:24 [DEBUG] httpcore.http11 - send_request_body.complete
2026-04-09 09:20:24 [DEBUG] httpcore.http11 - receive_response_headers.started request=<Request [b'POST']>
2026-04-09 09:20:26 [DEBUG] httpcore.http11 - receive_response_headers.complete return_value=(b'HTTP/1.1', 200, b'OK', [(b'X-Content-Type-Options', b'nosniff'), (b'Referrer-Policy', b'no-referrer'), (b'Permissions-Policy', b'camera=(), microphone=(), geolocation=()'), (b'Content-Type', b'application/json; charset=utf-8'), (b'Date', b'Thu, 09 Apr 2026 01:20:26 GMT'), (b'Connection', b'keep-alive'), (b'Keep-Alive', b'timeout=5'), (b'Content-Length', b'275')])
2026-04-09 09:20:26 [INFO] httpx - HTTP Request: POST http://127.0.0.1:18789/tools/invoke "HTTP/1.1 200 OK"
2026-04-09 09:20:26 [DEBUG] httpcore.http11 - receive_response_body.started request=<Request [b'POST']>
2026-04-09 09:20:26 [DEBUG] httpcore.http11 - receive_response_body.complete
2026-04-09 09:20:26 [DEBUG] httpcore.http11 - response_closed.started
2026-04-09 09:20:26 [DEBUG] httpcore.http11 - response_closed.complete
2026-04-09 09:20:36 [DEBUG] httpcore.connection - close.started
2026-04-09 09:20:36 [DEBUG] httpcore.connection - close.complete
2026-04-09 09:20:36 [DEBUG] httpcore.connection - connect_tcp.started host='127.0.0.1' port=18789 local_address=None timeout=10.0 socket_options=None
2026-04-09 09:20:36 [DEBUG] httpcore.connection - connect_tcp.complete return_value=<httpcore._backends.anyio.AnyIOStream object at 0x7db08926b240>
2026-04-09 09:20:36 [DEBUG] httpcore.http11 - send_request_headers.started request=<Request [b'POST']>
2026-04-09 09:20:36 [DEBUG] httpcore.http11 - send_request_headers.complete
2026-04-09 09:20:36 [DEBUG] httpcore.http11 - send_request_body.started request=<Request [b'POST']>
2026-04-09 09:20:36 [DEBUG] httpcore.http11 - send_request_body.complete
2026-04-09 09:20:36 [DEBUG] httpcore.http11 - receive_response_headers.started request=<Request [b'POST']>
2026-04-09 09:20:38 [DEBUG] httpcore.http11 - receive_response_headers.complete return_value=(b'HTTP/1.1', 200, b'OK', [(b'X-Content-Type-Options', b'nosniff'), (b'Referrer-Policy', b'no-referrer'), (b'Permissions-Policy', b'camera=(), microphone=(), geolocation=()'), (b'Content-Type', b'application/json; charset=utf-8'), (b'Date', b'Thu, 09 Apr 2026 01:20:38 GMT'), (b'Connection', b'keep-alive'), (b'Keep-Alive', b'timeout=5'), (b'Content-Length', b'275')])
2026-04-09 09:20:38 [INFO] httpx - HTTP Request: POST http://127.0.0.1:18789/tools/invoke "HTTP/1.1 200 OK"
2026-04-09 09:20:38 [DEBUG] httpcore.http11 - receive_response_body.started request=<Request [b'POST']>
2026-04-09 09:20:38 [DEBUG] httpcore.http11 - receive_response_body.complete
2026-04-09 09:20:38 [DEBUG] httpcore.http11 - response_closed.started
2026-04-09 09:20:38 [DEBUG] httpcore.http11 - response_closed.complete
2026-04-09 09:20:48 [DEBUG] httpcore.connection - close.started
2026-04-09 09:20:48 [DEBUG] httpcore.connection - close.complete
2026-04-09 09:20:48 [DEBUG] httpcore.connection - connect_tcp.started host='127.0.0.1' port=18789 local_address=None timeout=10.0 socket_options=None
2026-04-09 09:20:48 [DEBUG] httpcore.connection - connect_tcp.complete return_value=<httpcore._backends.anyio.AnyIOStream object at 0x7db08926bac0>
2026-04-09 09:20:48 [DEBUG] httpcore.http11 - send_request_headers.started request=<Request [b'POST']>
2026-04-09 09:20:48 [DEBUG] httpcore.http11 - send_request_headers.complete
2026-04-09 09:20:48 [DEBUG] httpcore.http11 - send_request_body.started request=<Request [b'POST']>
2026-04-09 09:20:48 [DEBUG] httpcore.http11 - send_request_body.complete
2026-04-09 09:20:48 [DEBUG] httpcore.http11 - receive_response_headers.started request=<Request [b'POST']>
2026-04-09 09:20:49 [DEBUG] httpcore.http11 - receive_response_headers.complete return_value=(b'HTTP/1.1', 200, b'OK', [(b'X-Content-Type-Options', b'nosniff'), (b'Referrer-Policy', b'no-referrer'), (b'Permissions-Policy', b'camera=(), microphone=(), geolocation=()'), (b'Content-Type', b'application/json; charset=utf-8'), (b'Date', b'Thu, 09 Apr 2026 01:20:49 GMT'), (b'Connection', b'keep-alive'), (b'Keep-Alive', b'timeout=5'), (b'Content-Length', b'1809')])
2026-04-09 09:20:49 [INFO] httpx - HTTP Request: POST http://127.0.0.1:18789/tools/invoke "HTTP/1.1 200 OK"
2026-04-09 09:20:49 [DEBUG] httpcore.http11 - receive_response_body.started request=<Request [b'POST']>
2026-04-09 09:20:49 [DEBUG] httpcore.http11 - receive_response_body.complete
2026-04-09 09:20:49 [DEBUG] httpcore.http11 - response_closed.started
2026-04-09 09:20:49 [DEBUG] httpcore.http11 - response_closed.complete
2026-04-09 09:20:49 [INFO] openclaw_alpha.openclaw.cron_utils - 任务完成: ok（耗时 74557ms）
2026-04-09 09:20:49 [INFO] openclaw_alpha.openclaw.cron_utils - 任务运行完成: sessionId=aa703d81-0187-4e4d-9cf0-d913deb31b01
2026-04-09 09:20:49 [DEBUG] httpcore.http11 - send_request_headers.started request=<Request [b'POST']>
2026-04-09 09:20:49 [DEBUG] httpcore.http11 - send_request_headers.complete
2026-04-09 09:20:49 [DEBUG] httpcore.http11 - send_request_body.started request=<Request [b'POST']>
2026-04-09 09:20:49 [DEBUG] httpcore.http11 - send_request_body.complete
2026-04-09 09:20:49 [DEBUG] httpcore.http11 - receive_response_headers.started request=<Request [b'POST']>
2026-04-09 09:20:51 [DEBUG] httpcore.http11 - receive_response_headers.complete return_value=(b'HTTP/1.1', 200, b'OK', [(b'X-Content-Type-Options', b'nosniff'), (b'Referrer-Policy', b'no-referrer'), (b'Permissions-Policy', b'camera=(), microphone=(), geolocation=()'), (b'Content-Type', b'application/json; charset=utf-8'), (b'Date', b'Thu, 09 Apr 2026 01:20:51 GMT'), (b'Connection', b'keep-alive'), (b'Keep-Alive', b'timeout=5'), (b'Content-Length', b'141')])
2026-04-09 09:20:51 [INFO] httpx - HTTP Request: POST http://127.0.0.1:18789/tools/invoke "HTTP/1.1 200 OK"
2026-04-09 09:20:51 [DEBUG] httpcore.http11 - receive_response_body.started request=<Request [b'POST']>
2026-04-09 09:20:51 [DEBUG] httpcore.http11 - receive_response_body.complete
2026-04-09 09:20:51 [DEBUG] httpcore.http11 - response_closed.started
2026-04-09 09:20:51 [DEBUG] httpcore.http11 - response_closed.complete
2026-04-09 09:20:51 [INFO] openclaw_alpha.openclaw.cron_utils - 任务已删除: c5c9bb6a-4851-4d11-8d4d-e02ceeeb1fce
2026-04-09 09:20:51 [INFO] openclaw_alpha.backend.quick_news.task_executor - cron 任务已提交: job_id=c5c9bb6a-4851-4d11-8d4d-e02ceeeb1fce, session_id=aa703d81-0187-4e4d-9cf0-d913deb31b01
2026-04-09 09:20:51 [INFO] openclaw_alpha.backend.quick_news.task_executor - 任务已完成: c5c9bb6a-4851-4d11-8d4d-e02ceeeb1fce, sessionId: aa703d81-0187-4e4d-9cf0-d913deb31b01
2026-04-09 09:20:51 [INFO] openclaw_alpha.backend.quick_news.task_executor - 第 1 次轮询: analysis 字段已写入
2026-04-09 09:20:51 [INFO] openclaw_alpha.backend.quick_news.task_executor - 已读取分析结果并追加 session 字段: jin10_jin10:index:20260408220048774800
2026-04-09 09:20:51 [DEBUG] httpcore.http11 - send_request_headers.started request=<Request [b'POST']>
2026-04-09 09:20:51 [DEBUG] httpcore.http11 - send_request_headers.complete
2026-04-09 09:20:51 [DEBUG] httpcore.http11 - send_request_body.started request=<Request [b'POST']>
2026-04-09 09:20:51 [DEBUG] httpcore.http11 - send_request_body.complete
2026-04-09 09:20:51 [DEBUG] httpcore.http11 - receive_response_headers.started request=<Request [b'POST']>
2026-04-09 09:20:52 [DEBUG] httpcore.http11 - receive_response_headers.complete return_value=(b'HTTP/1.1', 200, b'OK', [(b'X-Content-Type-Options', b'nosniff'), (b'Referrer-Policy', b'no-referrer'), (b'Permissions-Policy', b'camera=(), microphone=(), geolocation=()'), (b'Content-Type', b'application/json; charset=utf-8'), (b'Date', b'Thu, 09 Apr 2026 01:20:52 GMT'), (b'Connection', b'keep-alive'), (b'Keep-Alive', b'timeout=5'), (b'Content-Length', b'457')])
2026-04-09 09:20:52 [INFO] httpx - HTTP Request: POST http://127.0.0.1:18789/tools/invoke "HTTP/1.1 200 OK"
2026-04-09 09:20:52 [DEBUG] httpcore.http11 - receive_response_body.started request=<Request [b'POST']>
2026-04-09 09:20:52 [DEBUG] httpcore.http11 - receive_response_body.complete
2026-04-09 09:20:52 [DEBUG] httpcore.http11 - response_closed.started
2026-04-09 09:20:52 [DEBUG] httpcore.http11 - response_closed.complete
2026-04-09 09:20:52 [INFO] openclaw_alpha.backend.quick_news.task_executor - 已推送到 wecom: Momojie
2026-04-09 09:20:52 [INFO] openclaw_alpha.backend.quick_news.jobs - 分析完成: jin10_jin10:index:20260408220048774800, 值得深度分析: False
2026-04-09 09:20:52 [INFO] openclaw_alpha.backend.quick_news.jobs - 新闻处理完成: 1/1 成功
2026-04-09 09:20:52 [INFO] openclaw_alpha.backend.quick_news.jobs - 准备发送汇总通知: 1 个接收人
2026-04-09 09:20:52 [DEBUG] httpcore.http11 - send_request_headers.started request=<Request [b'POST']>
2026-04-09 09:20:52 [DEBUG] httpcore.http11 - send_request_headers.complete
2026-04-09 09:20:52 [DEBUG] httpcore.http11 - send_request_body.started request=<Request [b'POST']>
2026-04-09 09:20:52 [DEBUG] httpcore.http11 - send_request_body.complete
2026-04-09 09:20:52 [DEBUG] httpcore.http11 - receive_response_headers.started request=<Request [b'POST']>
2026-04-09 09:20:53 [DEBUG] httpcore.http11 - receive_response_headers.complete return_value=(b'HTTP/1.1', 200, b'OK', [(b'X-Content-Type-Options', b'nosniff'), (b'Referrer-Policy', b'no-referrer'), (b'Permissions-Policy', b'camera=(), microphone=(), geolocation=()'), (b'Content-Type', b'application/json; charset=utf-8'), (b'Date', b'Thu, 09 Apr 2026 01:20:53 GMT'), (b'Connection', b'keep-alive'), (b'Keep-Alive', b'timeout=5'), (b'Content-Length', b'457')])
2026-04-09 09:20:53 [INFO] httpx - HTTP Request: POST http://127.0.0.1:18789/tools/invoke "HTTP/1.1 200 OK"
2026-04-09 09:20:53 [DEBUG] httpcore.http11 - receive_response_body.started request=<Request [b'POST']>
2026-04-09 09:20:53 [DEBUG] httpcore.http11 - receive_response_body.complete
2026-04-09 09:20:53 [DEBUG] httpcore.http11 - response_closed.started
2026-04-09 09:20:53 [DEBUG] httpcore.http11 - response_closed.complete
2026-04-09 09:20:53 [INFO] openclaw_alpha.backend.quick_news.jobs - 汇总通知已发送: Momojie
2026-04-09 09:20:53 [INFO] news.trigger - === trigger 完成 ===
2026-04-09 09:43:59 [INFO] news.trigger - === trigger 开始 (limit=1) ===
2026-04-09 09:43:59 [DEBUG] asyncio - Using selector: EpollSelector
2026-04-09 09:43:59 [INFO] openclaw_alpha.backend.quick_news.jobs - 拉取新闻源: cls_telegraph (/cls/telegraph)
2026-04-09 09:43:59 [DEBUG] openclaw_alpha.rsshub.fetcher - 尝试拉取: https://rsshub.liumingye.cn/cls/telegraph
2026-04-09 09:44:01 [DEBUG] openclaw_alpha.rsshub.fetcher - 拉取成功: https://rsshub.liumingye.cn/cls/telegraph, 获取 20 条
2026-04-09 09:44:01 [INFO] openclaw_alpha.backend.quick_news.jobs -   cls_telegraph: saved=17, skipped=3
2026-04-09 09:44:01 [INFO] openclaw_alpha.backend.quick_news.jobs - 拉取新闻源: jin10 (/jin10)
2026-04-09 09:44:01 [DEBUG] openclaw_alpha.rsshub.fetcher - 尝试拉取: https://rsshub.liumingye.cn/jin10
2026-04-09 09:44:02 [DEBUG] openclaw_alpha.rsshub.fetcher - 拉取成功: https://rsshub.liumingye.cn/jin10, 获取 20 条
2026-04-09 09:44:02 [INFO] openclaw_alpha.backend.quick_news.jobs -   jin10: saved=20, skipped=0
2026-04-09 09:44:02 [INFO] openclaw_alpha.backend.quick_news.jobs - 拉取新闻源: wallstreetcn_news (/wallstreetcn/news)
2026-04-09 09:44:02 [DEBUG] openclaw_alpha.rsshub.fetcher - 尝试拉取: https://rsshub.liumingye.cn/wallstreetcn/news
2026-04-09 09:44:04 [DEBUG] openclaw_alpha.rsshub.fetcher - 拉取成功: https://rsshub.liumingye.cn/wallstreetcn/news, 获取 34 条
2026-04-09 09:44:04 [INFO] openclaw_alpha.backend.quick_news.jobs -   wallstreetcn_news: saved=0, skipped=34
2026-04-09 09:44:04 [INFO] openclaw_alpha.backend.quick_news.jobs - 拉取新闻源: yicai_brief (/yicai/brief)
2026-04-09 09:44:04 [DEBUG] openclaw_alpha.rsshub.fetcher - 尝试拉取: https://rsshub.liumingye.cn/yicai/brief
2026-04-09 09:44:07 [DEBUG] openclaw_alpha.rsshub.fetcher - 拉取成功: https://rsshub.liumingye.cn/yicai/brief, 获取 50 条
2026-04-09 09:44:07 [INFO] openclaw_alpha.backend.quick_news.jobs -   yicai_brief: saved=36, skipped=14
2026-04-09 09:44:07 [INFO] openclaw_alpha.backend.quick_news.jobs - 拉取完成: 4 个源, saved=73, skipped=51
2026-04-09 09:44:07 [INFO] openclaw_alpha.backend.quick_news.jobs - 发现 163 条待分析新闻
2026-04-09 09:44:07 [INFO] openclaw_alpha.backend.quick_news.jobs - 应用 limit=1，处理前 1 条
2026-04-09 09:44:07 [INFO] openclaw_alpha.backend.quick_news.jobs - 处理新闻: 伊媒：以色列在违反停火协议的情况下袭击了贝鲁特 (jin10_jin10:index:20260408215556951800)
2026-04-09 09:44:07 [INFO] openclaw_alpha.backend.quick_news.task_executor - 提交快速分析任务: 伊媒：以色列在违反停火协议的情况下袭击了贝鲁特 (jin10_jin10:index:20260408215556951800)
2026-04-09 09:44:07 [INFO] openclaw_alpha.backend.quick_news.task_executor -   agent_id=main, model=zai/glm-5.1
2026-04-09 09:44:07 [INFO] openclaw_alpha.backend.quick_news.task_executor -   timeout=900s, session_poll_timeout=900s
2026-04-09 09:44:07 [DEBUG] openclaw_alpha.openclaw.cron_utils - cron.add 参数: news-analysis-jin10_jin10:index:20260408215556951800
2026-04-09 09:44:07 [DEBUG] httpcore.connection - connect_tcp.started host='127.0.0.1' port=18789 local_address=None timeout=30.0 socket_options=None
2026-04-09 09:44:07 [DEBUG] httpcore.connection - connect_tcp.complete return_value=<httpcore._backends.anyio.AnyIOStream object at 0x718331a3aa50>
2026-04-09 09:44:07 [DEBUG] httpcore.http11 - send_request_headers.started request=<Request [b'POST']>
2026-04-09 09:44:07 [DEBUG] httpcore.http11 - send_request_headers.complete
2026-04-09 09:44:07 [DEBUG] httpcore.http11 - send_request_body.started request=<Request [b'POST']>
2026-04-09 09:44:07 [DEBUG] httpcore.http11 - send_request_body.complete
2026-04-09 09:44:07 [DEBUG] httpcore.http11 - receive_response_headers.started request=<Request [b'POST']>
2026-04-09 09:44:12 [DEBUG] httpcore.http11 - receive_response_headers.complete return_value=(b'HTTP/1.1', 200, b'OK', [(b'X-Content-Type-Options', b'nosniff'), (b'Referrer-Policy', b'no-referrer'), (b'Permissions-Policy', b'camera=(), microphone=(), geolocation=()'), (b'Content-Type', b'application/json; charset=utf-8'), (b'Date', b'Thu, 09 Apr 2026 01:44:12 GMT'), (b'Connection', b'keep-alive'), (b'Keep-Alive', b'timeout=5'), (b'Content-Length', b'8027')])
2026-04-09 09:44:12 [INFO] httpx - HTTP Request: POST http://127.0.0.1:18789/tools/invoke "HTTP/1.1 200 OK"
2026-04-09 09:44:12 [DEBUG] httpcore.http11 - receive_response_body.started request=<Request [b'POST']>
2026-04-09 09:44:12 [DEBUG] httpcore.http11 - receive_response_body.complete
2026-04-09 09:44:12 [DEBUG] httpcore.http11 - response_closed.started
2026-04-09 09:44:12 [DEBUG] httpcore.http11 - response_closed.complete
2026-04-09 09:44:12 [INFO] openclaw_alpha.openclaw.cron_utils - 任务创建成功: 335041bd-ac91-441c-84f2-b84293924f57
2026-04-09 09:44:12 [INFO] openclaw_alpha.openclaw.cron_utils - 触发任务: 335041bd-ac91-441c-84f2-b84293924f57
2026-04-09 09:44:12 [INFO] openclaw_alpha.openclaw.cron_utils - 开始轮询任务完成状态: 335041bd-ac91-441c-84f2-b84293924f57（超时 900s）
2026-04-09 09:44:12 [DEBUG] httpcore.http11 - send_request_headers.started request=<Request [b'POST']>
2026-04-09 09:44:12 [DEBUG] httpcore.http11 - send_request_headers.complete
2026-04-09 09:44:12 [DEBUG] httpcore.http11 - send_request_body.started request=<Request [b'POST']>
2026-04-09 09:44:12 [DEBUG] httpcore.http11 - send_request_body.complete
2026-04-09 09:44:12 [DEBUG] httpcore.http11 - receive_response_headers.started request=<Request [b'POST']>
2026-04-09 09:44:13 [DEBUG] httpcore.http11 - receive_response_headers.complete return_value=(b'HTTP/1.1', 200, b'OK', [(b'X-Content-Type-Options', b'nosniff'), (b'Referrer-Policy', b'no-referrer'), (b'Permissions-Policy', b'camera=(), microphone=(), geolocation=()'), (b'Content-Type', b'application/json; charset=utf-8'), (b'Date', b'Thu, 09 Apr 2026 01:44:13 GMT'), (b'Connection', b'keep-alive'), (b'Keep-Alive', b'timeout=5'), (b'Content-Length', b'290')])
2026-04-09 09:44:13 [INFO] httpx - HTTP Request: POST http://127.0.0.1:18789/tools/invoke "HTTP/1.1 200 OK"
2026-04-09 09:44:13 [DEBUG] httpcore.http11 - receive_response_body.started request=<Request [b'POST']>
2026-04-09 09:44:13 [DEBUG] httpcore.http11 - receive_response_body.complete
2026-04-09 09:44:13 [DEBUG] httpcore.http11 - response_closed.started
2026-04-09 09:44:13 [DEBUG] httpcore.http11 - response_closed.complete
2026-04-09 09:44:15 [DEBUG] httpcore.http11 - send_request_headers.started request=<Request [b'POST']>
2026-04-09 09:44:15 [DEBUG] httpcore.http11 - send_request_headers.complete
2026-04-09 09:44:15 [DEBUG] httpcore.http11 - send_request_body.started request=<Request [b'POST']>
2026-04-09 09:44:15 [DEBUG] httpcore.http11 - send_request_body.complete
2026-04-09 09:44:15 [DEBUG] httpcore.http11 - receive_response_headers.started request=<Request [b'POST']>
2026-04-09 09:44:16 [DEBUG] httpcore.http11 - receive_response_headers.complete return_value=(b'HTTP/1.1', 200, b'OK', [(b'X-Content-Type-Options', b'nosniff'), (b'Referrer-Policy', b'no-referrer'), (b'Permissions-Policy', b'camera=(), microphone=(), geolocation=()'), (b'Content-Type', b'application/json; charset=utf-8'), (b'Date', b'Thu, 09 Apr 2026 01:44:16 GMT'), (b'Connection', b'keep-alive'), (b'Keep-Alive', b'timeout=5'), (b'Content-Length', b'275')])
2026-04-09 09:44:16 [INFO] httpx - HTTP Request: POST http://127.0.0.1:18789/tools/invoke "HTTP/1.1 200 OK"
2026-04-09 09:44:16 [DEBUG] httpcore.http11 - receive_response_body.started request=<Request [b'POST']>
2026-04-09 09:44:16 [DEBUG] httpcore.http11 - receive_response_body.complete
2026-04-09 09:44:16 [DEBUG] httpcore.http11 - response_closed.started
2026-04-09 09:44:16 [DEBUG] httpcore.http11 - response_closed.complete
2026-04-09 09:44:26 [DEBUG] httpcore.connection - close.started
2026-04-09 09:44:26 [DEBUG] httpcore.connection - close.complete
2026-04-09 09:44:26 [DEBUG] httpcore.connection - connect_tcp.started host='127.0.0.1' port=18789 local_address=None timeout=10.0 socket_options=None
2026-04-09 09:44:26 [DEBUG] httpcore.connection - connect_tcp.complete return_value=<httpcore._backends.anyio.AnyIOStream object at 0x7183310965d0>
2026-04-09 09:44:26 [DEBUG] httpcore.http11 - send_request_headers.started request=<Request [b'POST']>
2026-04-09 09:44:26 [DEBUG] httpcore.http11 - send_request_headers.complete
2026-04-09 09:44:26 [DEBUG] httpcore.http11 - send_request_body.started request=<Request [b'POST']>
2026-04-09 09:44:26 [DEBUG] httpcore.http11 - send_request_body.complete
2026-04-09 09:44:26 [DEBUG] httpcore.http11 - receive_response_headers.started request=<Request [b'POST']>
2026-04-09 09:44:28 [DEBUG] httpcore.http11 - receive_response_headers.complete return_value=(b'HTTP/1.1', 200, b'OK', [(b'X-Content-Type-Options', b'nosniff'), (b'Referrer-Policy', b'no-referrer'), (b'Permissions-Policy', b'camera=(), microphone=(), geolocation=()'), (b'Content-Type', b'application/json; charset=utf-8'), (b'Date', b'Thu, 09 Apr 2026 01:44:28 GMT'), (b'Connection', b'keep-alive'), (b'Keep-Alive', b'timeout=5'), (b'Content-Length', b'275')])
2026-04-09 09:44:28 [INFO] httpx - HTTP Request: POST http://127.0.0.1:18789/tools/invoke "HTTP/1.1 200 OK"
2026-04-09 09:44:28 [DEBUG] httpcore.http11 - receive_response_body.started request=<Request [b'POST']>
2026-04-09 09:44:28 [DEBUG] httpcore.http11 - receive_response_body.complete
2026-04-09 09:44:28 [DEBUG] httpcore.http11 - response_closed.started
2026-04-09 09:44:28 [DEBUG] httpcore.http11 - response_closed.complete
2026-04-09 09:44:38 [DEBUG] httpcore.connection - close.started
2026-04-09 09:44:38 [DEBUG] httpcore.connection - close.complete
2026-04-09 09:44:38 [DEBUG] httpcore.connection - connect_tcp.started host='127.0.0.1' port=18789 local_address=None timeout=10.0 socket_options=None
2026-04-09 09:44:38 [DEBUG] httpcore.connection - connect_tcp.complete return_value=<httpcore._backends.anyio.AnyIOStream object at 0x718331097110>
2026-04-09 09:44:38 [DEBUG] httpcore.http11 - send_request_headers.started request=<Request [b'POST']>
2026-04-09 09:44:38 [DEBUG] httpcore.http11 - send_request_headers.complete
2026-04-09 09:44:38 [DEBUG] httpcore.http11 - send_request_body.started request=<Request [b'POST']>
2026-04-09 09:44:38 [DEBUG] httpcore.http11 - send_request_body.complete
2026-04-09 09:44:38 [DEBUG] httpcore.http11 - receive_response_headers.started request=<Request [b'POST']>
2026-04-09 09:44:40 [DEBUG] httpcore.http11 - receive_response_headers.complete return_value=(b'HTTP/1.1', 200, b'OK', [(b'X-Content-Type-Options', b'nosniff'), (b'Referrer-Policy', b'no-referrer'), (b'Permissions-Policy', b'camera=(), microphone=(), geolocation=()'), (b'Content-Type', b'application/json; charset=utf-8'), (b'Date', b'Thu, 09 Apr 2026 01:44:40 GMT'), (b'Connection', b'keep-alive'), (b'Keep-Alive', b'timeout=5'), (b'Content-Length', b'275')])
2026-04-09 09:44:40 [INFO] httpx - HTTP Request: POST http://127.0.0.1:18789/tools/invoke "HTTP/1.1 200 OK"
2026-04-09 09:44:40 [DEBUG] httpcore.http11 - receive_response_body.started request=<Request [b'POST']>
2026-04-09 09:44:40 [DEBUG] httpcore.http11 - receive_response_body.complete
2026-04-09 09:44:40 [DEBUG] httpcore.http11 - response_closed.started
2026-04-09 09:44:40 [DEBUG] httpcore.http11 - response_closed.complete
2026-04-09 09:44:50 [DEBUG] httpcore.connection - close.started
2026-04-09 09:44:50 [DEBUG] httpcore.connection - close.complete
2026-04-09 09:44:50 [DEBUG] httpcore.connection - connect_tcp.started host='127.0.0.1' port=18789 local_address=None timeout=10.0 socket_options=None
2026-04-09 09:44:50 [DEBUG] httpcore.connection - connect_tcp.complete return_value=<httpcore._backends.anyio.AnyIOStream object at 0x7183310bc180>
2026-04-09 09:44:50 [DEBUG] httpcore.http11 - send_request_headers.started request=<Request [b'POST']>
2026-04-09 09:44:50 [DEBUG] httpcore.http11 - send_request_headers.complete
2026-04-09 09:44:50 [DEBUG] httpcore.http11 - send_request_body.started request=<Request [b'POST']>
2026-04-09 09:44:50 [DEBUG] httpcore.http11 - send_request_body.complete
2026-04-09 09:44:50 [DEBUG] httpcore.http11 - receive_response_headers.started request=<Request [b'POST']>
2026-04-09 09:44:51 [DEBUG] httpcore.http11 - receive_response_headers.complete return_value=(b'HTTP/1.1', 200, b'OK', [(b'X-Content-Type-Options', b'nosniff'), (b'Referrer-Policy', b'no-referrer'), (b'Permissions-Policy', b'camera=(), microphone=(), geolocation=()'), (b'Content-Type', b'application/json; charset=utf-8'), (b'Date', b'Thu, 09 Apr 2026 01:44:51 GMT'), (b'Connection', b'keep-alive'), (b'Keep-Alive', b'timeout=5'), (b'Content-Length', b'275')])
2026-04-09 09:44:51 [INFO] httpx - HTTP Request: POST http://127.0.0.1:18789/tools/invoke "HTTP/1.1 200 OK"
2026-04-09 09:44:51 [DEBUG] httpcore.http11 - receive_response_body.started request=<Request [b'POST']>
2026-04-09 09:44:51 [DEBUG] httpcore.http11 - receive_response_body.complete
2026-04-09 09:44:51 [DEBUG] httpcore.http11 - response_closed.started
2026-04-09 09:44:51 [DEBUG] httpcore.http11 - response_closed.complete
2026-04-09 09:45:02 [DEBUG] httpcore.connection - close.started
2026-04-09 09:45:02 [DEBUG] httpcore.connection - close.complete
2026-04-09 09:45:02 [DEBUG] httpcore.connection - connect_tcp.started host='127.0.0.1' port=18789 local_address=None timeout=10.0 socket_options=None
2026-04-09 09:45:02 [DEBUG] httpcore.connection - connect_tcp.complete return_value=<httpcore._backends.anyio.AnyIOStream object at 0x7183310bcb00>
2026-04-09 09:45:02 [DEBUG] httpcore.http11 - send_request_headers.started request=<Request [b'POST']>
2026-04-09 09:45:02 [DEBUG] httpcore.http11 - send_request_headers.complete
2026-04-09 09:45:02 [DEBUG] httpcore.http11 - send_request_body.started request=<Request [b'POST']>
2026-04-09 09:45:02 [DEBUG] httpcore.http11 - send_request_body.complete
2026-04-09 09:45:02 [DEBUG] httpcore.http11 - receive_response_headers.started request=<Request [b'POST']>
2026-04-09 09:45:06 [DEBUG] httpcore.http11 - receive_response_headers.complete return_value=(b'HTTP/1.1', 200, b'OK', [(b'X-Content-Type-Options', b'nosniff'), (b'Referrer-Policy', b'no-referrer'), (b'Permissions-Policy', b'camera=(), microphone=(), geolocation=()'), (b'Content-Type', b'application/json; charset=utf-8'), (b'Date', b'Thu, 09 Apr 2026 01:45:06 GMT'), (b'Connection', b'keep-alive'), (b'Keep-Alive', b'timeout=5'), (b'Content-Length', b'275')])
2026-04-09 09:45:06 [INFO] httpx - HTTP Request: POST http://127.0.0.1:18789/tools/invoke "HTTP/1.1 200 OK"
2026-04-09 09:45:06 [DEBUG] httpcore.http11 - receive_response_body.started request=<Request [b'POST']>
2026-04-09 09:45:06 [DEBUG] httpcore.http11 - receive_response_body.complete
2026-04-09 09:45:06 [DEBUG] httpcore.http11 - response_closed.started
2026-04-09 09:45:06 [DEBUG] httpcore.http11 - response_closed.complete
2026-04-09 09:45:16 [DEBUG] httpcore.connection - close.started
2026-04-09 09:45:16 [DEBUG] httpcore.connection - close.complete
2026-04-09 09:45:16 [DEBUG] httpcore.connection - connect_tcp.started host='127.0.0.1' port=18789 local_address=None timeout=10.0 socket_options=None
2026-04-09 09:45:16 [DEBUG] httpcore.connection - connect_tcp.complete return_value=<httpcore._backends.anyio.AnyIOStream object at 0x71833109d6d0>
2026-04-09 09:45:16 [DEBUG] httpcore.http11 - send_request_headers.started request=<Request [b'POST']>
2026-04-09 09:45:16 [DEBUG] httpcore.http11 - send_request_headers.complete
2026-04-09 09:45:16 [DEBUG] httpcore.http11 - send_request_body.started request=<Request [b'POST']>
2026-04-09 09:45:16 [DEBUG] httpcore.http11 - send_request_body.complete
2026-04-09 09:45:16 [DEBUG] httpcore.http11 - receive_response_headers.started request=<Request [b'POST']>
2026-04-09 09:45:18 [DEBUG] httpcore.http11 - receive_response_headers.complete return_value=(b'HTTP/1.1', 200, b'OK', [(b'X-Content-Type-Options', b'nosniff'), (b'Referrer-Policy', b'no-referrer'), (b'Permissions-Policy', b'camera=(), microphone=(), geolocation=()'), (b'Content-Type', b'application/json; charset=utf-8'), (b'Date', b'Thu, 09 Apr 2026 01:45:18 GMT'), (b'Connection', b'keep-alive'), (b'Keep-Alive', b'timeout=5'), (b'Content-Length', b'275')])
2026-04-09 09:45:18 [INFO] httpx - HTTP Request: POST http://127.0.0.1:18789/tools/invoke "HTTP/1.1 200 OK"
2026-04-09 09:45:18 [DEBUG] httpcore.http11 - receive_response_body.started request=<Request [b'POST']>
2026-04-09 09:45:18 [DEBUG] httpcore.http11 - receive_response_body.complete
2026-04-09 09:45:18 [DEBUG] httpcore.http11 - response_closed.started
2026-04-09 09:45:18 [DEBUG] httpcore.http11 - response_closed.complete
2026-04-09 09:45:28 [DEBUG] httpcore.connection - close.started
2026-04-09 09:45:28 [DEBUG] httpcore.connection - close.complete
2026-04-09 09:45:28 [DEBUG] httpcore.connection - connect_tcp.started host='127.0.0.1' port=18789 local_address=None timeout=10.0 socket_options=None
2026-04-09 09:45:28 [DEBUG] httpcore.connection - connect_tcp.complete return_value=<httpcore._backends.anyio.AnyIOStream object at 0x71833105f240>
2026-04-09 09:45:28 [DEBUG] httpcore.http11 - send_request_headers.started request=<Request [b'POST']>
2026-04-09 09:45:28 [DEBUG] httpcore.http11 - send_request_headers.complete
2026-04-09 09:45:28 [DEBUG] httpcore.http11 - send_request_body.started request=<Request [b'POST']>
2026-04-09 09:45:28 [DEBUG] httpcore.http11 - send_request_body.complete
2026-04-09 09:45:28 [DEBUG] httpcore.http11 - receive_response_headers.started request=<Request [b'POST']>
2026-04-09 09:45:30 [DEBUG] httpcore.http11 - receive_response_headers.complete return_value=(b'HTTP/1.1', 200, b'OK', [(b'X-Content-Type-Options', b'nosniff'), (b'Referrer-Policy', b'no-referrer'), (b'Permissions-Policy', b'camera=(), microphone=(), geolocation=()'), (b'Content-Type', b'application/json; charset=utf-8'), (b'Date', b'Thu, 09 Apr 2026 01:45:30 GMT'), (b'Connection', b'keep-alive'), (b'Keep-Alive', b'timeout=5'), (b'Content-Length', b'275')])
2026-04-09 09:45:30 [INFO] httpx - HTTP Request: POST http://127.0.0.1:18789/tools/invoke "HTTP/1.1 200 OK"
2026-04-09 09:45:30 [DEBUG] httpcore.http11 - receive_response_body.started request=<Request [b'POST']>
2026-04-09 09:45:30 [DEBUG] httpcore.http11 - receive_response_body.complete
2026-04-09 09:45:30 [DEBUG] httpcore.http11 - response_closed.started
2026-04-09 09:45:30 [DEBUG] httpcore.http11 - response_closed.complete
2026-04-09 09:45:40 [DEBUG] httpcore.connection - close.started
2026-04-09 09:45:40 [DEBUG] httpcore.connection - close.complete
2026-04-09 09:45:40 [DEBUG] httpcore.connection - connect_tcp.started host='127.0.0.1' port=18789 local_address=None timeout=10.0 socket_options=None
2026-04-09 09:45:40 [DEBUG] httpcore.connection - connect_tcp.complete return_value=<httpcore._backends.anyio.AnyIOStream object at 0x71833105fac0>
2026-04-09 09:45:40 [DEBUG] httpcore.http11 - send_request_headers.started request=<Request [b'POST']>
2026-04-09 09:45:40 [DEBUG] httpcore.http11 - send_request_headers.complete
2026-04-09 09:45:40 [DEBUG] httpcore.http11 - send_request_body.started request=<Request [b'POST']>
2026-04-09 09:45:40 [DEBUG] httpcore.http11 - send_request_body.complete
2026-04-09 09:45:40 [DEBUG] httpcore.http11 - receive_response_headers.started request=<Request [b'POST']>
2026-04-09 09:45:41 [DEBUG] httpcore.http11 - receive_response_headers.complete return_value=(b'HTTP/1.1', 200, b'OK', [(b'X-Content-Type-Options', b'nosniff'), (b'Referrer-Policy', b'no-referrer'), (b'Permissions-Policy', b'camera=(), microphone=(), geolocation=()'), (b'Content-Type', b'application/json; charset=utf-8'), (b'Date', b'Thu, 09 Apr 2026 01:45:41 GMT'), (b'Connection', b'keep-alive'), (b'Keep-Alive', b'timeout=5'), (b'Content-Length', b'275')])
2026-04-09 09:45:41 [INFO] httpx - HTTP Request: POST http://127.0.0.1:18789/tools/invoke "HTTP/1.1 200 OK"
2026-04-09 09:45:41 [DEBUG] httpcore.http11 - receive_response_body.started request=<Request [b'POST']>
2026-04-09 09:45:41 [DEBUG] httpcore.http11 - receive_response_body.complete
2026-04-09 09:45:41 [DEBUG] httpcore.http11 - response_closed.started
2026-04-09 09:45:41 [DEBUG] httpcore.http11 - response_closed.complete
2026-04-09 09:45:51 [DEBUG] httpcore.connection - close.started
2026-04-09 09:45:51 [DEBUG] httpcore.connection - close.complete
2026-04-09 09:45:51 [DEBUG] httpcore.connection - connect_tcp.started host='127.0.0.1' port=18789 local_address=None timeout=10.0 socket_options=None
2026-04-09 09:45:51 [DEBUG] httpcore.connection - connect_tcp.complete return_value=<httpcore._backends.anyio.AnyIOStream object at 0x71833107b850>
2026-04-09 09:45:51 [DEBUG] httpcore.http11 - send_request_headers.started request=<Request [b'POST']>
2026-04-09 09:45:51 [DEBUG] httpcore.http11 - send_request_headers.complete
2026-04-09 09:45:51 [DEBUG] httpcore.http11 - send_request_body.started request=<Request [b'POST']>
2026-04-09 09:45:51 [DEBUG] httpcore.http11 - send_request_body.complete
2026-04-09 09:45:51 [DEBUG] httpcore.http11 - receive_response_headers.started request=<Request [b'POST']>
2026-04-09 09:45:56 [DEBUG] httpcore.http11 - receive_response_headers.complete return_value=(b'HTTP/1.1', 200, b'OK', [(b'X-Content-Type-Options', b'nosniff'), (b'Referrer-Policy', b'no-referrer'), (b'Permissions-Policy', b'camera=(), microphone=(), geolocation=()'), (b'Content-Type', b'application/json; charset=utf-8'), (b'Date', b'Thu, 09 Apr 2026 01:45:56 GMT'), (b'Connection', b'keep-alive'), (b'Keep-Alive', b'timeout=5'), (b'Content-Length', b'275')])
2026-04-09 09:45:56 [INFO] httpx - HTTP Request: POST http://127.0.0.1:18789/tools/invoke "HTTP/1.1 200 OK"
2026-04-09 09:45:56 [DEBUG] httpcore.http11 - receive_response_body.started request=<Request [b'POST']>
2026-04-09 09:45:56 [DEBUG] httpcore.http11 - receive_response_body.complete
2026-04-09 09:45:56 [DEBUG] httpcore.http11 - response_closed.started
2026-04-09 09:45:56 [DEBUG] httpcore.http11 - response_closed.complete
2026-04-09 09:46:06 [DEBUG] httpcore.connection - close.started
2026-04-09 09:46:06 [DEBUG] httpcore.connection - close.complete
2026-04-09 09:46:06 [DEBUG] httpcore.connection - connect_tcp.started host='127.0.0.1' port=18789 local_address=None timeout=10.0 socket_options=None
2026-04-09 09:46:06 [DEBUG] httpcore.connection - connect_tcp.complete return_value=<httpcore._backends.anyio.AnyIOStream object at 0x71833107b950>
2026-04-09 09:46:06 [DEBUG] httpcore.http11 - send_request_headers.started request=<Request [b'POST']>
2026-04-09 09:46:06 [DEBUG] httpcore.http11 - send_request_headers.complete
2026-04-09 09:46:06 [DEBUG] httpcore.http11 - send_request_body.started request=<Request [b'POST']>
2026-04-09 09:46:06 [DEBUG] httpcore.http11 - send_request_body.complete
2026-04-09 09:46:06 [DEBUG] httpcore.http11 - receive_response_headers.started request=<Request [b'POST']>
2026-04-09 09:46:08 [DEBUG] httpcore.http11 - receive_response_headers.complete return_value=(b'HTTP/1.1', 200, b'OK', [(b'X-Content-Type-Options', b'nosniff'), (b'Referrer-Policy', b'no-referrer'), (b'Permissions-Policy', b'camera=(), microphone=(), geolocation=()'), (b'Content-Type', b'application/json; charset=utf-8'), (b'Date', b'Thu, 09 Apr 2026 01:46:08 GMT'), (b'Connection', b'keep-alive'), (b'Keep-Alive', b'timeout=5'), (b'Content-Length', b'275')])
2026-04-09 09:46:08 [INFO] httpx - HTTP Request: POST http://127.0.0.1:18789/tools/invoke "HTTP/1.1 200 OK"
2026-04-09 09:46:08 [DEBUG] httpcore.http11 - receive_response_body.started request=<Request [b'POST']>
2026-04-09 09:46:08 [DEBUG] httpcore.http11 - receive_response_body.complete
2026-04-09 09:46:08 [DEBUG] httpcore.http11 - response_closed.started
2026-04-09 09:46:08 [DEBUG] httpcore.http11 - response_closed.complete
2026-04-09 09:46:18 [DEBUG] httpcore.connection - close.started
2026-04-09 09:46:18 [DEBUG] httpcore.connection - close.complete
2026-04-09 09:46:18 [DEBUG] httpcore.connection - connect_tcp.started host='127.0.0.1' port=18789 local_address=None timeout=10.0 socket_options=None
2026-04-09 09:46:18 [DEBUG] httpcore.connection - connect_tcp.complete return_value=<httpcore._backends.anyio.AnyIOStream object at 0x7183310c37a0>
2026-04-09 09:46:18 [DEBUG] httpcore.http11 - send_request_headers.started request=<Request [b'POST']>
2026-04-09 09:46:18 [DEBUG] httpcore.http11 - send_request_headers.complete
2026-04-09 09:46:18 [DEBUG] httpcore.http11 - send_request_body.started request=<Request [b'POST']>
2026-04-09 09:46:18 [DEBUG] httpcore.http11 - send_request_body.complete
2026-04-09 09:46:18 [DEBUG] httpcore.http11 - receive_response_headers.started request=<Request [b'POST']>
2026-04-09 09:46:20 [DEBUG] httpcore.http11 - receive_response_headers.complete return_value=(b'HTTP/1.1', 200, b'OK', [(b'X-Content-Type-Options', b'nosniff'), (b'Referrer-Policy', b'no-referrer'), (b'Permissions-Policy', b'camera=(), microphone=(), geolocation=()'), (b'Content-Type', b'application/json; charset=utf-8'), (b'Date', b'Thu, 09 Apr 2026 01:46:20 GMT'), (b'Connection', b'keep-alive'), (b'Keep-Alive', b'timeout=5'), (b'Content-Length', b'275')])
2026-04-09 09:46:20 [INFO] httpx - HTTP Request: POST http://127.0.0.1:18789/tools/invoke "HTTP/1.1 200 OK"
2026-04-09 09:46:20 [DEBUG] httpcore.http11 - receive_response_body.started request=<Request [b'POST']>
2026-04-09 09:46:20 [DEBUG] httpcore.http11 - receive_response_body.complete
2026-04-09 09:46:20 [DEBUG] httpcore.http11 - response_closed.started
2026-04-09 09:46:20 [DEBUG] httpcore.http11 - response_closed.complete
2026-04-09 09:46:30 [DEBUG] httpcore.connection - close.started
2026-04-09 09:46:30 [DEBUG] httpcore.connection - close.complete
2026-04-09 09:46:30 [DEBUG] httpcore.connection - connect_tcp.started host='127.0.0.1' port=18789 local_address=None timeout=10.0 socket_options=None
2026-04-09 09:46:30 [DEBUG] httpcore.connection - connect_tcp.complete return_value=<httpcore._backends.anyio.AnyIOStream object at 0x7183310d05f0>
2026-04-09 09:46:30 [DEBUG] httpcore.http11 - send_request_headers.started request=<Request [b'POST']>
2026-04-09 09:46:30 [DEBUG] httpcore.http11 - send_request_headers.complete
2026-04-09 09:46:30 [DEBUG] httpcore.http11 - send_request_body.started request=<Request [b'POST']>
2026-04-09 09:46:30 [DEBUG] httpcore.http11 - send_request_body.complete
2026-04-09 09:46:30 [DEBUG] httpcore.http11 - receive_response_headers.started request=<Request [b'POST']>
2026-04-09 09:46:33 [DEBUG] httpcore.http11 - receive_response_headers.complete return_value=(b'HTTP/1.1', 200, b'OK', [(b'X-Content-Type-Options', b'nosniff'), (b'Referrer-Policy', b'no-referrer'), (b'Permissions-Policy', b'camera=(), microphone=(), geolocation=()'), (b'Content-Type', b'application/json; charset=utf-8'), (b'Date', b'Thu, 09 Apr 2026 01:46:33 GMT'), (b'Connection', b'keep-alive'), (b'Keep-Alive', b'timeout=5'), (b'Content-Length', b'275')])
2026-04-09 09:46:33 [INFO] httpx - HTTP Request: POST http://127.0.0.1:18789/tools/invoke "HTTP/1.1 200 OK"
2026-04-09 09:46:33 [DEBUG] httpcore.http11 - receive_response_body.started request=<Request [b'POST']>
2026-04-09 09:46:33 [DEBUG] httpcore.http11 - receive_response_body.complete
2026-04-09 09:46:33 [DEBUG] httpcore.http11 - response_closed.started
2026-04-09 09:46:33 [DEBUG] httpcore.http11 - response_closed.complete
2026-04-09 09:46:43 [DEBUG] httpcore.connection - close.started
2026-04-09 09:46:43 [DEBUG] httpcore.connection - close.complete
2026-04-09 09:46:43 [DEBUG] httpcore.connection - connect_tcp.started host='127.0.0.1' port=18789 local_address=None timeout=10.0 socket_options=None
2026-04-09 09:46:43 [DEBUG] httpcore.connection - connect_tcp.complete return_value=<httpcore._backends.anyio.AnyIOStream object at 0x71833108f770>
2026-04-09 09:46:43 [DEBUG] httpcore.http11 - send_request_headers.started request=<Request [b'POST']>
2026-04-09 09:46:43 [DEBUG] httpcore.http11 - send_request_headers.complete
2026-04-09 09:46:43 [DEBUG] httpcore.http11 - send_request_body.started request=<Request [b'POST']>
2026-04-09 09:46:43 [DEBUG] httpcore.http11 - send_request_body.complete
2026-04-09 09:46:43 [DEBUG] httpcore.http11 - receive_response_headers.started request=<Request [b'POST']>
2026-04-09 09:46:45 [DEBUG] httpcore.http11 - receive_response_headers.complete return_value=(b'HTTP/1.1', 200, b'OK', [(b'X-Content-Type-Options', b'nosniff'), (b'Referrer-Policy', b'no-referrer'), (b'Permissions-Policy', b'camera=(), microphone=(), geolocation=()'), (b'Content-Type', b'application/json; charset=utf-8'), (b'Date', b'Thu, 09 Apr 2026 01:46:45 GMT'), (b'Connection', b'keep-alive'), (b'Keep-Alive', b'timeout=5'), (b'Content-Length', b'275')])
2026-04-09 09:46:45 [INFO] httpx - HTTP Request: POST http://127.0.0.1:18789/tools/invoke "HTTP/1.1 200 OK"
2026-04-09 09:46:45 [DEBUG] httpcore.http11 - receive_response_body.started request=<Request [b'POST']>
2026-04-09 09:46:45 [DEBUG] httpcore.http11 - receive_response_body.complete
2026-04-09 09:46:45 [DEBUG] httpcore.http11 - response_closed.started
2026-04-09 09:46:45 [DEBUG] httpcore.http11 - response_closed.complete
2026-04-09 09:46:56 [DEBUG] httpcore.connection - close.started
2026-04-09 09:46:56 [DEBUG] httpcore.connection - close.complete
2026-04-09 09:46:56 [DEBUG] httpcore.connection - connect_tcp.started host='127.0.0.1' port=18789 local_address=None timeout=10.0 socket_options=None
2026-04-09 09:46:56 [DEBUG] httpcore.connection - connect_tcp.complete return_value=<httpcore._backends.anyio.AnyIOStream object at 0x7183310e0130>
2026-04-09 09:46:56 [DEBUG] httpcore.http11 - send_request_headers.started request=<Request [b'POST']>
2026-04-09 09:46:56 [DEBUG] httpcore.http11 - send_request_headers.complete
2026-04-09 09:46:56 [DEBUG] httpcore.http11 - send_request_body.started request=<Request [b'POST']>
2026-04-09 09:46:56 [DEBUG] httpcore.http11 - send_request_body.complete
2026-04-09 09:46:56 [DEBUG] httpcore.http11 - receive_response_headers.started request=<Request [b'POST']>
2026-04-09 09:46:57 [DEBUG] httpcore.http11 - receive_response_headers.complete return_value=(b'HTTP/1.1', 200, b'OK', [(b'X-Content-Type-Options', b'nosniff'), (b'Referrer-Policy', b'no-referrer'), (b'Permissions-Policy', b'camera=(), microphone=(), geolocation=()'), (b'Content-Type', b'application/json; charset=utf-8'), (b'Date', b'Thu, 09 Apr 2026 01:46:57 GMT'), (b'Connection', b'keep-alive'), (b'Keep-Alive', b'timeout=5'), (b'Content-Length', b'275')])
2026-04-09 09:46:57 [INFO] httpx - HTTP Request: POST http://127.0.0.1:18789/tools/invoke "HTTP/1.1 200 OK"
2026-04-09 09:46:57 [DEBUG] httpcore.http11 - receive_response_body.started request=<Request [b'POST']>
2026-04-09 09:46:57 [DEBUG] httpcore.http11 - receive_response_body.complete
2026-04-09 09:46:57 [DEBUG] httpcore.http11 - response_closed.started
2026-04-09 09:46:57 [DEBUG] httpcore.http11 - response_closed.complete
2026-04-09 09:47:07 [DEBUG] httpcore.connection - close.started
2026-04-09 09:47:07 [DEBUG] httpcore.connection - close.complete
2026-04-09 09:47:07 [DEBUG] httpcore.connection - connect_tcp.started host='127.0.0.1' port=18789 local_address=None timeout=10.0 socket_options=None
2026-04-09 09:47:07 [DEBUG] httpcore.connection - connect_tcp.complete return_value=<httpcore._backends.anyio.AnyIOStream object at 0x718331084bb0>
2026-04-09 09:47:07 [DEBUG] httpcore.http11 - send_request_headers.started request=<Request [b'POST']>
2026-04-09 09:47:07 [DEBUG] httpcore.http11 - send_request_headers.complete
2026-04-09 09:47:07 [DEBUG] httpcore.http11 - send_request_body.started request=<Request [b'POST']>
2026-04-09 09:47:07 [DEBUG] httpcore.http11 - send_request_body.complete
2026-04-09 09:47:07 [DEBUG] httpcore.http11 - receive_response_headers.started request=<Request [b'POST']>
2026-04-09 09:47:09 [DEBUG] httpcore.http11 - receive_response_headers.complete return_value=(b'HTTP/1.1', 200, b'OK', [(b'X-Content-Type-Options', b'nosniff'), (b'Referrer-Policy', b'no-referrer'), (b'Permissions-Policy', b'camera=(), microphone=(), geolocation=()'), (b'Content-Type', b'application/json; charset=utf-8'), (b'Date', b'Thu, 09 Apr 2026 01:47:09 GMT'), (b'Connection', b'keep-alive'), (b'Keep-Alive', b'timeout=5'), (b'Content-Length', b'275')])
2026-04-09 09:47:09 [INFO] httpx - HTTP Request: POST http://127.0.0.1:18789/tools/invoke "HTTP/1.1 200 OK"
2026-04-09 09:47:09 [DEBUG] httpcore.http11 - receive_response_body.started request=<Request [b'POST']>
2026-04-09 09:47:09 [DEBUG] httpcore.http11 - receive_response_body.complete
2026-04-09 09:47:09 [DEBUG] httpcore.http11 - response_closed.started
2026-04-09 09:47:09 [DEBUG] httpcore.http11 - response_closed.complete
2026-04-09 09:47:19 [DEBUG] httpcore.connection - close.started
2026-04-09 09:47:19 [DEBUG] httpcore.connection - close.complete
2026-04-09 09:47:19 [DEBUG] httpcore.connection - connect_tcp.started host='127.0.0.1' port=18789 local_address=None timeout=10.0 socket_options=None
2026-04-09 09:47:19 [DEBUG] httpcore.connection - connect_tcp.complete return_value=<httpcore._backends.anyio.AnyIOStream object at 0x7183310e4d10>
2026-04-09 09:47:19 [DEBUG] httpcore.http11 - send_request_headers.started request=<Request [b'POST']>
2026-04-09 09:47:19 [DEBUG] httpcore.http11 - send_request_headers.complete
2026-04-09 09:47:19 [DEBUG] httpcore.http11 - send_request_body.started request=<Request [b'POST']>
2026-04-09 09:47:19 [DEBUG] httpcore.http11 - send_request_body.complete
2026-04-09 09:47:19 [DEBUG] httpcore.http11 - receive_response_headers.started request=<Request [b'POST']>
2026-04-09 09:47:22 [DEBUG] httpcore.http11 - receive_response_headers.complete return_value=(b'HTTP/1.1', 200, b'OK', [(b'X-Content-Type-Options', b'nosniff'), (b'Referrer-Policy', b'no-referrer'), (b'Permissions-Policy', b'camera=(), microphone=(), geolocation=()'), (b'Content-Type', b'application/json; charset=utf-8'), (b'Date', b'Thu, 09 Apr 2026 01:47:22 GMT'), (b'Connection', b'keep-alive'), (b'Keep-Alive', b'timeout=5'), (b'Content-Length', b'275')])
2026-04-09 09:47:22 [INFO] httpx - HTTP Request: POST http://127.0.0.1:18789/tools/invoke "HTTP/1.1 200 OK"
2026-04-09 09:47:22 [DEBUG] httpcore.http11 - receive_response_body.started request=<Request [b'POST']>
2026-04-09 09:47:22 [DEBUG] httpcore.http11 - receive_response_body.complete
2026-04-09 09:47:22 [DEBUG] httpcore.http11 - response_closed.started
2026-04-09 09:47:22 [DEBUG] httpcore.http11 - response_closed.complete
2026-04-09 09:47:32 [DEBUG] httpcore.connection - close.started
2026-04-09 09:47:32 [DEBUG] httpcore.connection - close.complete
2026-04-09 09:47:32 [DEBUG] httpcore.connection - connect_tcp.started host='127.0.0.1' port=18789 local_address=None timeout=10.0 socket_options=None
2026-04-09 09:47:32 [DEBUG] httpcore.connection - connect_tcp.complete return_value=<httpcore._backends.anyio.AnyIOStream object at 0x7183310e53d0>
2026-04-09 09:47:32 [DEBUG] httpcore.http11 - send_request_headers.started request=<Request [b'POST']>
2026-04-09 09:47:32 [DEBUG] httpcore.http11 - send_request_headers.complete
2026-04-09 09:47:32 [DEBUG] httpcore.http11 - send_request_body.started request=<Request [b'POST']>
2026-04-09 09:47:32 [DEBUG] httpcore.http11 - send_request_body.complete
2026-04-09 09:47:32 [DEBUG] httpcore.http11 - receive_response_headers.started request=<Request [b'POST']>
2026-04-09 09:47:34 [DEBUG] httpcore.http11 - receive_response_headers.complete return_value=(b'HTTP/1.1', 200, b'OK', [(b'X-Content-Type-Options', b'nosniff'), (b'Referrer-Policy', b'no-referrer'), (b'Permissions-Policy', b'camera=(), microphone=(), geolocation=()'), (b'Content-Type', b'application/json; charset=utf-8'), (b'Date', b'Thu, 09 Apr 2026 01:47:34 GMT'), (b'Connection', b'keep-alive'), (b'Keep-Alive', b'timeout=5'), (b'Content-Length', b'275')])
2026-04-09 09:47:34 [INFO] httpx - HTTP Request: POST http://127.0.0.1:18789/tools/invoke "HTTP/1.1 200 OK"
2026-04-09 09:47:34 [DEBUG] httpcore.http11 - receive_response_body.started request=<Request [b'POST']>
2026-04-09 09:47:34 [DEBUG] httpcore.http11 - receive_response_body.complete
2026-04-09 09:47:34 [DEBUG] httpcore.http11 - response_closed.started
2026-04-09 09:47:34 [DEBUG] httpcore.http11 - response_closed.complete
2026-04-09 09:47:44 [DEBUG] httpcore.connection - close.started
2026-04-09 09:47:44 [DEBUG] httpcore.connection - close.complete
2026-04-09 09:47:44 [DEBUG] httpcore.connection - connect_tcp.started host='127.0.0.1' port=18789 local_address=None timeout=10.0 socket_options=None
2026-04-09 09:47:44 [DEBUG] httpcore.connection - connect_tcp.complete return_value=<httpcore._backends.anyio.AnyIOStream object at 0x7183319d10d0>
2026-04-09 09:47:44 [DEBUG] httpcore.http11 - send_request_headers.started request=<Request [b'POST']>
2026-04-09 09:47:44 [DEBUG] httpcore.http11 - send_request_headers.complete
2026-04-09 09:47:44 [DEBUG] httpcore.http11 - send_request_body.started request=<Request [b'POST']>
2026-04-09 09:47:44 [DEBUG] httpcore.http11 - send_request_body.complete
2026-04-09 09:47:44 [DEBUG] httpcore.http11 - receive_response_headers.started request=<Request [b'POST']>
2026-04-09 09:47:46 [DEBUG] httpcore.http11 - receive_response_headers.complete return_value=(b'HTTP/1.1', 200, b'OK', [(b'X-Content-Type-Options', b'nosniff'), (b'Referrer-Policy', b'no-referrer'), (b'Permissions-Policy', b'camera=(), microphone=(), geolocation=()'), (b'Content-Type', b'application/json; charset=utf-8'), (b'Date', b'Thu, 09 Apr 2026 01:47:46 GMT'), (b'Connection', b'keep-alive'), (b'Keep-Alive', b'timeout=5'), (b'Content-Length', b'275')])
2026-04-09 09:47:46 [INFO] httpx - HTTP Request: POST http://127.0.0.1:18789/tools/invoke "HTTP/1.1 200 OK"
2026-04-09 09:47:46 [DEBUG] httpcore.http11 - receive_response_body.started request=<Request [b'POST']>
2026-04-09 09:47:46 [DEBUG] httpcore.http11 - receive_response_body.complete
2026-04-09 09:47:46 [DEBUG] httpcore.http11 - response_closed.started
2026-04-09 09:47:46 [DEBUG] httpcore.http11 - response_closed.complete
2026-04-09 09:47:56 [DEBUG] httpcore.connection - close.started
2026-04-09 09:47:56 [DEBUG] httpcore.connection - close.complete
2026-04-09 09:47:56 [DEBUG] httpcore.connection - connect_tcp.started host='127.0.0.1' port=18789 local_address=None timeout=10.0 socket_options=None
2026-04-09 09:47:56 [DEBUG] httpcore.connection - connect_tcp.complete return_value=<httpcore._backends.anyio.AnyIOStream object at 0x718331074520>
2026-04-09 09:47:56 [DEBUG] httpcore.http11 - send_request_headers.started request=<Request [b'POST']>
2026-04-09 09:47:56 [DEBUG] httpcore.http11 - send_request_headers.complete
2026-04-09 09:47:56 [DEBUG] httpcore.http11 - send_request_body.started request=<Request [b'POST']>
2026-04-09 09:47:56 [DEBUG] httpcore.http11 - send_request_body.complete
2026-04-09 09:47:56 [DEBUG] httpcore.http11 - receive_response_headers.started request=<Request [b'POST']>
2026-04-09 09:47:58 [DEBUG] httpcore.http11 - receive_response_headers.complete return_value=(b'HTTP/1.1', 200, b'OK', [(b'X-Content-Type-Options', b'nosniff'), (b'Referrer-Policy', b'no-referrer'), (b'Permissions-Policy', b'camera=(), microphone=(), geolocation=()'), (b'Content-Type', b'application/json; charset=utf-8'), (b'Date', b'Thu, 09 Apr 2026 01:47:58 GMT'), (b'Connection', b'keep-alive'), (b'Keep-Alive', b'timeout=5'), (b'Content-Length', b'275')])
2026-04-09 09:47:58 [INFO] httpx - HTTP Request: POST http://127.0.0.1:18789/tools/invoke "HTTP/1.1 200 OK"
2026-04-09 09:47:58 [DEBUG] httpcore.http11 - receive_response_body.started request=<Request [b'POST']>
2026-04-09 09:47:58 [DEBUG] httpcore.http11 - receive_response_body.complete
2026-04-09 09:47:58 [DEBUG] httpcore.http11 - response_closed.started
2026-04-09 09:47:58 [DEBUG] httpcore.http11 - response_closed.complete
2026-04-09 09:48:08 [DEBUG] httpcore.connection - close.started
2026-04-09 09:48:08 [DEBUG] httpcore.connection - close.complete
2026-04-09 09:48:08 [DEBUG] httpcore.connection - connect_tcp.started host='127.0.0.1' port=18789 local_address=None timeout=10.0 socket_options=None
2026-04-09 09:48:08 [DEBUG] httpcore.connection - connect_tcp.complete return_value=<httpcore._backends.anyio.AnyIOStream object at 0x7183310b3cf0>
2026-04-09 09:48:08 [DEBUG] httpcore.http11 - send_request_headers.started request=<Request [b'POST']>
2026-04-09 09:48:08 [DEBUG] httpcore.http11 - send_request_headers.complete
2026-04-09 09:48:08 [DEBUG] httpcore.http11 - send_request_body.started request=<Request [b'POST']>
2026-04-09 09:48:08 [DEBUG] httpcore.http11 - send_request_body.complete
2026-04-09 09:48:08 [DEBUG] httpcore.http11 - receive_response_headers.started request=<Request [b'POST']>
2026-04-09 09:48:09 [DEBUG] httpcore.http11 - receive_response_headers.complete return_value=(b'HTTP/1.1', 200, b'OK', [(b'X-Content-Type-Options', b'nosniff'), (b'Referrer-Policy', b'no-referrer'), (b'Permissions-Policy', b'camera=(), microphone=(), geolocation=()'), (b'Content-Type', b'application/json; charset=utf-8'), (b'Date', b'Thu, 09 Apr 2026 01:48:09 GMT'), (b'Connection', b'keep-alive'), (b'Keep-Alive', b'timeout=5'), (b'Content-Length', b'275')])
2026-04-09 09:48:09 [INFO] httpx - HTTP Request: POST http://127.0.0.1:18789/tools/invoke "HTTP/1.1 200 OK"
2026-04-09 09:48:09 [DEBUG] httpcore.http11 - receive_response_body.started request=<Request [b'POST']>
2026-04-09 09:48:09 [DEBUG] httpcore.http11 - receive_response_body.complete
2026-04-09 09:48:09 [DEBUG] httpcore.http11 - response_closed.started
2026-04-09 09:48:09 [DEBUG] httpcore.http11 - response_closed.complete
2026-04-09 09:48:19 [DEBUG] httpcore.connection - close.started
2026-04-09 09:48:19 [DEBUG] httpcore.connection - close.complete
2026-04-09 09:48:19 [DEBUG] httpcore.connection - connect_tcp.started host='127.0.0.1' port=18789 local_address=None timeout=10.0 socket_options=None
2026-04-09 09:48:19 [DEBUG] httpcore.connection - connect_tcp.complete return_value=<httpcore._backends.anyio.AnyIOStream object at 0x7183310b3e30>
2026-04-09 09:48:19 [DEBUG] httpcore.http11 - send_request_headers.started request=<Request [b'POST']>
2026-04-09 09:48:19 [DEBUG] httpcore.http11 - send_request_headers.complete
2026-04-09 09:48:19 [DEBUG] httpcore.http11 - send_request_body.started request=<Request [b'POST']>
2026-04-09 09:48:19 [DEBUG] httpcore.http11 - send_request_body.complete
2026-04-09 09:48:19 [DEBUG] httpcore.http11 - receive_response_headers.started request=<Request [b'POST']>
2026-04-09 09:48:23 [DEBUG] httpcore.http11 - receive_response_headers.complete return_value=(b'HTTP/1.1', 200, b'OK', [(b'X-Content-Type-Options', b'nosniff'), (b'Referrer-Policy', b'no-referrer'), (b'Permissions-Policy', b'camera=(), microphone=(), geolocation=()'), (b'Content-Type', b'application/json; charset=utf-8'), (b'Date', b'Thu, 09 Apr 2026 01:48:23 GMT'), (b'Connection', b'keep-alive'), (b'Keep-Alive', b'timeout=5'), (b'Content-Length', b'275')])
2026-04-09 09:48:23 [INFO] httpx - HTTP Request: POST http://127.0.0.1:18789/tools/invoke "HTTP/1.1 200 OK"
2026-04-09 09:48:23 [DEBUG] httpcore.http11 - receive_response_body.started request=<Request [b'POST']>
2026-04-09 09:48:23 [DEBUG] httpcore.http11 - receive_response_body.complete
2026-04-09 09:48:23 [DEBUG] httpcore.http11 - response_closed.started
2026-04-09 09:48:23 [DEBUG] httpcore.http11 - response_closed.complete
2026-04-09 09:48:33 [DEBUG] httpcore.connection - close.started
2026-04-09 09:48:33 [DEBUG] httpcore.connection - close.complete
2026-04-09 09:48:33 [DEBUG] httpcore.connection - connect_tcp.started host='127.0.0.1' port=18789 local_address=None timeout=10.0 socket_options=None
2026-04-09 09:48:33 [DEBUG] httpcore.connection - connect_tcp.complete return_value=<httpcore._backends.anyio.AnyIOStream object at 0x718331a130b0>
2026-04-09 09:48:33 [DEBUG] httpcore.http11 - send_request_headers.started request=<Request [b'POST']>
2026-04-09 09:48:33 [DEBUG] httpcore.http11 - send_request_headers.complete
2026-04-09 09:48:33 [DEBUG] httpcore.http11 - send_request_body.started request=<Request [b'POST']>
2026-04-09 09:48:33 [DEBUG] httpcore.http11 - send_request_body.complete
2026-04-09 09:48:33 [DEBUG] httpcore.http11 - receive_response_headers.started request=<Request [b'POST']>
2026-04-09 09:48:36 [DEBUG] httpcore.http11 - receive_response_headers.complete return_value=(b'HTTP/1.1', 200, b'OK', [(b'X-Content-Type-Options', b'nosniff'), (b'Referrer-Policy', b'no-referrer'), (b'Permissions-Policy', b'camera=(), microphone=(), geolocation=()'), (b'Content-Type', b'application/json; charset=utf-8'), (b'Date', b'Thu, 09 Apr 2026 01:48:36 GMT'), (b'Connection', b'keep-alive'), (b'Keep-Alive', b'timeout=5'), (b'Content-Length', b'275')])
2026-04-09 09:48:36 [INFO] httpx - HTTP Request: POST http://127.0.0.1:18789/tools/invoke "HTTP/1.1 200 OK"
2026-04-09 09:48:36 [DEBUG] httpcore.http11 - receive_response_body.started request=<Request [b'POST']>
2026-04-09 09:48:36 [DEBUG] httpcore.http11 - receive_response_body.complete
2026-04-09 09:48:36 [DEBUG] httpcore.http11 - response_closed.started
2026-04-09 09:48:36 [DEBUG] httpcore.http11 - response_closed.complete
2026-04-09 09:48:46 [DEBUG] httpcore.connection - close.started
2026-04-09 09:48:46 [DEBUG] httpcore.connection - close.complete
2026-04-09 09:48:46 [DEBUG] httpcore.connection - connect_tcp.started host='127.0.0.1' port=18789 local_address=None timeout=10.0 socket_options=None
2026-04-09 09:48:46 [DEBUG] httpcore.connection - connect_tcp.complete return_value=<httpcore._backends.anyio.AnyIOStream object at 0x7183311003d0>
2026-04-09 09:48:46 [DEBUG] httpcore.http11 - send_request_headers.started request=<Request [b'POST']>
2026-04-09 09:48:46 [DEBUG] httpcore.http11 - send_request_headers.complete
2026-04-09 09:48:46 [DEBUG] httpcore.http11 - send_request_body.started request=<Request [b'POST']>
2026-04-09 09:48:46 [DEBUG] httpcore.http11 - send_request_body.complete
2026-04-09 09:48:46 [DEBUG] httpcore.http11 - receive_response_headers.started request=<Request [b'POST']>
2026-04-09 09:48:47 [DEBUG] httpcore.http11 - receive_response_headers.complete return_value=(b'HTTP/1.1', 200, b'OK', [(b'X-Content-Type-Options', b'nosniff'), (b'Referrer-Policy', b'no-referrer'), (b'Permissions-Policy', b'camera=(), microphone=(), geolocation=()'), (b'Content-Type', b'application/json; charset=utf-8'), (b'Date', b'Thu, 09 Apr 2026 01:48:47 GMT'), (b'Connection', b'keep-alive'), (b'Keep-Alive', b'timeout=5'), (b'Content-Length', b'275')])
2026-04-09 09:48:47 [INFO] httpx - HTTP Request: POST http://127.0.0.1:18789/tools/invoke "HTTP/1.1 200 OK"
2026-04-09 09:48:47 [DEBUG] httpcore.http11 - receive_response_body.started request=<Request [b'POST']>
2026-04-09 09:48:47 [DEBUG] httpcore.http11 - receive_response_body.complete
2026-04-09 09:48:47 [DEBUG] httpcore.http11 - response_closed.started
2026-04-09 09:48:47 [DEBUG] httpcore.http11 - response_closed.complete
2026-04-09 09:48:57 [DEBUG] httpcore.connection - close.started
2026-04-09 09:48:57 [DEBUG] httpcore.connection - close.complete
2026-04-09 09:48:57 [DEBUG] httpcore.connection - connect_tcp.started host='127.0.0.1' port=18789 local_address=None timeout=10.0 socket_options=None
2026-04-09 09:48:57 [DEBUG] httpcore.connection - connect_tcp.complete return_value=<httpcore._backends.anyio.AnyIOStream object at 0x7183310bb2d0>
2026-04-09 09:48:57 [DEBUG] httpcore.http11 - send_request_headers.started request=<Request [b'POST']>
2026-04-09 09:48:57 [DEBUG] httpcore.http11 - send_request_headers.complete
2026-04-09 09:48:57 [DEBUG] httpcore.http11 - send_request_body.started request=<Request [b'POST']>
2026-04-09 09:48:57 [DEBUG] httpcore.http11 - send_request_body.complete
2026-04-09 09:48:57 [DEBUG] httpcore.http11 - receive_response_headers.started request=<Request [b'POST']>
2026-04-09 09:48:59 [DEBUG] httpcore.http11 - receive_response_headers.complete return_value=(b'HTTP/1.1', 200, b'OK', [(b'X-Content-Type-Options', b'nosniff'), (b'Referrer-Policy', b'no-referrer'), (b'Permissions-Policy', b'camera=(), microphone=(), geolocation=()'), (b'Content-Type', b'application/json; charset=utf-8'), (b'Date', b'Thu, 09 Apr 2026 01:48:59 GMT'), (b'Connection', b'keep-alive'), (b'Keep-Alive', b'timeout=5'), (b'Content-Length', b'275')])
2026-04-09 09:48:59 [INFO] httpx - HTTP Request: POST http://127.0.0.1:18789/tools/invoke "HTTP/1.1 200 OK"
2026-04-09 09:48:59 [DEBUG] httpcore.http11 - receive_response_body.started request=<Request [b'POST']>
2026-04-09 09:48:59 [DEBUG] httpcore.http11 - receive_response_body.complete
2026-04-09 09:48:59 [DEBUG] httpcore.http11 - response_closed.started
2026-04-09 09:48:59 [DEBUG] httpcore.http11 - response_closed.complete
2026-04-09 09:49:09 [DEBUG] httpcore.connection - close.started
2026-04-09 09:49:09 [DEBUG] httpcore.connection - close.complete
2026-04-09 09:49:09 [DEBUG] httpcore.connection - connect_tcp.started host='127.0.0.1' port=18789 local_address=None timeout=10.0 socket_options=None
2026-04-09 09:49:09 [DEBUG] httpcore.connection - connect_tcp.complete return_value=<httpcore._backends.anyio.AnyIOStream object at 0x718331b17bd0>
2026-04-09 09:49:09 [DEBUG] httpcore.http11 - send_request_headers.started request=<Request [b'POST']>
2026-04-09 09:49:09 [DEBUG] httpcore.http11 - send_request_headers.complete
2026-04-09 09:49:09 [DEBUG] httpcore.http11 - send_request_body.started request=<Request [b'POST']>
2026-04-09 09:49:09 [DEBUG] httpcore.http11 - send_request_body.complete
2026-04-09 09:49:09 [DEBUG] httpcore.http11 - receive_response_headers.started request=<Request [b'POST']>
2026-04-09 09:49:13 [DEBUG] httpcore.http11 - receive_response_headers.complete return_value=(b'HTTP/1.1', 200, b'OK', [(b'X-Content-Type-Options', b'nosniff'), (b'Referrer-Policy', b'no-referrer'), (b'Permissions-Policy', b'camera=(), microphone=(), geolocation=()'), (b'Content-Type', b'application/json; charset=utf-8'), (b'Date', b'Thu, 09 Apr 2026 01:49:13 GMT'), (b'Connection', b'keep-alive'), (b'Keep-Alive', b'timeout=5'), (b'Content-Length', b'275')])
2026-04-09 09:49:13 [INFO] httpx - HTTP Request: POST http://127.0.0.1:18789/tools/invoke "HTTP/1.1 200 OK"
2026-04-09 09:49:13 [DEBUG] httpcore.http11 - receive_response_body.started request=<Request [b'POST']>
2026-04-09 09:49:13 [DEBUG] httpcore.http11 - receive_response_body.complete
2026-04-09 09:49:13 [DEBUG] httpcore.http11 - response_closed.started
2026-04-09 09:49:13 [DEBUG] httpcore.http11 - response_closed.complete
2026-04-09 09:49:23 [DEBUG] httpcore.connection - close.started
2026-04-09 09:49:23 [DEBUG] httpcore.connection - close.complete
2026-04-09 09:49:23 [DEBUG] httpcore.connection - connect_tcp.started host='127.0.0.1' port=18789 local_address=None timeout=10.0 socket_options=None
2026-04-09 09:49:23 [DEBUG] httpcore.connection - connect_tcp.complete return_value=<httpcore._backends.anyio.AnyIOStream object at 0x718331b15f60>
2026-04-09 09:49:23 [DEBUG] httpcore.http11 - send_request_headers.started request=<Request [b'POST']>
2026-04-09 09:49:23 [DEBUG] httpcore.http11 - send_request_headers.complete
2026-04-09 09:49:23 [DEBUG] httpcore.http11 - send_request_body.started request=<Request [b'POST']>
2026-04-09 09:49:23 [DEBUG] httpcore.http11 - send_request_body.complete
2026-04-09 09:49:23 [DEBUG] httpcore.http11 - receive_response_headers.started request=<Request [b'POST']>
2026-04-09 09:49:25 [DEBUG] httpcore.http11 - receive_response_headers.complete return_value=(b'HTTP/1.1', 200, b'OK', [(b'X-Content-Type-Options', b'nosniff'), (b'Referrer-Policy', b'no-referrer'), (b'Permissions-Policy', b'camera=(), microphone=(), geolocation=()'), (b'Content-Type', b'application/json; charset=utf-8'), (b'Date', b'Thu, 09 Apr 2026 01:49:25 GMT'), (b'Connection', b'keep-alive'), (b'Keep-Alive', b'timeout=5'), (b'Content-Length', b'275')])
2026-04-09 09:49:25 [INFO] httpx - HTTP Request: POST http://127.0.0.1:18789/tools/invoke "HTTP/1.1 200 OK"
2026-04-09 09:49:25 [DEBUG] httpcore.http11 - receive_response_body.started request=<Request [b'POST']>
2026-04-09 09:49:25 [DEBUG] httpcore.http11 - receive_response_body.complete
2026-04-09 09:49:25 [DEBUG] httpcore.http11 - response_closed.started
2026-04-09 09:49:25 [DEBUG] httpcore.http11 - response_closed.complete
2026-04-09 09:49:35 [DEBUG] httpcore.connection - close.started
2026-04-09 09:49:35 [DEBUG] httpcore.connection - close.complete
2026-04-09 09:49:35 [DEBUG] httpcore.connection - connect_tcp.started host='127.0.0.1' port=18789 local_address=None timeout=10.0 socket_options=None
2026-04-09 09:49:35 [DEBUG] httpcore.connection - connect_tcp.complete return_value=<httpcore._backends.anyio.AnyIOStream object at 0x7183319c1cd0>
2026-04-09 09:49:35 [DEBUG] httpcore.http11 - send_request_headers.started request=<Request [b'POST']>
2026-04-09 09:49:35 [DEBUG] httpcore.http11 - send_request_headers.complete
2026-04-09 09:49:35 [DEBUG] httpcore.http11 - send_request_body.started request=<Request [b'POST']>
2026-04-09 09:49:35 [DEBUG] httpcore.http11 - send_request_body.complete
2026-04-09 09:49:35 [DEBUG] httpcore.http11 - receive_response_headers.started request=<Request [b'POST']>
2026-04-09 09:49:37 [DEBUG] httpcore.http11 - receive_response_headers.complete return_value=(b'HTTP/1.1', 200, b'OK', [(b'X-Content-Type-Options', b'nosniff'), (b'Referrer-Policy', b'no-referrer'), (b'Permissions-Policy', b'camera=(), microphone=(), geolocation=()'), (b'Content-Type', b'application/json; charset=utf-8'), (b'Date', b'Thu, 09 Apr 2026 01:49:37 GMT'), (b'Connection', b'keep-alive'), (b'Keep-Alive', b'timeout=5'), (b'Content-Length', b'275')])
2026-04-09 09:49:37 [INFO] httpx - HTTP Request: POST http://127.0.0.1:18789/tools/invoke "HTTP/1.1 200 OK"
2026-04-09 09:49:37 [DEBUG] httpcore.http11 - receive_response_body.started request=<Request [b'POST']>
2026-04-09 09:49:37 [DEBUG] httpcore.http11 - receive_response_body.complete
2026-04-09 09:49:37 [DEBUG] httpcore.http11 - response_closed.started
2026-04-09 09:49:37 [DEBUG] httpcore.http11 - response_closed.complete
2026-04-09 09:49:47 [DEBUG] httpcore.connection - close.started
2026-04-09 09:49:47 [DEBUG] httpcore.connection - close.complete
2026-04-09 09:49:47 [DEBUG] httpcore.connection - connect_tcp.started host='127.0.0.1' port=18789 local_address=None timeout=10.0 socket_options=None
2026-04-09 09:49:47 [DEBUG] httpcore.connection - connect_tcp.complete return_value=<httpcore._backends.anyio.AnyIOStream object at 0x71833199bef0>
2026-04-09 09:49:47 [DEBUG] httpcore.http11 - send_request_headers.started request=<Request [b'POST']>
2026-04-09 09:49:47 [DEBUG] httpcore.http11 - send_request_headers.complete
2026-04-09 09:49:47 [DEBUG] httpcore.http11 - send_request_body.started request=<Request [b'POST']>
2026-04-09 09:49:47 [DEBUG] httpcore.http11 - send_request_body.complete
2026-04-09 09:49:47 [DEBUG] httpcore.http11 - receive_response_headers.started request=<Request [b'POST']>
2026-04-09 09:49:48 [DEBUG] httpcore.http11 - receive_response_headers.complete return_value=(b'HTTP/1.1', 200, b'OK', [(b'X-Content-Type-Options', b'nosniff'), (b'Referrer-Policy', b'no-referrer'), (b'Permissions-Policy', b'camera=(), microphone=(), geolocation=()'), (b'Content-Type', b'application/json; charset=utf-8'), (b'Date', b'Thu, 09 Apr 2026 01:49:48 GMT'), (b'Connection', b'keep-alive'), (b'Keep-Alive', b'timeout=5'), (b'Content-Length', b'2494')])
2026-04-09 09:49:48 [INFO] httpx - HTTP Request: POST http://127.0.0.1:18789/tools/invoke "HTTP/1.1 200 OK"
2026-04-09 09:49:48 [DEBUG] httpcore.http11 - receive_response_body.started request=<Request [b'POST']>
2026-04-09 09:49:48 [DEBUG] httpcore.http11 - receive_response_body.complete
2026-04-09 09:49:48 [DEBUG] httpcore.http11 - response_closed.started
2026-04-09 09:49:48 [DEBUG] httpcore.http11 - response_closed.complete
2026-04-09 09:49:48 [INFO] openclaw_alpha.openclaw.cron_utils - 任务完成: ok（耗时 324307ms）
2026-04-09 09:49:48 [INFO] openclaw_alpha.openclaw.cron_utils - 任务运行完成: sessionId=8d1b73d9-cbdb-47c1-812f-9efd9d17ccce
2026-04-09 09:49:48 [DEBUG] httpcore.http11 - send_request_headers.started request=<Request [b'POST']>
2026-04-09 09:49:48 [DEBUG] httpcore.http11 - send_request_headers.complete
2026-04-09 09:49:48 [DEBUG] httpcore.http11 - send_request_body.started request=<Request [b'POST']>
2026-04-09 09:49:48 [DEBUG] httpcore.http11 - send_request_body.complete
2026-04-09 09:49:48 [DEBUG] httpcore.http11 - receive_response_headers.started request=<Request [b'POST']>
2026-04-09 09:49:50 [DEBUG] httpcore.http11 - receive_response_headers.complete return_value=(b'HTTP/1.1', 200, b'OK', [(b'X-Content-Type-Options', b'nosniff'), (b'Referrer-Policy', b'no-referrer'), (b'Permissions-Policy', b'camera=(), microphone=(), geolocation=()'), (b'Content-Type', b'application/json; charset=utf-8'), (b'Date', b'Thu, 09 Apr 2026 01:49:50 GMT'), (b'Connection', b'keep-alive'), (b'Keep-Alive', b'timeout=5'), (b'Content-Length', b'141')])
2026-04-09 09:49:50 [INFO] httpx - HTTP Request: POST http://127.0.0.1:18789/tools/invoke "HTTP/1.1 200 OK"
2026-04-09 09:49:50 [DEBUG] httpcore.http11 - receive_response_body.started request=<Request [b'POST']>
2026-04-09 09:49:50 [DEBUG] httpcore.http11 - receive_response_body.complete
2026-04-09 09:49:50 [DEBUG] httpcore.http11 - response_closed.started
2026-04-09 09:49:50 [DEBUG] httpcore.http11 - response_closed.complete
2026-04-09 09:49:50 [INFO] openclaw_alpha.openclaw.cron_utils - 任务已删除: 335041bd-ac91-441c-84f2-b84293924f57
2026-04-09 09:49:50 [INFO] openclaw_alpha.backend.quick_news.task_executor - cron 任务已提交: job_id=335041bd-ac91-441c-84f2-b84293924f57, session_id=8d1b73d9-cbdb-47c1-812f-9efd9d17ccce
2026-04-09 09:49:50 [INFO] openclaw_alpha.backend.quick_news.task_executor - 任务已完成: 335041bd-ac91-441c-84f2-b84293924f57, sessionId: 8d1b73d9-cbdb-47c1-812f-9efd9d17ccce
2026-04-09 10:05:18 [INFO] news.trigger - === trigger 开始 (limit=1) ===
2026-04-09 10:05:18 [DEBUG] asyncio - Using selector: EpollSelector
2026-04-09 10:05:18 [INFO] openclaw_alpha.backend.quick_news.jobs - 拉取新闻源: cls_telegraph (/cls/telegraph)
2026-04-09 10:05:18 [DEBUG] openclaw_alpha.rsshub.fetcher - 尝试拉取: https://rsshub.liumingye.cn/cls/telegraph
2026-04-09 10:05:32 [DEBUG] openclaw_alpha.rsshub.fetcher - 拉取成功: https://rsshub.liumingye.cn/cls/telegraph, 获取 20 条
2026-04-09 10:05:32 [INFO] openclaw_alpha.backend.quick_news.jobs -   cls_telegraph: saved=16, skipped=4
2026-04-09 10:05:32 [INFO] openclaw_alpha.backend.quick_news.jobs - 拉取新闻源: jin10 (/jin10)
2026-04-09 10:05:32 [DEBUG] openclaw_alpha.rsshub.fetcher - 尝试拉取: https://rsshub.liumingye.cn/jin10
2026-04-09 10:05:33 [DEBUG] openclaw_alpha.rsshub.fetcher - 拉取成功: https://rsshub.liumingye.cn/jin10, 获取 20 条
2026-04-09 10:05:33 [INFO] openclaw_alpha.backend.quick_news.jobs -   jin10: saved=20, skipped=0
2026-04-09 10:05:33 [INFO] openclaw_alpha.backend.quick_news.jobs - 拉取新闻源: wallstreetcn_news (/wallstreetcn/news)
2026-04-09 10:05:33 [DEBUG] openclaw_alpha.rsshub.fetcher - 尝试拉取: https://rsshub.liumingye.cn/wallstreetcn/news
2026-04-09 10:05:38 [DEBUG] openclaw_alpha.rsshub.fetcher - 拉取成功: https://rsshub.liumingye.cn/wallstreetcn/news, 获取 29 条
2026-04-09 10:05:38 [INFO] openclaw_alpha.backend.quick_news.jobs -   wallstreetcn_news: saved=3, skipped=26
2026-04-09 10:05:38 [INFO] openclaw_alpha.backend.quick_news.jobs - 拉取新闻源: yicai_brief (/yicai/brief)
2026-04-09 10:05:38 [DEBUG] openclaw_alpha.rsshub.fetcher - 尝试拉取: https://rsshub.liumingye.cn/yicai/brief
2026-04-09 10:05:42 [DEBUG] openclaw_alpha.rsshub.fetcher - 拉取成功: https://rsshub.liumingye.cn/yicai/brief, 获取 50 条
2026-04-09 10:05:42 [INFO] openclaw_alpha.backend.quick_news.jobs -   yicai_brief: saved=17, skipped=33
2026-04-09 10:05:42 [INFO] openclaw_alpha.backend.quick_news.jobs - 拉取完成: 4 个源, saved=56, skipped=63
2026-04-09 10:05:42 [INFO] openclaw_alpha.backend.quick_news.jobs - 发现 185 条待分析新闻
2026-04-09 10:05:42 [INFO] openclaw_alpha.backend.quick_news.jobs - 应用 limit=1，处理前 1 条
2026-04-09 10:05:42 [INFO] openclaw_alpha.backend.quick_news.jobs - 处理新闻: 俄罗斯表示解决伊朗冲突仍需“严肃谈判” (jin10_jin10:index:20260408220112858800)
2026-04-09 10:05:42 [INFO] openclaw_alpha.backend.quick_news.task_executor - 提交快速分析任务: 俄罗斯表示解决伊朗冲突仍需“严肃谈判” (jin10_jin10:index:20260408220112858800)
2026-04-09 10:05:42 [INFO] openclaw_alpha.backend.quick_news.task_executor -   agent_id=main, model=zai/glm-5.1
2026-04-09 10:05:42 [INFO] openclaw_alpha.backend.quick_news.task_executor -   timeout=900s, session_poll_timeout=900s
2026-04-09 10:05:42 [DEBUG] openclaw_alpha.openclaw.cron_utils - cron.add 参数: news-analysis-jin10_jin10:index:20260408220112858800
2026-04-09 10:05:42 [DEBUG] httpcore.connection - connect_tcp.started host='127.0.0.1' port=18789 local_address=None timeout=30.0 socket_options=None
2026-04-09 10:05:42 [DEBUG] httpcore.connection - connect_tcp.complete return_value=<httpcore._backends.anyio.AnyIOStream object at 0x76626954a900>
2026-04-09 10:05:42 [DEBUG] httpcore.http11 - send_request_headers.started request=<Request [b'POST']>
2026-04-09 10:05:42 [DEBUG] httpcore.http11 - send_request_headers.complete
2026-04-09 10:05:42 [DEBUG] httpcore.http11 - send_request_body.started request=<Request [b'POST']>
2026-04-09 10:05:42 [DEBUG] httpcore.http11 - send_request_body.complete
2026-04-09 10:05:42 [DEBUG] httpcore.http11 - receive_response_headers.started request=<Request [b'POST']>
2026-04-09 10:05:44 [DEBUG] httpcore.http11 - receive_response_headers.complete return_value=(b'HTTP/1.1', 200, b'OK', [(b'X-Content-Type-Options', b'nosniff'), (b'Referrer-Policy', b'no-referrer'), (b'Permissions-Policy', b'camera=(), microphone=(), geolocation=()'), (b'Content-Type', b'application/json; charset=utf-8'), (b'Date', b'Thu, 09 Apr 2026 02:05:44 GMT'), (b'Connection', b'keep-alive'), (b'Keep-Alive', b'timeout=5'), (b'Content-Length', b'8203')])
2026-04-09 10:05:44 [INFO] httpx - HTTP Request: POST http://127.0.0.1:18789/tools/invoke "HTTP/1.1 200 OK"
2026-04-09 10:05:44 [DEBUG] httpcore.http11 - receive_response_body.started request=<Request [b'POST']>
2026-04-09 10:05:44 [DEBUG] httpcore.http11 - receive_response_body.complete
2026-04-09 10:05:44 [DEBUG] httpcore.http11 - response_closed.started
2026-04-09 10:05:44 [DEBUG] httpcore.http11 - response_closed.complete
2026-04-09 10:05:44 [INFO] openclaw_alpha.openclaw.cron_utils - 任务创建成功: 4b73a358-3f92-4763-8cca-b994a19c90bc
2026-04-09 10:05:44 [INFO] openclaw_alpha.openclaw.cron_utils - 触发任务: 4b73a358-3f92-4763-8cca-b994a19c90bc
2026-04-09 10:05:44 [INFO] openclaw_alpha.openclaw.cron_utils - 开始轮询任务完成状态: 4b73a358-3f92-4763-8cca-b994a19c90bc（超时 900s）
2026-04-09 10:05:44 [DEBUG] httpcore.http11 - send_request_headers.started request=<Request [b'POST']>
2026-04-09 10:05:44 [DEBUG] httpcore.http11 - send_request_headers.complete
2026-04-09 10:05:44 [DEBUG] httpcore.http11 - send_request_body.started request=<Request [b'POST']>
2026-04-09 10:05:44 [DEBUG] httpcore.http11 - send_request_body.complete
2026-04-09 10:05:44 [DEBUG] httpcore.http11 - receive_response_headers.started request=<Request [b'POST']>
2026-04-09 10:05:46 [DEBUG] httpcore.http11 - receive_response_headers.complete return_value=(b'HTTP/1.1', 200, b'OK', [(b'X-Content-Type-Options', b'nosniff'), (b'Referrer-Policy', b'no-referrer'), (b'Permissions-Policy', b'camera=(), microphone=(), geolocation=()'), (b'Content-Type', b'application/json; charset=utf-8'), (b'Date', b'Thu, 09 Apr 2026 02:05:46 GMT'), (b'Connection', b'keep-alive'), (b'Keep-Alive', b'timeout=5'), (b'Content-Length', b'290')])
2026-04-09 10:05:46 [INFO] httpx - HTTP Request: POST http://127.0.0.1:18789/tools/invoke "HTTP/1.1 200 OK"
2026-04-09 10:05:46 [DEBUG] httpcore.http11 - receive_response_body.started request=<Request [b'POST']>
2026-04-09 10:05:46 [DEBUG] httpcore.http11 - receive_response_body.complete
2026-04-09 10:05:46 [DEBUG] httpcore.http11 - response_closed.started
2026-04-09 10:05:46 [DEBUG] httpcore.http11 - response_closed.complete
2026-04-09 10:05:47 [DEBUG] httpcore.http11 - send_request_headers.started request=<Request [b'POST']>
2026-04-09 10:05:47 [DEBUG] httpcore.http11 - send_request_headers.complete
2026-04-09 10:05:47 [DEBUG] httpcore.http11 - send_request_body.started request=<Request [b'POST']>
2026-04-09 10:05:47 [DEBUG] httpcore.http11 - send_request_body.complete
2026-04-09 10:05:47 [DEBUG] httpcore.http11 - receive_response_headers.started request=<Request [b'POST']>
2026-04-09 10:05:49 [DEBUG] httpcore.http11 - receive_response_headers.complete return_value=(b'HTTP/1.1', 200, b'OK', [(b'X-Content-Type-Options', b'nosniff'), (b'Referrer-Policy', b'no-referrer'), (b'Permissions-Policy', b'camera=(), microphone=(), geolocation=()'), (b'Content-Type', b'application/json; charset=utf-8'), (b'Date', b'Thu, 09 Apr 2026 02:05:49 GMT'), (b'Connection', b'keep-alive'), (b'Keep-Alive', b'timeout=5'), (b'Content-Length', b'275')])
2026-04-09 10:05:49 [INFO] httpx - HTTP Request: POST http://127.0.0.1:18789/tools/invoke "HTTP/1.1 200 OK"
2026-04-09 10:05:49 [DEBUG] httpcore.http11 - receive_response_body.started request=<Request [b'POST']>
2026-04-09 10:05:49 [DEBUG] httpcore.http11 - receive_response_body.complete
2026-04-09 10:05:49 [DEBUG] httpcore.http11 - response_closed.started
2026-04-09 10:05:49 [DEBUG] httpcore.http11 - response_closed.complete
2026-04-09 10:05:49 [INFO] openclaw_alpha.openclaw.cron_utils - 轮询 HTTP 调用: job_id=4b73a358-3f92-4763-8cca-b994a19c90bc, poll_count=1, poll_elapsed=1.61s
2026-04-09 10:05:49 [INFO] openclaw_alpha.openclaw.cron_utils - 轮询响应: ok=True, entries_count=0
2026-04-09 10:05:59 [DEBUG] httpcore.connection - close.started
2026-04-09 10:05:59 [DEBUG] httpcore.connection - close.complete
2026-04-09 10:05:59 [DEBUG] httpcore.connection - connect_tcp.started host='127.0.0.1' port=18789 local_address=None timeout=10.0 socket_options=None
2026-04-09 10:05:59 [DEBUG] httpcore.connection - connect_tcp.complete return_value=<httpcore._backends.anyio.AnyIOStream object at 0x766268bae5d0>
2026-04-09 10:05:59 [DEBUG] httpcore.http11 - send_request_headers.started request=<Request [b'POST']>
2026-04-09 10:05:59 [DEBUG] httpcore.http11 - send_request_headers.complete
2026-04-09 10:05:59 [DEBUG] httpcore.http11 - send_request_body.started request=<Request [b'POST']>
2026-04-09 10:05:59 [DEBUG] httpcore.http11 - send_request_body.complete
2026-04-09 10:05:59 [DEBUG] httpcore.http11 - receive_response_headers.started request=<Request [b'POST']>
2026-04-09 10:06:01 [DEBUG] httpcore.http11 - receive_response_headers.complete return_value=(b'HTTP/1.1', 200, b'OK', [(b'X-Content-Type-Options', b'nosniff'), (b'Referrer-Policy', b'no-referrer'), (b'Permissions-Policy', b'camera=(), microphone=(), geolocation=()'), (b'Content-Type', b'application/json; charset=utf-8'), (b'Date', b'Thu, 09 Apr 2026 02:06:01 GMT'), (b'Connection', b'keep-alive'), (b'Keep-Alive', b'timeout=5'), (b'Content-Length', b'275')])
2026-04-09 10:06:01 [INFO] httpx - HTTP Request: POST http://127.0.0.1:18789/tools/invoke "HTTP/1.1 200 OK"
2026-04-09 10:06:01 [DEBUG] httpcore.http11 - receive_response_body.started request=<Request [b'POST']>
2026-04-09 10:06:01 [DEBUG] httpcore.http11 - receive_response_body.complete
2026-04-09 10:06:01 [DEBUG] httpcore.http11 - response_closed.started
2026-04-09 10:06:01 [DEBUG] httpcore.http11 - response_closed.complete
2026-04-09 10:06:01 [INFO] openclaw_alpha.openclaw.cron_utils - 轮询 HTTP 调用: job_id=4b73a358-3f92-4763-8cca-b994a19c90bc, poll_count=2, poll_elapsed=2.19s
2026-04-09 10:06:01 [INFO] openclaw_alpha.openclaw.cron_utils - 轮询响应: ok=True, entries_count=0
2026-04-09 10:06:11 [DEBUG] httpcore.connection - close.started
2026-04-09 10:06:11 [DEBUG] httpcore.connection - close.complete
2026-04-09 10:06:11 [DEBUG] httpcore.connection - connect_tcp.started host='127.0.0.1' port=18789 local_address=None timeout=10.0 socket_options=None
2026-04-09 10:06:11 [DEBUG] httpcore.connection - connect_tcp.complete return_value=<httpcore._backends.anyio.AnyIOStream object at 0x766268baf110>
2026-04-09 10:06:11 [DEBUG] httpcore.http11 - send_request_headers.started request=<Request [b'POST']>
2026-04-09 10:06:11 [DEBUG] httpcore.http11 - send_request_headers.complete
2026-04-09 10:06:11 [DEBUG] httpcore.http11 - send_request_body.started request=<Request [b'POST']>
2026-04-09 10:06:11 [DEBUG] httpcore.http11 - send_request_body.complete
2026-04-09 10:06:11 [DEBUG] httpcore.http11 - receive_response_headers.started request=<Request [b'POST']>
2026-04-09 10:06:12 [DEBUG] httpcore.http11 - receive_response_headers.complete return_value=(b'HTTP/1.1', 200, b'OK', [(b'X-Content-Type-Options', b'nosniff'), (b'Referrer-Policy', b'no-referrer'), (b'Permissions-Policy', b'camera=(), microphone=(), geolocation=()'), (b'Content-Type', b'application/json; charset=utf-8'), (b'Date', b'Thu, 09 Apr 2026 02:06:12 GMT'), (b'Connection', b'keep-alive'), (b'Keep-Alive', b'timeout=5'), (b'Content-Length', b'275')])
2026-04-09 10:06:12 [INFO] httpx - HTTP Request: POST http://127.0.0.1:18789/tools/invoke "HTTP/1.1 200 OK"
2026-04-09 10:06:12 [DEBUG] httpcore.http11 - receive_response_body.started request=<Request [b'POST']>
2026-04-09 10:06:12 [DEBUG] httpcore.http11 - receive_response_body.complete
2026-04-09 10:06:12 [DEBUG] httpcore.http11 - response_closed.started
2026-04-09 10:06:12 [DEBUG] httpcore.http11 - response_closed.complete
2026-04-09 10:06:12 [INFO] openclaw_alpha.openclaw.cron_utils - 轮询 HTTP 调用: job_id=4b73a358-3f92-4763-8cca-b994a19c90bc, poll_count=3, poll_elapsed=1.64s
2026-04-09 10:06:12 [INFO] openclaw_alpha.openclaw.cron_utils - 轮询响应: ok=True, entries_count=0
2026-04-09 10:06:22 [DEBUG] httpcore.connection - close.started
2026-04-09 10:06:22 [DEBUG] httpcore.connection - close.complete
2026-04-09 10:06:22 [DEBUG] httpcore.connection - connect_tcp.started host='127.0.0.1' port=18789 local_address=None timeout=10.0 socket_options=None
2026-04-09 10:06:22 [DEBUG] httpcore.connection - connect_tcp.complete return_value=<httpcore._backends.anyio.AnyIOStream object at 0x766268bcc050>
2026-04-09 10:06:22 [DEBUG] httpcore.http11 - send_request_headers.started request=<Request [b'POST']>
2026-04-09 10:06:22 [DEBUG] httpcore.http11 - send_request_headers.complete
2026-04-09 10:06:22 [DEBUG] httpcore.http11 - send_request_body.started request=<Request [b'POST']>
2026-04-09 10:06:22 [DEBUG] httpcore.http11 - send_request_body.complete
2026-04-09 10:06:22 [DEBUG] httpcore.http11 - receive_response_headers.started request=<Request [b'POST']>
2026-04-09 10:06:24 [DEBUG] httpcore.http11 - receive_response_headers.complete return_value=(b'HTTP/1.1', 200, b'OK', [(b'X-Content-Type-Options', b'nosniff'), (b'Referrer-Policy', b'no-referrer'), (b'Permissions-Policy', b'camera=(), microphone=(), geolocation=()'), (b'Content-Type', b'application/json; charset=utf-8'), (b'Date', b'Thu, 09 Apr 2026 02:06:24 GMT'), (b'Connection', b'keep-alive'), (b'Keep-Alive', b'timeout=5'), (b'Content-Length', b'275')])
2026-04-09 10:06:24 [INFO] httpx - HTTP Request: POST http://127.0.0.1:18789/tools/invoke "HTTP/1.1 200 OK"
2026-04-09 10:06:24 [DEBUG] httpcore.http11 - receive_response_body.started request=<Request [b'POST']>
2026-04-09 10:06:24 [DEBUG] httpcore.http11 - receive_response_body.complete
2026-04-09 10:06:24 [DEBUG] httpcore.http11 - response_closed.started
2026-04-09 10:06:24 [DEBUG] httpcore.http11 - response_closed.complete
2026-04-09 10:06:24 [INFO] openclaw_alpha.openclaw.cron_utils - 轮询 HTTP 调用: job_id=4b73a358-3f92-4763-8cca-b994a19c90bc, poll_count=4, poll_elapsed=1.84s
2026-04-09 10:06:24 [INFO] openclaw_alpha.openclaw.cron_utils - 轮询响应: ok=True, entries_count=0
2026-04-09 10:06:34 [DEBUG] httpcore.connection - close.started
2026-04-09 10:06:34 [DEBUG] httpcore.connection - close.complete
2026-04-09 10:06:34 [DEBUG] httpcore.connection - connect_tcp.started host='127.0.0.1' port=18789 local_address=None timeout=10.0 socket_options=None
2026-04-09 10:06:34 [DEBUG] httpcore.connection - connect_tcp.complete return_value=<httpcore._backends.anyio.AnyIOStream object at 0x766268bcc9d0>
2026-04-09 10:06:34 [DEBUG] httpcore.http11 - send_request_headers.started request=<Request [b'POST']>
2026-04-09 10:06:34 [DEBUG] httpcore.http11 - send_request_headers.complete
2026-04-09 10:06:34 [DEBUG] httpcore.http11 - send_request_body.started request=<Request [b'POST']>
2026-04-09 10:06:34 [DEBUG] httpcore.http11 - send_request_body.complete
2026-04-09 10:06:34 [DEBUG] httpcore.http11 - receive_response_headers.started request=<Request [b'POST']>
2026-04-09 10:06:39 [DEBUG] httpcore.http11 - receive_response_headers.complete return_value=(b'HTTP/1.1', 200, b'OK', [(b'X-Content-Type-Options', b'nosniff'), (b'Referrer-Policy', b'no-referrer'), (b'Permissions-Policy', b'camera=(), microphone=(), geolocation=()'), (b'Content-Type', b'application/json; charset=utf-8'), (b'Date', b'Thu, 09 Apr 2026 02:06:39 GMT'), (b'Connection', b'keep-alive'), (b'Keep-Alive', b'timeout=5'), (b'Content-Length', b'275')])
2026-04-09 10:06:39 [INFO] httpx - HTTP Request: POST http://127.0.0.1:18789/tools/invoke "HTTP/1.1 200 OK"
2026-04-09 10:06:39 [DEBUG] httpcore.http11 - receive_response_body.started request=<Request [b'POST']>
2026-04-09 10:06:39 [DEBUG] httpcore.http11 - receive_response_body.complete
2026-04-09 10:06:39 [DEBUG] httpcore.http11 - response_closed.started
2026-04-09 10:06:39 [DEBUG] httpcore.http11 - response_closed.complete
2026-04-09 10:06:39 [INFO] openclaw_alpha.openclaw.cron_utils - 轮询 HTTP 调用: job_id=4b73a358-3f92-4763-8cca-b994a19c90bc, poll_count=5, poll_elapsed=4.92s
2026-04-09 10:06:39 [INFO] openclaw_alpha.openclaw.cron_utils - 轮询响应: ok=True, entries_count=0
2026-04-09 10:06:49 [DEBUG] httpcore.connection - close.started
2026-04-09 10:06:49 [DEBUG] httpcore.connection - close.complete
2026-04-09 10:06:49 [DEBUG] httpcore.connection - connect_tcp.started host='127.0.0.1' port=18789 local_address=None timeout=10.0 socket_options=None
2026-04-09 10:06:49 [DEBUG] httpcore.connection - connect_tcp.complete return_value=<httpcore._backends.anyio.AnyIOStream object at 0x766268bb15b0>
2026-04-09 10:06:49 [DEBUG] httpcore.http11 - send_request_headers.started request=<Request [b'POST']>
2026-04-09 10:06:49 [DEBUG] httpcore.http11 - send_request_headers.complete
2026-04-09 10:06:49 [DEBUG] httpcore.http11 - send_request_body.started request=<Request [b'POST']>
2026-04-09 10:06:49 [DEBUG] httpcore.http11 - send_request_body.complete
2026-04-09 10:06:49 [DEBUG] httpcore.http11 - receive_response_headers.started request=<Request [b'POST']>
2026-04-09 10:06:51 [DEBUG] httpcore.http11 - receive_response_headers.complete return_value=(b'HTTP/1.1', 200, b'OK', [(b'X-Content-Type-Options', b'nosniff'), (b'Referrer-Policy', b'no-referrer'), (b'Permissions-Policy', b'camera=(), microphone=(), geolocation=()'), (b'Content-Type', b'application/json; charset=utf-8'), (b'Date', b'Thu, 09 Apr 2026 02:06:51 GMT'), (b'Connection', b'keep-alive'), (b'Keep-Alive', b'timeout=5'), (b'Content-Length', b'275')])
2026-04-09 10:06:51 [INFO] httpx - HTTP Request: POST http://127.0.0.1:18789/tools/invoke "HTTP/1.1 200 OK"
2026-04-09 10:06:51 [DEBUG] httpcore.http11 - receive_response_body.started request=<Request [b'POST']>
2026-04-09 10:06:51 [DEBUG] httpcore.http11 - receive_response_body.complete
2026-04-09 10:06:51 [DEBUG] httpcore.http11 - response_closed.started
2026-04-09 10:06:51 [DEBUG] httpcore.http11 - response_closed.complete
2026-04-09 10:06:51 [INFO] openclaw_alpha.openclaw.cron_utils - 轮询 HTTP 调用: job_id=4b73a358-3f92-4763-8cca-b994a19c90bc, poll_count=6, poll_elapsed=1.68s
2026-04-09 10:06:51 [INFO] openclaw_alpha.openclaw.cron_utils - 轮询响应: ok=True, entries_count=0
2026-04-09 10:07:01 [DEBUG] httpcore.connection - close.started
2026-04-09 10:07:01 [DEBUG] httpcore.connection - close.complete
2026-04-09 10:07:01 [DEBUG] httpcore.connection - connect_tcp.started host='127.0.0.1' port=18789 local_address=None timeout=10.0 socket_options=None
2026-04-09 10:07:01 [DEBUG] httpcore.connection - connect_tcp.complete return_value=<httpcore._backends.anyio.AnyIOStream object at 0x766268b77240>
2026-04-09 10:07:01 [DEBUG] httpcore.http11 - send_request_headers.started request=<Request [b'POST']>
2026-04-09 10:07:01 [DEBUG] httpcore.http11 - send_request_headers.complete
2026-04-09 10:07:01 [DEBUG] httpcore.http11 - send_request_body.started request=<Request [b'POST']>
2026-04-09 10:07:01 [DEBUG] httpcore.http11 - send_request_body.complete
2026-04-09 10:07:01 [DEBUG] httpcore.http11 - receive_response_headers.started request=<Request [b'POST']>
2026-04-09 10:07:03 [DEBUG] httpcore.http11 - receive_response_headers.complete return_value=(b'HTTP/1.1', 200, b'OK', [(b'X-Content-Type-Options', b'nosniff'), (b'Referrer-Policy', b'no-referrer'), (b'Permissions-Policy', b'camera=(), microphone=(), geolocation=()'), (b'Content-Type', b'application/json; charset=utf-8'), (b'Date', b'Thu, 09 Apr 2026 02:07:03 GMT'), (b'Connection', b'keep-alive'), (b'Keep-Alive', b'timeout=5'), (b'Content-Length', b'275')])
2026-04-09 10:07:03 [INFO] httpx - HTTP Request: POST http://127.0.0.1:18789/tools/invoke "HTTP/1.1 200 OK"
2026-04-09 10:07:03 [DEBUG] httpcore.http11 - receive_response_body.started request=<Request [b'POST']>
2026-04-09 10:07:03 [DEBUG] httpcore.http11 - receive_response_body.complete
2026-04-09 10:07:03 [DEBUG] httpcore.http11 - response_closed.started
2026-04-09 10:07:03 [DEBUG] httpcore.http11 - response_closed.complete
2026-04-09 10:07:03 [INFO] openclaw_alpha.openclaw.cron_utils - 轮询 HTTP 调用: job_id=4b73a358-3f92-4763-8cca-b994a19c90bc, poll_count=7, poll_elapsed=2.20s
2026-04-09 10:07:03 [INFO] openclaw_alpha.openclaw.cron_utils - 轮询响应: ok=True, entries_count=0
2026-04-09 10:07:13 [DEBUG] httpcore.connection - close.started
2026-04-09 10:07:13 [DEBUG] httpcore.connection - close.complete
2026-04-09 10:07:13 [DEBUG] httpcore.connection - connect_tcp.started host='127.0.0.1' port=18789 local_address=None timeout=10.0 socket_options=None
2026-04-09 10:07:13 [DEBUG] httpcore.connection - connect_tcp.complete return_value=<httpcore._backends.anyio.AnyIOStream object at 0x766268b77ac0>
2026-04-09 10:07:13 [DEBUG] httpcore.http11 - send_request_headers.started request=<Request [b'POST']>
2026-04-09 10:07:13 [DEBUG] httpcore.http11 - send_request_headers.complete
2026-04-09 10:07:13 [DEBUG] httpcore.http11 - send_request_body.started request=<Request [b'POST']>
2026-04-09 10:07:13 [DEBUG] httpcore.http11 - send_request_body.complete
2026-04-09 10:07:13 [DEBUG] httpcore.http11 - receive_response_headers.started request=<Request [b'POST']>
2026-04-09 10:07:15 [DEBUG] httpcore.http11 - receive_response_headers.complete return_value=(b'HTTP/1.1', 200, b'OK', [(b'X-Content-Type-Options', b'nosniff'), (b'Referrer-Policy', b'no-referrer'), (b'Permissions-Policy', b'camera=(), microphone=(), geolocation=()'), (b'Content-Type', b'application/json; charset=utf-8'), (b'Date', b'Thu, 09 Apr 2026 02:07:15 GMT'), (b'Connection', b'keep-alive'), (b'Keep-Alive', b'timeout=5'), (b'Content-Length', b'275')])
2026-04-09 10:07:15 [INFO] httpx - HTTP Request: POST http://127.0.0.1:18789/tools/invoke "HTTP/1.1 200 OK"
2026-04-09 10:07:15 [DEBUG] httpcore.http11 - receive_response_body.started request=<Request [b'POST']>
2026-04-09 10:07:15 [DEBUG] httpcore.http11 - receive_response_body.complete
2026-04-09 10:07:15 [DEBUG] httpcore.http11 - response_closed.started
2026-04-09 10:07:15 [DEBUG] httpcore.http11 - response_closed.complete
2026-04-09 10:07:15 [INFO] openclaw_alpha.openclaw.cron_utils - 轮询 HTTP 调用: job_id=4b73a358-3f92-4763-8cca-b994a19c90bc, poll_count=8, poll_elapsed=1.55s
2026-04-09 10:07:15 [INFO] openclaw_alpha.openclaw.cron_utils - 轮询响应: ok=True, entries_count=0
2026-04-09 10:07:25 [DEBUG] httpcore.connection - close.started
2026-04-09 10:07:25 [DEBUG] httpcore.connection - close.complete
2026-04-09 10:07:25 [DEBUG] httpcore.connection - connect_tcp.started host='127.0.0.1' port=18789 local_address=None timeout=10.0 socket_options=None
2026-04-09 10:07:25 [DEBUG] httpcore.connection - connect_tcp.complete return_value=<httpcore._backends.anyio.AnyIOStream object at 0x766268b8b850>
2026-04-09 10:07:25 [DEBUG] httpcore.http11 - send_request_headers.started request=<Request [b'POST']>
2026-04-09 10:07:25 [DEBUG] httpcore.http11 - send_request_headers.complete
2026-04-09 10:07:25 [DEBUG] httpcore.http11 - send_request_body.started request=<Request [b'POST']>
2026-04-09 10:07:25 [DEBUG] httpcore.http11 - send_request_body.complete
2026-04-09 10:07:25 [DEBUG] httpcore.http11 - receive_response_headers.started request=<Request [b'POST']>
2026-04-09 10:07:28 [DEBUG] httpcore.http11 - receive_response_headers.complete return_value=(b'HTTP/1.1', 200, b'OK', [(b'X-Content-Type-Options', b'nosniff'), (b'Referrer-Policy', b'no-referrer'), (b'Permissions-Policy', b'camera=(), microphone=(), geolocation=()'), (b'Content-Type', b'application/json; charset=utf-8'), (b'Date', b'Thu, 09 Apr 2026 02:07:28 GMT'), (b'Connection', b'keep-alive'), (b'Keep-Alive', b'timeout=5'), (b'Content-Length', b'275')])
2026-04-09 10:07:28 [INFO] httpx - HTTP Request: POST http://127.0.0.1:18789/tools/invoke "HTTP/1.1 200 OK"
2026-04-09 10:07:28 [DEBUG] httpcore.http11 - receive_response_body.started request=<Request [b'POST']>
2026-04-09 10:07:28 [DEBUG] httpcore.http11 - receive_response_body.complete
2026-04-09 10:07:28 [DEBUG] httpcore.http11 - response_closed.started
2026-04-09 10:07:28 [DEBUG] httpcore.http11 - response_closed.complete
2026-04-09 10:07:28 [INFO] openclaw_alpha.openclaw.cron_utils - 轮询 HTTP 调用: job_id=4b73a358-3f92-4763-8cca-b994a19c90bc, poll_count=9, poll_elapsed=3.70s
2026-04-09 10:07:28 [INFO] openclaw_alpha.openclaw.cron_utils - 轮询响应: ok=True, entries_count=0
2026-04-09 10:07:38 [DEBUG] httpcore.connection - close.started
2026-04-09 10:07:38 [DEBUG] httpcore.connection - close.complete
2026-04-09 10:07:38 [DEBUG] httpcore.connection - connect_tcp.started host='127.0.0.1' port=18789 local_address=None timeout=10.0 socket_options=None
2026-04-09 10:07:38 [DEBUG] httpcore.connection - connect_tcp.complete return_value=<httpcore._backends.anyio.AnyIOStream object at 0x766268b8b950>
2026-04-09 10:07:38 [DEBUG] httpcore.http11 - send_request_headers.started request=<Request [b'POST']>
2026-04-09 10:07:38 [DEBUG] httpcore.http11 - send_request_headers.complete
2026-04-09 10:07:38 [DEBUG] httpcore.http11 - send_request_body.started request=<Request [b'POST']>
2026-04-09 10:07:38 [DEBUG] httpcore.http11 - send_request_body.complete
2026-04-09 10:07:38 [DEBUG] httpcore.http11 - receive_response_headers.started request=<Request [b'POST']>
2026-04-09 10:07:41 [DEBUG] httpcore.http11 - receive_response_headers.complete return_value=(b'HTTP/1.1', 200, b'OK', [(b'X-Content-Type-Options', b'nosniff'), (b'Referrer-Policy', b'no-referrer'), (b'Permissions-Policy', b'camera=(), microphone=(), geolocation=()'), (b'Content-Type', b'application/json; charset=utf-8'), (b'Date', b'Thu, 09 Apr 2026 02:07:41 GMT'), (b'Connection', b'keep-alive'), (b'Keep-Alive', b'timeout=5'), (b'Content-Length', b'275')])
2026-04-09 10:07:41 [INFO] httpx - HTTP Request: POST http://127.0.0.1:18789/tools/invoke "HTTP/1.1 200 OK"
2026-04-09 10:07:41 [DEBUG] httpcore.http11 - receive_response_body.started request=<Request [b'POST']>
2026-04-09 10:07:41 [DEBUG] httpcore.http11 - receive_response_body.complete
2026-04-09 10:07:41 [DEBUG] httpcore.http11 - response_closed.started
2026-04-09 10:07:41 [DEBUG] httpcore.http11 - response_closed.complete
2026-04-09 10:07:41 [INFO] openclaw_alpha.openclaw.cron_utils - 轮询 HTTP 调用: job_id=4b73a358-3f92-4763-8cca-b994a19c90bc, poll_count=10, poll_elapsed=2.84s
2026-04-09 10:07:41 [INFO] openclaw_alpha.openclaw.cron_utils - 轮询响应: ok=True, entries_count=0
2026-04-09 10:07:51 [DEBUG] httpcore.connection - close.started
2026-04-09 10:07:51 [DEBUG] httpcore.connection - close.complete
2026-04-09 10:07:51 [DEBUG] httpcore.connection - connect_tcp.started host='127.0.0.1' port=18789 local_address=None timeout=10.0 socket_options=None
2026-04-09 10:07:51 [DEBUG] httpcore.connection - connect_tcp.complete return_value=<httpcore._backends.anyio.AnyIOStream object at 0x766268bd37a0>
2026-04-09 10:07:51 [DEBUG] httpcore.http11 - send_request_headers.started request=<Request [b'POST']>
2026-04-09 10:07:51 [DEBUG] httpcore.http11 - send_request_headers.complete
2026-04-09 10:07:51 [DEBUG] httpcore.http11 - send_request_body.started request=<Request [b'POST']>
2026-04-09 10:07:51 [DEBUG] httpcore.http11 - send_request_body.complete
2026-04-09 10:07:51 [DEBUG] httpcore.http11 - receive_response_headers.started request=<Request [b'POST']>
2026-04-09 10:07:53 [DEBUG] httpcore.http11 - receive_response_headers.complete return_value=(b'HTTP/1.1', 200, b'OK', [(b'X-Content-Type-Options', b'nosniff'), (b'Referrer-Policy', b'no-referrer'), (b'Permissions-Policy', b'camera=(), microphone=(), geolocation=()'), (b'Content-Type', b'application/json; charset=utf-8'), (b'Date', b'Thu, 09 Apr 2026 02:07:53 GMT'), (b'Connection', b'keep-alive'), (b'Keep-Alive', b'timeout=5'), (b'Content-Length', b'275')])
2026-04-09 10:07:53 [INFO] httpx - HTTP Request: POST http://127.0.0.1:18789/tools/invoke "HTTP/1.1 200 OK"
2026-04-09 10:07:53 [DEBUG] httpcore.http11 - receive_response_body.started request=<Request [b'POST']>
2026-04-09 10:07:53 [DEBUG] httpcore.http11 - receive_response_body.complete
2026-04-09 10:07:53 [DEBUG] httpcore.http11 - response_closed.started
2026-04-09 10:07:53 [DEBUG] httpcore.http11 - response_closed.complete
2026-04-09 10:07:53 [INFO] openclaw_alpha.openclaw.cron_utils - 轮询 HTTP 调用: job_id=4b73a358-3f92-4763-8cca-b994a19c90bc, poll_count=11, poll_elapsed=2.17s
2026-04-09 10:07:53 [INFO] openclaw_alpha.openclaw.cron_utils - 轮询响应: ok=True, entries_count=0
2026-04-09 10:08:03 [DEBUG] httpcore.connection - close.started
2026-04-09 10:08:03 [DEBUG] httpcore.connection - close.complete
2026-04-09 10:08:03 [DEBUG] httpcore.connection - connect_tcp.started host='127.0.0.1' port=18789 local_address=None timeout=10.0 socket_options=None
2026-04-09 10:08:03 [DEBUG] httpcore.connection - connect_tcp.complete return_value=<httpcore._backends.anyio.AnyIOStream object at 0x766268be45f0>
2026-04-09 10:08:03 [DEBUG] httpcore.http11 - send_request_headers.started request=<Request [b'POST']>
2026-04-09 10:08:03 [DEBUG] httpcore.http11 - send_request_headers.complete
2026-04-09 10:08:03 [DEBUG] httpcore.http11 - send_request_body.started request=<Request [b'POST']>
2026-04-09 10:08:03 [DEBUG] httpcore.http11 - send_request_body.complete
2026-04-09 10:08:03 [DEBUG] httpcore.http11 - receive_response_headers.started request=<Request [b'POST']>
2026-04-09 10:08:05 [DEBUG] httpcore.http11 - receive_response_headers.complete return_value=(b'HTTP/1.1', 200, b'OK', [(b'X-Content-Type-Options', b'nosniff'), (b'Referrer-Policy', b'no-referrer'), (b'Permissions-Policy', b'camera=(), microphone=(), geolocation=()'), (b'Content-Type', b'application/json; charset=utf-8'), (b'Date', b'Thu, 09 Apr 2026 02:08:05 GMT'), (b'Connection', b'keep-alive'), (b'Keep-Alive', b'timeout=5'), (b'Content-Length', b'275')])
2026-04-09 10:08:05 [INFO] httpx - HTTP Request: POST http://127.0.0.1:18789/tools/invoke "HTTP/1.1 200 OK"
2026-04-09 10:08:05 [DEBUG] httpcore.http11 - receive_response_body.started request=<Request [b'POST']>
2026-04-09 10:08:05 [DEBUG] httpcore.http11 - receive_response_body.complete
2026-04-09 10:08:05 [DEBUG] httpcore.http11 - response_closed.started
2026-04-09 10:08:05 [DEBUG] httpcore.http11 - response_closed.complete
2026-04-09 10:08:05 [INFO] openclaw_alpha.openclaw.cron_utils - 轮询 HTTP 调用: job_id=4b73a358-3f92-4763-8cca-b994a19c90bc, poll_count=12, poll_elapsed=1.58s
2026-04-09 10:08:05 [INFO] openclaw_alpha.openclaw.cron_utils - 轮询响应: ok=True, entries_count=0
2026-04-09 10:08:15 [DEBUG] httpcore.connection - close.started
2026-04-09 10:08:15 [DEBUG] httpcore.connection - close.complete
2026-04-09 10:08:15 [DEBUG] httpcore.connection - connect_tcp.started host='127.0.0.1' port=18789 local_address=None timeout=10.0 socket_options=None
2026-04-09 10:08:15 [DEBUG] httpcore.connection - connect_tcp.complete return_value=<httpcore._backends.anyio.AnyIOStream object at 0x766268ba3770>
2026-04-09 10:08:15 [DEBUG] httpcore.http11 - send_request_headers.started request=<Request [b'POST']>
2026-04-09 10:08:15 [DEBUG] httpcore.http11 - send_request_headers.complete
2026-04-09 10:08:15 [DEBUG] httpcore.http11 - send_request_body.started request=<Request [b'POST']>
2026-04-09 10:08:15 [DEBUG] httpcore.http11 - send_request_body.complete
2026-04-09 10:08:15 [DEBUG] httpcore.http11 - receive_response_headers.started request=<Request [b'POST']>
2026-04-09 10:08:19 [DEBUG] httpcore.http11 - receive_response_headers.complete return_value=(b'HTTP/1.1', 200, b'OK', [(b'X-Content-Type-Options', b'nosniff'), (b'Referrer-Policy', b'no-referrer'), (b'Permissions-Policy', b'camera=(), microphone=(), geolocation=()'), (b'Content-Type', b'application/json; charset=utf-8'), (b'Date', b'Thu, 09 Apr 2026 02:08:19 GMT'), (b'Connection', b'keep-alive'), (b'Keep-Alive', b'timeout=5'), (b'Content-Length', b'275')])
2026-04-09 10:08:19 [INFO] httpx - HTTP Request: POST http://127.0.0.1:18789/tools/invoke "HTTP/1.1 200 OK"
2026-04-09 10:08:19 [DEBUG] httpcore.http11 - receive_response_body.started request=<Request [b'POST']>
2026-04-09 10:08:19 [DEBUG] httpcore.http11 - receive_response_body.complete
2026-04-09 10:08:19 [DEBUG] httpcore.http11 - response_closed.started
2026-04-09 10:08:19 [DEBUG] httpcore.http11 - response_closed.complete
2026-04-09 10:08:19 [INFO] openclaw_alpha.openclaw.cron_utils - 轮询 HTTP 调用: job_id=4b73a358-3f92-4763-8cca-b994a19c90bc, poll_count=13, poll_elapsed=3.56s
2026-04-09 10:08:19 [INFO] openclaw_alpha.openclaw.cron_utils - 轮询响应: ok=True, entries_count=0
2026-04-09 10:08:29 [DEBUG] httpcore.connection - close.started
2026-04-09 10:08:29 [DEBUG] httpcore.connection - close.complete
2026-04-09 10:08:29 [DEBUG] httpcore.connection - connect_tcp.started host='127.0.0.1' port=18789 local_address=None timeout=10.0 socket_options=None
2026-04-09 10:08:29 [DEBUG] httpcore.connection - connect_tcp.complete return_value=<httpcore._backends.anyio.AnyIOStream object at 0x766268bf0130>
2026-04-09 10:08:29 [DEBUG] httpcore.http11 - send_request_headers.started request=<Request [b'POST']>
2026-04-09 10:08:29 [DEBUG] httpcore.http11 - send_request_headers.complete
2026-04-09 10:08:29 [DEBUG] httpcore.http11 - send_request_body.started request=<Request [b'POST']>
2026-04-09 10:08:29 [DEBUG] httpcore.http11 - send_request_body.complete
2026-04-09 10:08:29 [DEBUG] httpcore.http11 - receive_response_headers.started request=<Request [b'POST']>
2026-04-09 10:08:30 [DEBUG] httpcore.http11 - receive_response_headers.complete return_value=(b'HTTP/1.1', 200, b'OK', [(b'X-Content-Type-Options', b'nosniff'), (b'Referrer-Policy', b'no-referrer'), (b'Permissions-Policy', b'camera=(), microphone=(), geolocation=()'), (b'Content-Type', b'application/json; charset=utf-8'), (b'Date', b'Thu, 09 Apr 2026 02:08:30 GMT'), (b'Connection', b'keep-alive'), (b'Keep-Alive', b'timeout=5'), (b'Content-Length', b'275')])
2026-04-09 10:08:30 [INFO] httpx - HTTP Request: POST http://127.0.0.1:18789/tools/invoke "HTTP/1.1 200 OK"
2026-04-09 10:08:30 [DEBUG] httpcore.http11 - receive_response_body.started request=<Request [b'POST']>
2026-04-09 10:08:30 [DEBUG] httpcore.http11 - receive_response_body.complete
2026-04-09 10:08:30 [DEBUG] httpcore.http11 - response_closed.started
2026-04-09 10:08:30 [DEBUG] httpcore.http11 - response_closed.complete
2026-04-09 10:08:30 [INFO] openclaw_alpha.openclaw.cron_utils - 轮询 HTTP 调用: job_id=4b73a358-3f92-4763-8cca-b994a19c90bc, poll_count=14, poll_elapsed=1.79s
2026-04-09 10:08:30 [INFO] openclaw_alpha.openclaw.cron_utils - 轮询响应: ok=True, entries_count=0
2026-04-09 10:08:40 [DEBUG] httpcore.connection - close.started
2026-04-09 10:08:40 [DEBUG] httpcore.connection - close.complete
2026-04-09 10:08:40 [DEBUG] httpcore.connection - connect_tcp.started host='127.0.0.1' port=18789 local_address=None timeout=10.0 socket_options=None
2026-04-09 10:08:40 [DEBUG] httpcore.connection - connect_tcp.complete return_value=<httpcore._backends.anyio.AnyIOStream object at 0x766268b94e20>
2026-04-09 10:08:40 [DEBUG] httpcore.http11 - send_request_headers.started request=<Request [b'POST']>
2026-04-09 10:08:40 [DEBUG] httpcore.http11 - send_request_headers.complete
2026-04-09 10:08:40 [DEBUG] httpcore.http11 - send_request_body.started request=<Request [b'POST']>
2026-04-09 10:08:40 [DEBUG] httpcore.http11 - send_request_body.complete
2026-04-09 10:08:40 [DEBUG] httpcore.http11 - receive_response_headers.started request=<Request [b'POST']>
2026-04-09 10:08:42 [DEBUG] httpcore.http11 - receive_response_headers.complete return_value=(b'HTTP/1.1', 200, b'OK', [(b'X-Content-Type-Options', b'nosniff'), (b'Referrer-Policy', b'no-referrer'), (b'Permissions-Policy', b'camera=(), microphone=(), geolocation=()'), (b'Content-Type', b'application/json; charset=utf-8'), (b'Date', b'Thu, 09 Apr 2026 02:08:42 GMT'), (b'Connection', b'keep-alive'), (b'Keep-Alive', b'timeout=5'), (b'Content-Length', b'275')])
2026-04-09 10:08:42 [INFO] httpx - HTTP Request: POST http://127.0.0.1:18789/tools/invoke "HTTP/1.1 200 OK"
2026-04-09 10:08:42 [DEBUG] httpcore.http11 - receive_response_body.started request=<Request [b'POST']>
2026-04-09 10:08:42 [DEBUG] httpcore.http11 - receive_response_body.complete
2026-04-09 10:08:42 [DEBUG] httpcore.http11 - response_closed.started
2026-04-09 10:08:42 [DEBUG] httpcore.http11 - response_closed.complete
2026-04-09 10:08:42 [INFO] openclaw_alpha.openclaw.cron_utils - 轮询 HTTP 调用: job_id=4b73a358-3f92-4763-8cca-b994a19c90bc, poll_count=15, poll_elapsed=1.54s
2026-04-09 10:08:42 [INFO] openclaw_alpha.openclaw.cron_utils - 轮询响应: ok=True, entries_count=0
2026-04-09 10:08:52 [DEBUG] httpcore.connection - close.started
2026-04-09 10:08:52 [DEBUG] httpcore.connection - close.complete
2026-04-09 10:08:52 [DEBUG] httpcore.connection - connect_tcp.started host='127.0.0.1' port=18789 local_address=None timeout=10.0 socket_options=None
2026-04-09 10:08:52 [DEBUG] httpcore.connection - connect_tcp.complete return_value=<httpcore._backends.anyio.AnyIOStream object at 0x766268bf8dd0>
2026-04-09 10:08:52 [DEBUG] httpcore.http11 - send_request_headers.started request=<Request [b'POST']>
2026-04-09 10:08:52 [DEBUG] httpcore.http11 - send_request_headers.complete
2026-04-09 10:08:52 [DEBUG] httpcore.http11 - send_request_body.started request=<Request [b'POST']>
2026-04-09 10:08:52 [DEBUG] httpcore.http11 - send_request_body.complete
2026-04-09 10:08:52 [DEBUG] httpcore.http11 - receive_response_headers.started request=<Request [b'POST']>
2026-04-09 10:08:54 [DEBUG] httpcore.http11 - receive_response_headers.complete return_value=(b'HTTP/1.1', 200, b'OK', [(b'X-Content-Type-Options', b'nosniff'), (b'Referrer-Policy', b'no-referrer'), (b'Permissions-Policy', b'camera=(), microphone=(), geolocation=()'), (b'Content-Type', b'application/json; charset=utf-8'), (b'Date', b'Thu, 09 Apr 2026 02:08:54 GMT'), (b'Connection', b'keep-alive'), (b'Keep-Alive', b'timeout=5'), (b'Content-Length', b'275')])
2026-04-09 10:08:54 [INFO] httpx - HTTP Request: POST http://127.0.0.1:18789/tools/invoke "HTTP/1.1 200 OK"
2026-04-09 10:08:54 [DEBUG] httpcore.http11 - receive_response_body.started request=<Request [b'POST']>
2026-04-09 10:08:54 [DEBUG] httpcore.http11 - receive_response_body.complete
2026-04-09 10:08:54 [DEBUG] httpcore.http11 - response_closed.started
2026-04-09 10:08:54 [DEBUG] httpcore.http11 - response_closed.complete
2026-04-09 10:08:54 [INFO] openclaw_alpha.openclaw.cron_utils - 轮询 HTTP 调用: job_id=4b73a358-3f92-4763-8cca-b994a19c90bc, poll_count=16, poll_elapsed=1.60s
2026-04-09 10:08:54 [INFO] openclaw_alpha.openclaw.cron_utils - 轮询响应: ok=True, entries_count=0
2026-04-09 10:09:04 [DEBUG] httpcore.connection - close.started
2026-04-09 10:09:04 [DEBUG] httpcore.connection - close.complete
2026-04-09 10:09:04 [DEBUG] httpcore.connection - connect_tcp.started host='127.0.0.1' port=18789 local_address=None timeout=10.0 socket_options=None
2026-04-09 10:09:04 [DEBUG] httpcore.connection - connect_tcp.complete return_value=<httpcore._backends.anyio.AnyIOStream object at 0x766268bf9490>
2026-04-09 10:09:04 [DEBUG] httpcore.http11 - send_request_headers.started request=<Request [b'POST']>
2026-04-09 10:09:04 [DEBUG] httpcore.http11 - send_request_headers.complete
2026-04-09 10:09:04 [DEBUG] httpcore.http11 - send_request_body.started request=<Request [b'POST']>
2026-04-09 10:09:04 [DEBUG] httpcore.http11 - send_request_body.complete
2026-04-09 10:09:04 [DEBUG] httpcore.http11 - receive_response_headers.started request=<Request [b'POST']>
2026-04-09 10:09:08 [DEBUG] httpcore.http11 - receive_response_headers.complete return_value=(b'HTTP/1.1', 200, b'OK', [(b'X-Content-Type-Options', b'nosniff'), (b'Referrer-Policy', b'no-referrer'), (b'Permissions-Policy', b'camera=(), microphone=(), geolocation=()'), (b'Content-Type', b'application/json; charset=utf-8'), (b'Date', b'Thu, 09 Apr 2026 02:09:08 GMT'), (b'Connection', b'keep-alive'), (b'Keep-Alive', b'timeout=5'), (b'Content-Length', b'275')])
2026-04-09 10:09:08 [INFO] httpx - HTTP Request: POST http://127.0.0.1:18789/tools/invoke "HTTP/1.1 200 OK"
2026-04-09 10:09:08 [DEBUG] httpcore.http11 - receive_response_body.started request=<Request [b'POST']>
2026-04-09 10:09:08 [DEBUG] httpcore.http11 - receive_response_body.complete
2026-04-09 10:09:08 [DEBUG] httpcore.http11 - response_closed.started
2026-04-09 10:09:08 [DEBUG] httpcore.http11 - response_closed.complete
2026-04-09 10:09:08 [INFO] openclaw_alpha.openclaw.cron_utils - 轮询 HTTP 调用: job_id=4b73a358-3f92-4763-8cca-b994a19c90bc, poll_count=17, poll_elapsed=4.14s
2026-04-09 10:09:08 [INFO] openclaw_alpha.openclaw.cron_utils - 轮询响应: ok=True, entries_count=0
2026-04-09 10:09:18 [DEBUG] httpcore.connection - close.started
2026-04-09 10:09:18 [DEBUG] httpcore.connection - close.complete
2026-04-09 10:09:18 [DEBUG] httpcore.connection - connect_tcp.started host='127.0.0.1' port=18789 local_address=None timeout=10.0 socket_options=None
2026-04-09 10:09:18 [DEBUG] httpcore.connection - connect_tcp.complete return_value=<httpcore._backends.anyio.AnyIOStream object at 0x7662694b4f70>
2026-04-09 10:09:18 [DEBUG] httpcore.http11 - send_request_headers.started request=<Request [b'POST']>
2026-04-09 10:09:18 [DEBUG] httpcore.http11 - send_request_headers.complete
2026-04-09 10:09:18 [DEBUG] httpcore.http11 - send_request_body.started request=<Request [b'POST']>
2026-04-09 10:09:18 [DEBUG] httpcore.http11 - send_request_body.complete
2026-04-09 10:09:18 [DEBUG] httpcore.http11 - receive_response_headers.started request=<Request [b'POST']>
2026-04-09 10:09:19 [DEBUG] httpcore.http11 - receive_response_headers.complete return_value=(b'HTTP/1.1', 200, b'OK', [(b'X-Content-Type-Options', b'nosniff'), (b'Referrer-Policy', b'no-referrer'), (b'Permissions-Policy', b'camera=(), microphone=(), geolocation=()'), (b'Content-Type', b'application/json; charset=utf-8'), (b'Date', b'Thu, 09 Apr 2026 02:09:19 GMT'), (b'Connection', b'keep-alive'), (b'Keep-Alive', b'timeout=5'), (b'Content-Length', b'275')])
2026-04-09 10:09:19 [INFO] httpx - HTTP Request: POST http://127.0.0.1:18789/tools/invoke "HTTP/1.1 200 OK"
2026-04-09 10:09:19 [DEBUG] httpcore.http11 - receive_response_body.started request=<Request [b'POST']>
2026-04-09 10:09:19 [DEBUG] httpcore.http11 - receive_response_body.complete
2026-04-09 10:09:19 [DEBUG] httpcore.http11 - response_closed.started
2026-04-09 10:09:19 [DEBUG] httpcore.http11 - response_closed.complete
2026-04-09 10:09:19 [INFO] openclaw_alpha.openclaw.cron_utils - 轮询 HTTP 调用: job_id=4b73a358-3f92-4763-8cca-b994a19c90bc, poll_count=18, poll_elapsed=1.75s
2026-04-09 10:09:19 [INFO] openclaw_alpha.openclaw.cron_utils - 轮询响应: ok=True, entries_count=0
2026-04-09 10:09:29 [DEBUG] httpcore.connection - close.started
2026-04-09 10:09:29 [DEBUG] httpcore.connection - close.complete
2026-04-09 10:09:29 [DEBUG] httpcore.connection - connect_tcp.started host='127.0.0.1' port=18789 local_address=None timeout=10.0 socket_options=None
2026-04-09 10:09:29 [DEBUG] httpcore.connection - connect_tcp.complete return_value=<httpcore._backends.anyio.AnyIOStream object at 0x766268b84520>
2026-04-09 10:09:29 [DEBUG] httpcore.http11 - send_request_headers.started request=<Request [b'POST']>
2026-04-09 10:09:29 [DEBUG] httpcore.http11 - send_request_headers.complete
2026-04-09 10:09:29 [DEBUG] httpcore.http11 - send_request_body.started request=<Request [b'POST']>
2026-04-09 10:09:29 [DEBUG] httpcore.http11 - send_request_body.complete
2026-04-09 10:09:29 [DEBUG] httpcore.http11 - receive_response_headers.started request=<Request [b'POST']>
2026-04-09 10:09:32 [DEBUG] httpcore.http11 - receive_response_headers.complete return_value=(b'HTTP/1.1', 200, b'OK', [(b'X-Content-Type-Options', b'nosniff'), (b'Referrer-Policy', b'no-referrer'), (b'Permissions-Policy', b'camera=(), microphone=(), geolocation=()'), (b'Content-Type', b'application/json; charset=utf-8'), (b'Date', b'Thu, 09 Apr 2026 02:09:32 GMT'), (b'Connection', b'keep-alive'), (b'Keep-Alive', b'timeout=5'), (b'Content-Length', b'275')])
2026-04-09 10:09:32 [INFO] httpx - HTTP Request: POST http://127.0.0.1:18789/tools/invoke "HTTP/1.1 200 OK"
2026-04-09 10:09:32 [DEBUG] httpcore.http11 - receive_response_body.started request=<Request [b'POST']>
2026-04-09 10:09:32 [DEBUG] httpcore.http11 - receive_response_body.complete
2026-04-09 10:09:32 [DEBUG] httpcore.http11 - response_closed.started
2026-04-09 10:09:32 [DEBUG] httpcore.http11 - response_closed.complete
2026-04-09 10:09:32 [INFO] openclaw_alpha.openclaw.cron_utils - 轮询 HTTP 调用: job_id=4b73a358-3f92-4763-8cca-b994a19c90bc, poll_count=19, poll_elapsed=2.12s
2026-04-09 10:09:32 [INFO] openclaw_alpha.openclaw.cron_utils - 轮询响应: ok=True, entries_count=0
2026-04-09 10:09:42 [DEBUG] httpcore.connection - close.started
2026-04-09 10:09:42 [DEBUG] httpcore.connection - close.complete
2026-04-09 10:09:42 [DEBUG] httpcore.connection - connect_tcp.started host='127.0.0.1' port=18789 local_address=None timeout=10.0 socket_options=None
2026-04-09 10:09:42 [DEBUG] httpcore.connection - connect_tcp.complete return_value=<httpcore._backends.anyio.AnyIOStream object at 0x766268bc39d0>
2026-04-09 10:09:42 [DEBUG] httpcore.http11 - send_request_headers.started request=<Request [b'POST']>
2026-04-09 10:09:42 [DEBUG] httpcore.http11 - send_request_headers.complete
2026-04-09 10:09:42 [DEBUG] httpcore.http11 - send_request_body.started request=<Request [b'POST']>
2026-04-09 10:09:42 [DEBUG] httpcore.http11 - send_request_body.complete
2026-04-09 10:09:42 [DEBUG] httpcore.http11 - receive_response_headers.started request=<Request [b'POST']>
2026-04-09 10:09:43 [DEBUG] httpcore.http11 - receive_response_headers.complete return_value=(b'HTTP/1.1', 200, b'OK', [(b'X-Content-Type-Options', b'nosniff'), (b'Referrer-Policy', b'no-referrer'), (b'Permissions-Policy', b'camera=(), microphone=(), geolocation=()'), (b'Content-Type', b'application/json; charset=utf-8'), (b'Date', b'Thu, 09 Apr 2026 02:09:43 GMT'), (b'Connection', b'keep-alive'), (b'Keep-Alive', b'timeout=5'), (b'Content-Length', b'275')])
2026-04-09 10:09:43 [INFO] httpx - HTTP Request: POST http://127.0.0.1:18789/tools/invoke "HTTP/1.1 200 OK"
2026-04-09 10:09:43 [DEBUG] httpcore.http11 - receive_response_body.started request=<Request [b'POST']>
2026-04-09 10:09:43 [DEBUG] httpcore.http11 - receive_response_body.complete
2026-04-09 10:09:43 [DEBUG] httpcore.http11 - response_closed.started
2026-04-09 10:09:43 [DEBUG] httpcore.http11 - response_closed.complete
2026-04-09 10:09:43 [INFO] openclaw_alpha.openclaw.cron_utils - 轮询 HTTP 调用: job_id=4b73a358-3f92-4763-8cca-b994a19c90bc, poll_count=20, poll_elapsed=1.59s
2026-04-09 10:09:43 [INFO] openclaw_alpha.openclaw.cron_utils - 轮询响应: ok=True, entries_count=0
2026-04-09 10:09:53 [DEBUG] httpcore.connection - close.started
2026-04-09 10:09:53 [DEBUG] httpcore.connection - close.complete
2026-04-09 10:09:53 [DEBUG] httpcore.connection - connect_tcp.started host='127.0.0.1' port=18789 local_address=None timeout=10.0 socket_options=None
2026-04-09 10:09:53 [DEBUG] httpcore.connection - connect_tcp.complete return_value=<httpcore._backends.anyio.AnyIOStream object at 0x766268bc3c50>
2026-04-09 10:09:53 [DEBUG] httpcore.http11 - send_request_headers.started request=<Request [b'POST']>
2026-04-09 10:09:53 [DEBUG] httpcore.http11 - send_request_headers.complete
2026-04-09 10:09:53 [DEBUG] httpcore.http11 - send_request_body.started request=<Request [b'POST']>
2026-04-09 10:09:53 [DEBUG] httpcore.http11 - send_request_body.complete
2026-04-09 10:09:53 [DEBUG] httpcore.http11 - receive_response_headers.started request=<Request [b'POST']>
2026-04-09 10:09:57 [DEBUG] httpcore.http11 - receive_response_headers.complete return_value=(b'HTTP/1.1', 200, b'OK', [(b'X-Content-Type-Options', b'nosniff'), (b'Referrer-Policy', b'no-referrer'), (b'Permissions-Policy', b'camera=(), microphone=(), geolocation=()'), (b'Content-Type', b'application/json; charset=utf-8'), (b'Date', b'Thu, 09 Apr 2026 02:09:57 GMT'), (b'Connection', b'keep-alive'), (b'Keep-Alive', b'timeout=5'), (b'Content-Length', b'275')])
2026-04-09 10:09:57 [INFO] httpx - HTTP Request: POST http://127.0.0.1:18789/tools/invoke "HTTP/1.1 200 OK"
2026-04-09 10:09:57 [DEBUG] httpcore.http11 - receive_response_body.started request=<Request [b'POST']>
2026-04-09 10:09:57 [DEBUG] httpcore.http11 - receive_response_body.complete
2026-04-09 10:09:57 [DEBUG] httpcore.http11 - response_closed.started
2026-04-09 10:09:57 [DEBUG] httpcore.http11 - response_closed.complete
2026-04-09 10:09:57 [INFO] openclaw_alpha.openclaw.cron_utils - 轮询 HTTP 调用: job_id=4b73a358-3f92-4763-8cca-b994a19c90bc, poll_count=21, poll_elapsed=4.10s
2026-04-09 10:09:57 [INFO] openclaw_alpha.openclaw.cron_utils - 轮询响应: ok=True, entries_count=0
2026-04-09 10:10:07 [DEBUG] httpcore.connection - close.started
2026-04-09 10:10:07 [DEBUG] httpcore.connection - close.complete
2026-04-09 10:10:07 [DEBUG] httpcore.connection - connect_tcp.started host='127.0.0.1' port=18789 local_address=None timeout=10.0 socket_options=None
2026-04-09 10:10:07 [DEBUG] httpcore.connection - connect_tcp.complete return_value=<httpcore._backends.anyio.AnyIOStream object at 0x766269527260>
2026-04-09 10:10:07 [DEBUG] httpcore.http11 - send_request_headers.started request=<Request [b'POST']>
2026-04-09 10:10:07 [DEBUG] httpcore.http11 - send_request_headers.complete
2026-04-09 10:10:07 [DEBUG] httpcore.http11 - send_request_body.started request=<Request [b'POST']>
2026-04-09 10:10:07 [DEBUG] httpcore.http11 - send_request_body.complete
2026-04-09 10:10:07 [DEBUG] httpcore.http11 - receive_response_headers.started request=<Request [b'POST']>
2026-04-09 10:10:09 [DEBUG] httpcore.http11 - receive_response_headers.complete return_value=(b'HTTP/1.1', 200, b'OK', [(b'X-Content-Type-Options', b'nosniff'), (b'Referrer-Policy', b'no-referrer'), (b'Permissions-Policy', b'camera=(), microphone=(), geolocation=()'), (b'Content-Type', b'application/json; charset=utf-8'), (b'Date', b'Thu, 09 Apr 2026 02:10:09 GMT'), (b'Connection', b'keep-alive'), (b'Keep-Alive', b'timeout=5'), (b'Content-Length', b'275')])
2026-04-09 10:10:09 [INFO] httpx - HTTP Request: POST http://127.0.0.1:18789/tools/invoke "HTTP/1.1 200 OK"
2026-04-09 10:10:09 [DEBUG] httpcore.http11 - receive_response_body.started request=<Request [b'POST']>
2026-04-09 10:10:09 [DEBUG] httpcore.http11 - receive_response_body.complete
2026-04-09 10:10:09 [DEBUG] httpcore.http11 - response_closed.started
2026-04-09 10:10:09 [DEBUG] httpcore.http11 - response_closed.complete
2026-04-09 10:10:09 [INFO] openclaw_alpha.openclaw.cron_utils - 轮询 HTTP 调用: job_id=4b73a358-3f92-4763-8cca-b994a19c90bc, poll_count=22, poll_elapsed=1.73s
2026-04-09 10:10:09 [INFO] openclaw_alpha.openclaw.cron_utils - 轮询响应: ok=True, entries_count=0
2026-04-09 10:10:19 [DEBUG] httpcore.connection - close.started
2026-04-09 10:10:19 [DEBUG] httpcore.connection - close.complete
2026-04-09 10:10:19 [DEBUG] httpcore.connection - connect_tcp.started host='127.0.0.1' port=18789 local_address=None timeout=10.0 socket_options=None
2026-04-09 10:10:19 [DEBUG] httpcore.connection - connect_tcp.complete return_value=<httpcore._backends.anyio.AnyIOStream object at 0x766268bcbf50>
2026-04-09 10:10:19 [DEBUG] httpcore.http11 - send_request_headers.started request=<Request [b'POST']>
2026-04-09 10:10:19 [DEBUG] httpcore.http11 - send_request_headers.complete
2026-04-09 10:10:19 [DEBUG] httpcore.http11 - send_request_body.started request=<Request [b'POST']>
2026-04-09 10:10:19 [DEBUG] httpcore.http11 - send_request_body.complete
2026-04-09 10:10:19 [DEBUG] httpcore.http11 - receive_response_headers.started request=<Request [b'POST']>
2026-04-09 10:10:21 [DEBUG] httpcore.http11 - receive_response_headers.complete return_value=(b'HTTP/1.1', 200, b'OK', [(b'X-Content-Type-Options', b'nosniff'), (b'Referrer-Policy', b'no-referrer'), (b'Permissions-Policy', b'camera=(), microphone=(), geolocation=()'), (b'Content-Type', b'application/json; charset=utf-8'), (b'Date', b'Thu, 09 Apr 2026 02:10:21 GMT'), (b'Connection', b'keep-alive'), (b'Keep-Alive', b'timeout=5'), (b'Content-Length', b'275')])
2026-04-09 10:10:21 [INFO] httpx - HTTP Request: POST http://127.0.0.1:18789/tools/invoke "HTTP/1.1 200 OK"
2026-04-09 10:10:21 [DEBUG] httpcore.http11 - receive_response_body.started request=<Request [b'POST']>
2026-04-09 10:10:21 [DEBUG] httpcore.http11 - receive_response_body.complete
2026-04-09 10:10:21 [DEBUG] httpcore.http11 - response_closed.started
2026-04-09 10:10:21 [DEBUG] httpcore.http11 - response_closed.complete
2026-04-09 10:10:21 [INFO] openclaw_alpha.openclaw.cron_utils - 轮询 HTTP 调用: job_id=4b73a358-3f92-4763-8cca-b994a19c90bc, poll_count=23, poll_elapsed=2.12s
2026-04-09 10:10:21 [INFO] openclaw_alpha.openclaw.cron_utils - 轮询响应: ok=True, entries_count=0
2026-04-09 10:10:31 [DEBUG] httpcore.connection - close.started
2026-04-09 10:10:31 [DEBUG] httpcore.connection - close.complete
2026-04-09 10:10:31 [DEBUG] httpcore.connection - connect_tcp.started host='127.0.0.1' port=18789 local_address=None timeout=10.0 socket_options=None
2026-04-09 10:10:31 [DEBUG] httpcore.connection - connect_tcp.complete return_value=<httpcore._backends.anyio.AnyIOStream object at 0x766268bcb4d0>
2026-04-09 10:10:31 [DEBUG] httpcore.http11 - send_request_headers.started request=<Request [b'POST']>
2026-04-09 10:10:31 [DEBUG] httpcore.http11 - send_request_headers.complete
2026-04-09 10:10:31 [DEBUG] httpcore.http11 - send_request_body.started request=<Request [b'POST']>
2026-04-09 10:10:31 [DEBUG] httpcore.http11 - send_request_body.complete
2026-04-09 10:10:31 [DEBUG] httpcore.http11 - receive_response_headers.started request=<Request [b'POST']>
2026-04-09 10:10:33 [DEBUG] httpcore.http11 - receive_response_headers.complete return_value=(b'HTTP/1.1', 200, b'OK', [(b'X-Content-Type-Options', b'nosniff'), (b'Referrer-Policy', b'no-referrer'), (b'Permissions-Policy', b'camera=(), microphone=(), geolocation=()'), (b'Content-Type', b'application/json; charset=utf-8'), (b'Date', b'Thu, 09 Apr 2026 02:10:33 GMT'), (b'Connection', b'keep-alive'), (b'Keep-Alive', b'timeout=5'), (b'Content-Length', b'275')])
2026-04-09 10:10:33 [INFO] httpx - HTTP Request: POST http://127.0.0.1:18789/tools/invoke "HTTP/1.1 200 OK"
2026-04-09 10:10:33 [DEBUG] httpcore.http11 - receive_response_body.started request=<Request [b'POST']>
2026-04-09 10:10:33 [DEBUG] httpcore.http11 - receive_response_body.complete
2026-04-09 10:10:33 [DEBUG] httpcore.http11 - response_closed.started
2026-04-09 10:10:33 [DEBUG] httpcore.http11 - response_closed.complete
2026-04-09 10:10:33 [INFO] openclaw_alpha.openclaw.cron_utils - 轮询 HTTP 调用: job_id=4b73a358-3f92-4763-8cca-b994a19c90bc, poll_count=24, poll_elapsed=1.89s
2026-04-09 10:10:33 [INFO] openclaw_alpha.openclaw.cron_utils - 轮询响应: ok=True, entries_count=0
2026-04-09 10:10:43 [DEBUG] httpcore.connection - close.started
2026-04-09 10:10:43 [DEBUG] httpcore.connection - close.complete
2026-04-09 10:10:43 [DEBUG] httpcore.connection - connect_tcp.started host='127.0.0.1' port=18789 local_address=None timeout=10.0 socket_options=None
2026-04-09 10:10:43 [DEBUG] httpcore.connection - connect_tcp.complete return_value=<httpcore._backends.anyio.AnyIOStream object at 0x766269625a90>
2026-04-09 10:10:43 [DEBUG] httpcore.http11 - send_request_headers.started request=<Request [b'POST']>
2026-04-09 10:10:43 [DEBUG] httpcore.http11 - send_request_headers.complete
2026-04-09 10:10:43 [DEBUG] httpcore.http11 - send_request_body.started request=<Request [b'POST']>
2026-04-09 10:10:43 [DEBUG] httpcore.http11 - send_request_body.complete
2026-04-09 10:10:43 [DEBUG] httpcore.http11 - receive_response_headers.started request=<Request [b'POST']>
2026-04-09 10:10:47 [DEBUG] httpcore.http11 - receive_response_headers.complete return_value=(b'HTTP/1.1', 200, b'OK', [(b'X-Content-Type-Options', b'nosniff'), (b'Referrer-Policy', b'no-referrer'), (b'Permissions-Policy', b'camera=(), microphone=(), geolocation=()'), (b'Content-Type', b'application/json; charset=utf-8'), (b'Date', b'Thu, 09 Apr 2026 02:10:47 GMT'), (b'Connection', b'keep-alive'), (b'Keep-Alive', b'timeout=5'), (b'Content-Length', b'275')])
2026-04-09 10:10:47 [INFO] httpx - HTTP Request: POST http://127.0.0.1:18789/tools/invoke "HTTP/1.1 200 OK"
2026-04-09 10:10:47 [DEBUG] httpcore.http11 - receive_response_body.started request=<Request [b'POST']>
2026-04-09 10:10:47 [DEBUG] httpcore.http11 - receive_response_body.complete
2026-04-09 10:10:47 [DEBUG] httpcore.http11 - response_closed.started
2026-04-09 10:10:47 [DEBUG] httpcore.http11 - response_closed.complete
2026-04-09 10:10:47 [INFO] openclaw_alpha.openclaw.cron_utils - 轮询 HTTP 调用: job_id=4b73a358-3f92-4763-8cca-b994a19c90bc, poll_count=25, poll_elapsed=3.55s
2026-04-09 10:10:47 [INFO] openclaw_alpha.openclaw.cron_utils - 轮询响应: ok=True, entries_count=0
2026-04-09 10:10:57 [DEBUG] httpcore.connection - close.started
2026-04-09 10:10:57 [DEBUG] httpcore.connection - close.complete
2026-04-09 10:10:57 [DEBUG] httpcore.connection - connect_tcp.started host='127.0.0.1' port=18789 local_address=None timeout=10.0 socket_options=None
2026-04-09 10:10:57 [DEBUG] httpcore.connection - connect_tcp.complete return_value=<httpcore._backends.anyio.AnyIOStream object at 0x766269625e10>
2026-04-09 10:10:57 [DEBUG] httpcore.http11 - send_request_headers.started request=<Request [b'POST']>
2026-04-09 10:10:57 [DEBUG] httpcore.http11 - send_request_headers.complete
2026-04-09 10:10:57 [DEBUG] httpcore.http11 - send_request_body.started request=<Request [b'POST']>
2026-04-09 10:10:57 [DEBUG] httpcore.http11 - send_request_body.complete
2026-04-09 10:10:57 [DEBUG] httpcore.http11 - receive_response_headers.started request=<Request [b'POST']>
2026-04-09 10:10:58 [DEBUG] httpcore.http11 - receive_response_headers.complete return_value=(b'HTTP/1.1', 200, b'OK', [(b'X-Content-Type-Options', b'nosniff'), (b'Referrer-Policy', b'no-referrer'), (b'Permissions-Policy', b'camera=(), microphone=(), geolocation=()'), (b'Content-Type', b'application/json; charset=utf-8'), (b'Date', b'Thu, 09 Apr 2026 02:10:58 GMT'), (b'Connection', b'keep-alive'), (b'Keep-Alive', b'timeout=5'), (b'Content-Length', b'275')])
2026-04-09 10:10:58 [INFO] httpx - HTTP Request: POST http://127.0.0.1:18789/tools/invoke "HTTP/1.1 200 OK"
2026-04-09 10:10:58 [DEBUG] httpcore.http11 - receive_response_body.started request=<Request [b'POST']>
2026-04-09 10:10:58 [DEBUG] httpcore.http11 - receive_response_body.complete
2026-04-09 10:10:58 [DEBUG] httpcore.http11 - response_closed.started
2026-04-09 10:10:58 [DEBUG] httpcore.http11 - response_closed.complete
2026-04-09 10:10:58 [INFO] openclaw_alpha.openclaw.cron_utils - 轮询 HTTP 调用: job_id=4b73a358-3f92-4763-8cca-b994a19c90bc, poll_count=26, poll_elapsed=1.73s
2026-04-09 10:10:58 [INFO] openclaw_alpha.openclaw.cron_utils - 轮询响应: ok=True, entries_count=0
2026-04-09 10:11:08 [DEBUG] httpcore.connection - close.started
2026-04-09 10:11:08 [DEBUG] httpcore.connection - close.complete
2026-04-09 10:11:08 [DEBUG] httpcore.connection - connect_tcp.started host='127.0.0.1' port=18789 local_address=None timeout=10.0 socket_options=None
2026-04-09 10:11:08 [DEBUG] httpcore.connection - connect_tcp.complete return_value=<httpcore._backends.anyio.AnyIOStream object at 0x7662694aa270>
2026-04-09 10:11:08 [DEBUG] httpcore.http11 - send_request_headers.started request=<Request [b'POST']>
2026-04-09 10:11:08 [DEBUG] httpcore.http11 - send_request_headers.complete
2026-04-09 10:11:08 [DEBUG] httpcore.http11 - send_request_body.started request=<Request [b'POST']>
2026-04-09 10:11:08 [DEBUG] httpcore.http11 - send_request_body.complete
2026-04-09 10:11:08 [DEBUG] httpcore.http11 - receive_response_headers.started request=<Request [b'POST']>
2026-04-09 10:11:10 [DEBUG] httpcore.http11 - receive_response_headers.complete return_value=(b'HTTP/1.1', 200, b'OK', [(b'X-Content-Type-Options', b'nosniff'), (b'Referrer-Policy', b'no-referrer'), (b'Permissions-Policy', b'camera=(), microphone=(), geolocation=()'), (b'Content-Type', b'application/json; charset=utf-8'), (b'Date', b'Thu, 09 Apr 2026 02:11:10 GMT'), (b'Connection', b'keep-alive'), (b'Keep-Alive', b'timeout=5'), (b'Content-Length', b'275')])
2026-04-09 10:11:10 [INFO] httpx - HTTP Request: POST http://127.0.0.1:18789/tools/invoke "HTTP/1.1 200 OK"
2026-04-09 10:11:10 [DEBUG] httpcore.http11 - receive_response_body.started request=<Request [b'POST']>
2026-04-09 10:11:10 [DEBUG] httpcore.http11 - receive_response_body.complete
2026-04-09 10:11:10 [DEBUG] httpcore.http11 - response_closed.started
2026-04-09 10:11:10 [DEBUG] httpcore.http11 - response_closed.complete
2026-04-09 10:11:10 [INFO] openclaw_alpha.openclaw.cron_utils - 轮询 HTTP 调用: job_id=4b73a358-3f92-4763-8cca-b994a19c90bc, poll_count=27, poll_elapsed=2.10s
2026-04-09 10:11:10 [INFO] openclaw_alpha.openclaw.cron_utils - 轮询响应: ok=True, entries_count=0
2026-04-09 10:11:20 [DEBUG] httpcore.connection - close.started
2026-04-09 10:11:20 [DEBUG] httpcore.connection - close.complete
2026-04-09 10:11:20 [DEBUG] httpcore.connection - connect_tcp.started host='127.0.0.1' port=18789 local_address=None timeout=10.0 socket_options=None
2026-04-09 10:11:20 [DEBUG] httpcore.connection - connect_tcp.complete return_value=<httpcore._backends.anyio.AnyIOStream object at 0x7662694ce0f0>
2026-04-09 10:11:20 [DEBUG] httpcore.http11 - send_request_headers.started request=<Request [b'POST']>
2026-04-09 10:11:20 [DEBUG] httpcore.http11 - send_request_headers.complete
2026-04-09 10:11:20 [DEBUG] httpcore.http11 - send_request_body.started request=<Request [b'POST']>
2026-04-09 10:11:20 [DEBUG] httpcore.http11 - send_request_body.complete
2026-04-09 10:11:20 [DEBUG] httpcore.http11 - receive_response_headers.started request=<Request [b'POST']>
2026-04-09 10:11:22 [DEBUG] httpcore.http11 - receive_response_headers.complete return_value=(b'HTTP/1.1', 200, b'OK', [(b'X-Content-Type-Options', b'nosniff'), (b'Referrer-Policy', b'no-referrer'), (b'Permissions-Policy', b'camera=(), microphone=(), geolocation=()'), (b'Content-Type', b'application/json; charset=utf-8'), (b'Date', b'Thu, 09 Apr 2026 02:11:22 GMT'), (b'Connection', b'keep-alive'), (b'Keep-Alive', b'timeout=5'), (b'Content-Length', b'275')])
2026-04-09 10:11:22 [INFO] httpx - HTTP Request: POST http://127.0.0.1:18789/tools/invoke "HTTP/1.1 200 OK"
2026-04-09 10:11:22 [DEBUG] httpcore.http11 - receive_response_body.started request=<Request [b'POST']>
2026-04-09 10:11:22 [DEBUG] httpcore.http11 - receive_response_body.complete
2026-04-09 10:11:22 [DEBUG] httpcore.http11 - response_closed.started
2026-04-09 10:11:22 [DEBUG] httpcore.http11 - response_closed.complete
2026-04-09 10:11:22 [INFO] openclaw_alpha.openclaw.cron_utils - 轮询 HTTP 调用: job_id=4b73a358-3f92-4763-8cca-b994a19c90bc, poll_count=28, poll_elapsed=1.58s
2026-04-09 10:11:22 [INFO] openclaw_alpha.openclaw.cron_utils - 轮询响应: ok=True, entries_count=0
2026-04-09 10:11:32 [DEBUG] httpcore.connection - close.started
2026-04-09 10:11:32 [DEBUG] httpcore.connection - close.complete
2026-04-09 10:11:32 [DEBUG] httpcore.connection - connect_tcp.started host='127.0.0.1' port=18789 local_address=None timeout=10.0 socket_options=None
2026-04-09 10:11:32 [DEBUG] httpcore.connection - connect_tcp.complete return_value=<httpcore._backends.anyio.AnyIOStream object at 0x766268b9b700>
2026-04-09 10:11:32 [DEBUG] httpcore.http11 - send_request_headers.started request=<Request [b'POST']>
2026-04-09 10:11:32 [DEBUG] httpcore.http11 - send_request_headers.complete
2026-04-09 10:11:32 [DEBUG] httpcore.http11 - send_request_body.started request=<Request [b'POST']>
2026-04-09 10:11:32 [DEBUG] httpcore.http11 - send_request_body.complete
2026-04-09 10:11:32 [DEBUG] httpcore.http11 - receive_response_headers.started request=<Request [b'POST']>
2026-04-09 10:11:36 [DEBUG] httpcore.http11 - receive_response_headers.complete return_value=(b'HTTP/1.1', 200, b'OK', [(b'X-Content-Type-Options', b'nosniff'), (b'Referrer-Policy', b'no-referrer'), (b'Permissions-Policy', b'camera=(), microphone=(), geolocation=()'), (b'Content-Type', b'application/json; charset=utf-8'), (b'Date', b'Thu, 09 Apr 2026 02:11:36 GMT'), (b'Connection', b'keep-alive'), (b'Keep-Alive', b'timeout=5'), (b'Content-Length', b'275')])
2026-04-09 10:11:36 [INFO] httpx - HTTP Request: POST http://127.0.0.1:18789/tools/invoke "HTTP/1.1 200 OK"
2026-04-09 10:11:36 [DEBUG] httpcore.http11 - receive_response_body.started request=<Request [b'POST']>
2026-04-09 10:11:36 [DEBUG] httpcore.http11 - receive_response_body.complete
2026-04-09 10:11:36 [DEBUG] httpcore.http11 - response_closed.started
2026-04-09 10:11:36 [DEBUG] httpcore.http11 - response_closed.complete
2026-04-09 10:11:36 [INFO] openclaw_alpha.openclaw.cron_utils - 轮询 HTTP 调用: job_id=4b73a358-3f92-4763-8cca-b994a19c90bc, poll_count=29, poll_elapsed=4.10s
2026-04-09 10:11:36 [INFO] openclaw_alpha.openclaw.cron_utils - 轮询响应: ok=True, entries_count=0
2026-04-09 10:11:46 [DEBUG] httpcore.connection - close.started
2026-04-09 10:11:46 [DEBUG] httpcore.connection - close.complete
2026-04-09 10:11:46 [DEBUG] httpcore.connection - connect_tcp.started host='127.0.0.1' port=18789 local_address=None timeout=10.0 socket_options=None
2026-04-09 10:11:46 [DEBUG] httpcore.connection - connect_tcp.complete return_value=<httpcore._backends.anyio.AnyIOStream object at 0x766268b9b480>
2026-04-09 10:11:46 [DEBUG] httpcore.http11 - send_request_headers.started request=<Request [b'POST']>
2026-04-09 10:11:46 [DEBUG] httpcore.http11 - send_request_headers.complete
2026-04-09 10:11:46 [DEBUG] httpcore.http11 - send_request_body.started request=<Request [b'POST']>
2026-04-09 10:11:46 [DEBUG] httpcore.http11 - send_request_body.complete
2026-04-09 10:11:46 [DEBUG] httpcore.http11 - receive_response_headers.started request=<Request [b'POST']>
2026-04-09 10:11:48 [DEBUG] httpcore.http11 - receive_response_headers.complete return_value=(b'HTTP/1.1', 200, b'OK', [(b'X-Content-Type-Options', b'nosniff'), (b'Referrer-Policy', b'no-referrer'), (b'Permissions-Policy', b'camera=(), microphone=(), geolocation=()'), (b'Content-Type', b'application/json; charset=utf-8'), (b'Date', b'Thu, 09 Apr 2026 02:11:48 GMT'), (b'Connection', b'keep-alive'), (b'Keep-Alive', b'timeout=5'), (b'Content-Length', b'275')])
2026-04-09 10:11:48 [INFO] httpx - HTTP Request: POST http://127.0.0.1:18789/tools/invoke "HTTP/1.1 200 OK"
2026-04-09 10:11:48 [DEBUG] httpcore.http11 - receive_response_body.started request=<Request [b'POST']>
2026-04-09 10:11:48 [DEBUG] httpcore.http11 - receive_response_body.complete
2026-04-09 10:11:48 [DEBUG] httpcore.http11 - response_closed.started
2026-04-09 10:11:48 [DEBUG] httpcore.http11 - response_closed.complete
2026-04-09 10:11:48 [INFO] openclaw_alpha.openclaw.cron_utils - 轮询 HTTP 调用: job_id=4b73a358-3f92-4763-8cca-b994a19c90bc, poll_count=30, poll_elapsed=1.98s
2026-04-09 10:11:48 [INFO] openclaw_alpha.openclaw.cron_utils - 轮询响应: ok=True, entries_count=0
2026-04-09 10:11:58 [DEBUG] httpcore.connection - close.started
2026-04-09 10:11:58 [DEBUG] httpcore.connection - close.complete
2026-04-09 10:11:58 [DEBUG] httpcore.connection - connect_tcp.started host='127.0.0.1' port=18789 local_address=None timeout=10.0 socket_options=None
2026-04-09 10:11:58 [DEBUG] httpcore.connection - connect_tcp.complete return_value=<httpcore._backends.anyio.AnyIOStream object at 0x766268b9b570>
2026-04-09 10:11:58 [DEBUG] httpcore.http11 - send_request_headers.started request=<Request [b'POST']>
2026-04-09 10:11:58 [DEBUG] httpcore.http11 - send_request_headers.complete
2026-04-09 10:11:58 [DEBUG] httpcore.http11 - send_request_body.started request=<Request [b'POST']>
2026-04-09 10:11:58 [DEBUG] httpcore.http11 - send_request_body.complete
2026-04-09 10:11:58 [DEBUG] httpcore.http11 - receive_response_headers.started request=<Request [b'POST']>
2026-04-09 10:12:00 [DEBUG] httpcore.http11 - receive_response_headers.complete return_value=(b'HTTP/1.1', 200, b'OK', [(b'X-Content-Type-Options', b'nosniff'), (b'Referrer-Policy', b'no-referrer'), (b'Permissions-Policy', b'camera=(), microphone=(), geolocation=()'), (b'Content-Type', b'application/json; charset=utf-8'), (b'Date', b'Thu, 09 Apr 2026 02:12:00 GMT'), (b'Connection', b'keep-alive'), (b'Keep-Alive', b'timeout=5'), (b'Content-Length', b'275')])
2026-04-09 10:12:00 [INFO] httpx - HTTP Request: POST http://127.0.0.1:18789/tools/invoke "HTTP/1.1 200 OK"
2026-04-09 10:12:00 [DEBUG] httpcore.http11 - receive_response_body.started request=<Request [b'POST']>
2026-04-09 10:12:00 [DEBUG] httpcore.http11 - receive_response_body.complete
2026-04-09 10:12:00 [DEBUG] httpcore.http11 - response_closed.started
2026-04-09 10:12:00 [DEBUG] httpcore.http11 - response_closed.complete
2026-04-09 10:12:00 [INFO] openclaw_alpha.openclaw.cron_utils - 轮询 HTTP 调用: job_id=4b73a358-3f92-4763-8cca-b994a19c90bc, poll_count=31, poll_elapsed=2.31s
2026-04-09 10:12:00 [INFO] openclaw_alpha.openclaw.cron_utils - 轮询响应: ok=True, entries_count=0
2026-04-09 10:12:10 [DEBUG] httpcore.connection - close.started
2026-04-09 10:12:10 [DEBUG] httpcore.connection - close.complete
2026-04-09 10:12:10 [DEBUG] httpcore.connection - connect_tcp.started host='127.0.0.1' port=18789 local_address=None timeout=10.0 socket_options=None
2026-04-09 10:12:10 [DEBUG] httpcore.connection - connect_tcp.complete return_value=<httpcore._backends.anyio.AnyIOStream object at 0x766268b7eee0>
2026-04-09 10:12:10 [DEBUG] httpcore.http11 - send_request_headers.started request=<Request [b'POST']>
2026-04-09 10:12:10 [DEBUG] httpcore.http11 - send_request_headers.complete
2026-04-09 10:12:10 [DEBUG] httpcore.http11 - send_request_body.started request=<Request [b'POST']>
2026-04-09 10:12:10 [DEBUG] httpcore.http11 - send_request_body.complete
2026-04-09 10:12:10 [DEBUG] httpcore.http11 - receive_response_headers.started request=<Request [b'POST']>
2026-04-09 10:12:12 [DEBUG] httpcore.http11 - receive_response_headers.complete return_value=(b'HTTP/1.1', 200, b'OK', [(b'X-Content-Type-Options', b'nosniff'), (b'Referrer-Policy', b'no-referrer'), (b'Permissions-Policy', b'camera=(), microphone=(), geolocation=()'), (b'Content-Type', b'application/json; charset=utf-8'), (b'Date', b'Thu, 09 Apr 2026 02:12:12 GMT'), (b'Connection', b'keep-alive'), (b'Keep-Alive', b'timeout=5'), (b'Content-Length', b'275')])
2026-04-09 10:12:12 [INFO] httpx - HTTP Request: POST http://127.0.0.1:18789/tools/invoke "HTTP/1.1 200 OK"
2026-04-09 10:12:12 [DEBUG] httpcore.http11 - receive_response_body.started request=<Request [b'POST']>
2026-04-09 10:12:12 [DEBUG] httpcore.http11 - receive_response_body.complete
2026-04-09 10:12:12 [DEBUG] httpcore.http11 - response_closed.started
2026-04-09 10:12:12 [DEBUG] httpcore.http11 - response_closed.complete
2026-04-09 10:12:12 [INFO] openclaw_alpha.openclaw.cron_utils - 轮询 HTTP 调用: job_id=4b73a358-3f92-4763-8cca-b994a19c90bc, poll_count=32, poll_elapsed=1.64s
2026-04-09 10:12:12 [INFO] openclaw_alpha.openclaw.cron_utils - 轮询响应: ok=True, entries_count=0
2026-04-09 10:12:22 [DEBUG] httpcore.connection - close.started
2026-04-09 10:12:22 [DEBUG] httpcore.connection - close.complete
2026-04-09 10:12:22 [DEBUG] httpcore.connection - connect_tcp.started host='127.0.0.1' port=18789 local_address=None timeout=10.0 socket_options=None
2026-04-09 10:12:22 [DEBUG] httpcore.connection - connect_tcp.complete return_value=<httpcore._backends.anyio.AnyIOStream object at 0x766268b7cf00>
2026-04-09 10:12:22 [DEBUG] httpcore.http11 - send_request_headers.started request=<Request [b'POST']>
2026-04-09 10:12:22 [DEBUG] httpcore.http11 - send_request_headers.complete
2026-04-09 10:12:22 [DEBUG] httpcore.http11 - send_request_body.started request=<Request [b'POST']>
2026-04-09 10:12:22 [DEBUG] httpcore.http11 - send_request_body.complete
2026-04-09 10:12:22 [DEBUG] httpcore.http11 - receive_response_headers.started request=<Request [b'POST']>
2026-04-09 10:12:26 [DEBUG] httpcore.http11 - receive_response_headers.complete return_value=(b'HTTP/1.1', 200, b'OK', [(b'X-Content-Type-Options', b'nosniff'), (b'Referrer-Policy', b'no-referrer'), (b'Permissions-Policy', b'camera=(), microphone=(), geolocation=()'), (b'Content-Type', b'application/json; charset=utf-8'), (b'Date', b'Thu, 09 Apr 2026 02:12:26 GMT'), (b'Connection', b'keep-alive'), (b'Keep-Alive', b'timeout=5'), (b'Content-Length', b'275')])
2026-04-09 10:12:26 [INFO] httpx - HTTP Request: POST http://127.0.0.1:18789/tools/invoke "HTTP/1.1 200 OK"
2026-04-09 10:12:26 [DEBUG] httpcore.http11 - receive_response_body.started request=<Request [b'POST']>
2026-04-09 10:12:26 [DEBUG] httpcore.http11 - receive_response_body.complete
2026-04-09 10:12:26 [DEBUG] httpcore.http11 - response_closed.started
2026-04-09 10:12:26 [DEBUG] httpcore.http11 - response_closed.complete
2026-04-09 10:12:26 [INFO] openclaw_alpha.openclaw.cron_utils - 轮询 HTTP 调用: job_id=4b73a358-3f92-4763-8cca-b994a19c90bc, poll_count=33, poll_elapsed=4.09s
2026-04-09 10:12:26 [INFO] openclaw_alpha.openclaw.cron_utils - 轮询响应: ok=True, entries_count=0
2026-04-09 10:12:36 [DEBUG] httpcore.connection - close.started
2026-04-09 10:12:36 [DEBUG] httpcore.connection - close.complete
2026-04-09 10:12:36 [DEBUG] httpcore.connection - connect_tcp.started host='127.0.0.1' port=18789 local_address=None timeout=10.0 socket_options=None
2026-04-09 10:12:36 [DEBUG] httpcore.connection - connect_tcp.complete return_value=<httpcore._backends.anyio.AnyIOStream object at 0x766268c14500>
2026-04-09 10:12:36 [DEBUG] httpcore.http11 - send_request_headers.started request=<Request [b'POST']>
2026-04-09 10:12:36 [DEBUG] httpcore.http11 - send_request_headers.complete
2026-04-09 10:12:36 [DEBUG] httpcore.http11 - send_request_body.started request=<Request [b'POST']>
2026-04-09 10:12:36 [DEBUG] httpcore.http11 - send_request_body.complete
2026-04-09 10:12:36 [DEBUG] httpcore.http11 - receive_response_headers.started request=<Request [b'POST']>
2026-04-09 10:12:38 [DEBUG] httpcore.http11 - receive_response_headers.complete return_value=(b'HTTP/1.1', 200, b'OK', [(b'X-Content-Type-Options', b'nosniff'), (b'Referrer-Policy', b'no-referrer'), (b'Permissions-Policy', b'camera=(), microphone=(), geolocation=()'), (b'Content-Type', b'application/json; charset=utf-8'), (b'Date', b'Thu, 09 Apr 2026 02:12:38 GMT'), (b'Connection', b'keep-alive'), (b'Keep-Alive', b'timeout=5'), (b'Content-Length', b'275')])
2026-04-09 10:12:38 [INFO] httpx - HTTP Request: POST http://127.0.0.1:18789/tools/invoke "HTTP/1.1 200 OK"
2026-04-09 10:12:38 [DEBUG] httpcore.http11 - receive_response_body.started request=<Request [b'POST']>
2026-04-09 10:12:38 [DEBUG] httpcore.http11 - receive_response_body.complete
2026-04-09 10:12:38 [DEBUG] httpcore.http11 - response_closed.started
2026-04-09 10:12:38 [DEBUG] httpcore.http11 - response_closed.complete
2026-04-09 10:12:38 [INFO] openclaw_alpha.openclaw.cron_utils - 轮询 HTTP 调用: job_id=4b73a358-3f92-4763-8cca-b994a19c90bc, poll_count=34, poll_elapsed=1.77s
2026-04-09 10:12:38 [INFO] openclaw_alpha.openclaw.cron_utils - 轮询响应: ok=True, entries_count=0
2026-04-09 10:12:48 [DEBUG] httpcore.connection - close.started
2026-04-09 10:12:48 [DEBUG] httpcore.connection - close.complete
2026-04-09 10:12:48 [DEBUG] httpcore.connection - connect_tcp.started host='127.0.0.1' port=18789 local_address=None timeout=10.0 socket_options=None
2026-04-09 10:12:48 [DEBUG] httpcore.connection - connect_tcp.complete return_value=<httpcore._backends.anyio.AnyIOStream object at 0x766268c14730>
2026-04-09 10:12:48 [DEBUG] httpcore.http11 - send_request_headers.started request=<Request [b'POST']>
2026-04-09 10:12:48 [DEBUG] httpcore.http11 - send_request_headers.complete
2026-04-09 10:12:48 [DEBUG] httpcore.http11 - send_request_body.started request=<Request [b'POST']>
2026-04-09 10:12:48 [DEBUG] httpcore.http11 - send_request_body.complete
2026-04-09 10:12:48 [DEBUG] httpcore.http11 - receive_response_headers.started request=<Request [b'POST']>
2026-04-09 10:12:50 [DEBUG] httpcore.http11 - receive_response_headers.complete return_value=(b'HTTP/1.1', 200, b'OK', [(b'X-Content-Type-Options', b'nosniff'), (b'Referrer-Policy', b'no-referrer'), (b'Permissions-Policy', b'camera=(), microphone=(), geolocation=()'), (b'Content-Type', b'application/json; charset=utf-8'), (b'Date', b'Thu, 09 Apr 2026 02:12:50 GMT'), (b'Connection', b'keep-alive'), (b'Keep-Alive', b'timeout=5'), (b'Content-Length', b'275')])
2026-04-09 10:12:50 [INFO] httpx - HTTP Request: POST http://127.0.0.1:18789/tools/invoke "HTTP/1.1 200 OK"
2026-04-09 10:12:50 [DEBUG] httpcore.http11 - receive_response_body.started request=<Request [b'POST']>
2026-04-09 10:12:50 [DEBUG] httpcore.http11 - receive_response_body.complete
2026-04-09 10:12:50 [DEBUG] httpcore.http11 - response_closed.started
2026-04-09 10:12:50 [DEBUG] httpcore.http11 - response_closed.complete
2026-04-09 10:12:50 [INFO] openclaw_alpha.openclaw.cron_utils - 轮询 HTTP 调用: job_id=4b73a358-3f92-4763-8cca-b994a19c90bc, poll_count=35, poll_elapsed=2.12s
2026-04-09 10:12:50 [INFO] openclaw_alpha.openclaw.cron_utils - 轮询响应: ok=True, entries_count=0
2026-04-09 10:13:00 [DEBUG] httpcore.connection - close.started
2026-04-09 10:13:00 [DEBUG] httpcore.connection - close.complete
2026-04-09 10:13:00 [DEBUG] httpcore.connection - connect_tcp.started host='127.0.0.1' port=18789 local_address=None timeout=10.0 socket_options=None
2026-04-09 10:13:00 [DEBUG] httpcore.connection - connect_tcp.complete return_value=<httpcore._backends.anyio.AnyIOStream object at 0x766268c14960>
2026-04-09 10:13:00 [DEBUG] httpcore.http11 - send_request_headers.started request=<Request [b'POST']>
2026-04-09 10:13:00 [DEBUG] httpcore.http11 - send_request_headers.complete
2026-04-09 10:13:00 [DEBUG] httpcore.http11 - send_request_body.started request=<Request [b'POST']>
2026-04-09 10:13:00 [DEBUG] httpcore.http11 - send_request_body.complete
2026-04-09 10:13:00 [DEBUG] httpcore.http11 - receive_response_headers.started request=<Request [b'POST']>
2026-04-09 10:13:02 [DEBUG] httpcore.http11 - receive_response_headers.complete return_value=(b'HTTP/1.1', 200, b'OK', [(b'X-Content-Type-Options', b'nosniff'), (b'Referrer-Policy', b'no-referrer'), (b'Permissions-Policy', b'camera=(), microphone=(), geolocation=()'), (b'Content-Type', b'application/json; charset=utf-8'), (b'Date', b'Thu, 09 Apr 2026 02:13:02 GMT'), (b'Connection', b'keep-alive'), (b'Keep-Alive', b'timeout=5'), (b'Content-Length', b'275')])
2026-04-09 10:13:02 [INFO] httpx - HTTP Request: POST http://127.0.0.1:18789/tools/invoke "HTTP/1.1 200 OK"
2026-04-09 10:13:02 [DEBUG] httpcore.http11 - receive_response_body.started request=<Request [b'POST']>
2026-04-09 10:13:02 [DEBUG] httpcore.http11 - receive_response_body.complete
2026-04-09 10:13:02 [DEBUG] httpcore.http11 - response_closed.started
2026-04-09 10:13:02 [DEBUG] httpcore.http11 - response_closed.complete
2026-04-09 10:13:02 [INFO] openclaw_alpha.openclaw.cron_utils - 轮询 HTTP 调用: job_id=4b73a358-3f92-4763-8cca-b994a19c90bc, poll_count=36, poll_elapsed=1.59s
2026-04-09 10:13:02 [INFO] openclaw_alpha.openclaw.cron_utils - 轮询响应: ok=True, entries_count=0
2026-04-09 10:13:12 [DEBUG] httpcore.connection - close.started
2026-04-09 10:13:12 [DEBUG] httpcore.connection - close.complete
2026-04-09 10:13:12 [DEBUG] httpcore.connection - connect_tcp.started host='127.0.0.1' port=18789 local_address=None timeout=10.0 socket_options=None
2026-04-09 10:13:12 [DEBUG] httpcore.connection - connect_tcp.complete return_value=<httpcore._backends.anyio.AnyIOStream object at 0x766268c14b90>
2026-04-09 10:13:12 [DEBUG] httpcore.http11 - send_request_headers.started request=<Request [b'POST']>
2026-04-09 10:13:12 [DEBUG] httpcore.http11 - send_request_headers.complete
2026-04-09 10:13:12 [DEBUG] httpcore.http11 - send_request_body.started request=<Request [b'POST']>
2026-04-09 10:13:12 [DEBUG] httpcore.http11 - send_request_body.complete
2026-04-09 10:13:12 [DEBUG] httpcore.http11 - receive_response_headers.started request=<Request [b'POST']>
2026-04-09 10:13:16 [DEBUG] httpcore.http11 - receive_response_headers.complete return_value=(b'HTTP/1.1', 200, b'OK', [(b'X-Content-Type-Options', b'nosniff'), (b'Referrer-Policy', b'no-referrer'), (b'Permissions-Policy', b'camera=(), microphone=(), geolocation=()'), (b'Content-Type', b'application/json; charset=utf-8'), (b'Date', b'Thu, 09 Apr 2026 02:13:16 GMT'), (b'Connection', b'keep-alive'), (b'Keep-Alive', b'timeout=5'), (b'Content-Length', b'275')])
2026-04-09 10:13:16 [INFO] httpx - HTTP Request: POST http://127.0.0.1:18789/tools/invoke "HTTP/1.1 200 OK"
2026-04-09 10:13:16 [DEBUG] httpcore.http11 - receive_response_body.started request=<Request [b'POST']>
2026-04-09 10:13:16 [DEBUG] httpcore.http11 - receive_response_body.complete
2026-04-09 10:13:16 [DEBUG] httpcore.http11 - response_closed.started
2026-04-09 10:13:16 [DEBUG] httpcore.http11 - response_closed.complete
2026-04-09 10:13:16 [INFO] openclaw_alpha.openclaw.cron_utils - 轮询 HTTP 调用: job_id=4b73a358-3f92-4763-8cca-b994a19c90bc, poll_count=37, poll_elapsed=4.11s
2026-04-09 10:13:16 [INFO] openclaw_alpha.openclaw.cron_utils - 轮询响应: ok=True, entries_count=0
2026-04-09 10:13:26 [DEBUG] httpcore.connection - close.started
2026-04-09 10:13:26 [DEBUG] httpcore.connection - close.complete
2026-04-09 10:13:26 [DEBUG] httpcore.connection - connect_tcp.started host='127.0.0.1' port=18789 local_address=None timeout=10.0 socket_options=None
2026-04-09 10:13:26 [DEBUG] httpcore.connection - connect_tcp.complete return_value=<httpcore._backends.anyio.AnyIOStream object at 0x766268c14dc0>
2026-04-09 10:13:26 [DEBUG] httpcore.http11 - send_request_headers.started request=<Request [b'POST']>
2026-04-09 10:13:26 [DEBUG] httpcore.http11 - send_request_headers.complete
2026-04-09 10:13:26 [DEBUG] httpcore.http11 - send_request_body.started request=<Request [b'POST']>
2026-04-09 10:13:26 [DEBUG] httpcore.http11 - send_request_body.complete
2026-04-09 10:13:26 [DEBUG] httpcore.http11 - receive_response_headers.started request=<Request [b'POST']>
2026-04-09 10:13:27 [DEBUG] httpcore.http11 - receive_response_headers.complete return_value=(b'HTTP/1.1', 200, b'OK', [(b'X-Content-Type-Options', b'nosniff'), (b'Referrer-Policy', b'no-referrer'), (b'Permissions-Policy', b'camera=(), microphone=(), geolocation=()'), (b'Content-Type', b'application/json; charset=utf-8'), (b'Date', b'Thu, 09 Apr 2026 02:13:27 GMT'), (b'Connection', b'keep-alive'), (b'Keep-Alive', b'timeout=5'), (b'Content-Length', b'2558')])
2026-04-09 10:13:27 [INFO] httpx - HTTP Request: POST http://127.0.0.1:18789/tools/invoke "HTTP/1.1 200 OK"
2026-04-09 10:13:27 [DEBUG] httpcore.http11 - receive_response_body.started request=<Request [b'POST']>
2026-04-09 10:13:27 [DEBUG] httpcore.http11 - receive_response_body.complete
2026-04-09 10:13:27 [DEBUG] httpcore.http11 - response_closed.started
2026-04-09 10:13:27 [DEBUG] httpcore.http11 - response_closed.complete
2026-04-09 10:13:27 [INFO] openclaw_alpha.openclaw.cron_utils - 轮询 HTTP 调用: job_id=4b73a358-3f92-4763-8cca-b994a19c90bc, poll_count=38, poll_elapsed=1.65s
2026-04-09 10:13:27 [INFO] openclaw_alpha.openclaw.cron_utils - 轮询响应: ok=True, entries_count=1
2026-04-09 10:13:27 [INFO] openclaw_alpha.openclaw.cron_utils - 轮询结果: status=ok, durationMs=453779, sessionId=9ea163c5-59aa-439a-a6a4-a98669010820
2026-04-09 10:13:27 [INFO] openclaw_alpha.openclaw.cron_utils - 任务完成: ok（耗时 453779ms）
2026-04-09 10:13:27 [INFO] openclaw_alpha.openclaw.cron_utils - 任务运行完成: sessionId=9ea163c5-59aa-439a-a6a4-a98669010820
2026-04-09 10:13:27 [DEBUG] httpcore.http11 - send_request_headers.started request=<Request [b'POST']>
2026-04-09 10:13:27 [DEBUG] httpcore.http11 - send_request_headers.complete
2026-04-09 10:13:27 [DEBUG] httpcore.http11 - send_request_body.started request=<Request [b'POST']>
2026-04-09 10:13:27 [DEBUG] httpcore.http11 - send_request_body.complete
2026-04-09 10:13:27 [DEBUG] httpcore.http11 - receive_response_headers.started request=<Request [b'POST']>
2026-04-09 10:13:29 [DEBUG] httpcore.http11 - receive_response_headers.complete return_value=(b'HTTP/1.1', 200, b'OK', [(b'X-Content-Type-Options', b'nosniff'), (b'Referrer-Policy', b'no-referrer'), (b'Permissions-Policy', b'camera=(), microphone=(), geolocation=()'), (b'Content-Type', b'application/json; charset=utf-8'), (b'Date', b'Thu, 09 Apr 2026 02:13:29 GMT'), (b'Connection', b'keep-alive'), (b'Keep-Alive', b'timeout=5'), (b'Content-Length', b'141')])
2026-04-09 10:13:29 [INFO] httpx - HTTP Request: POST http://127.0.0.1:18789/tools/invoke "HTTP/1.1 200 OK"
2026-04-09 10:13:29 [DEBUG] httpcore.http11 - receive_response_body.started request=<Request [b'POST']>
2026-04-09 10:13:29 [DEBUG] httpcore.http11 - receive_response_body.complete
2026-04-09 10:13:29 [DEBUG] httpcore.http11 - response_closed.started
2026-04-09 10:13:29 [DEBUG] httpcore.http11 - response_closed.complete
2026-04-09 10:13:29 [INFO] openclaw_alpha.openclaw.cron_utils - 任务已删除: 4b73a358-3f92-4763-8cca-b994a19c90bc
2026-04-09 10:13:29 [INFO] openclaw_alpha.backend.quick_news.task_executor - cron 任务已提交: job_id=4b73a358-3f92-4763-8cca-b994a19c90bc, session_id=9ea163c5-59aa-439a-a6a4-a98669010820
2026-04-09 10:13:29 [INFO] openclaw_alpha.backend.quick_news.task_executor - 任务已完成: 4b73a358-3f92-4763-8cca-b994a19c90bc, sessionId: 9ea163c5-59aa-439a-a6a4-a98669010820
2026-04-09 10:13:29 [INFO] openclaw_alpha.backend.quick_news.task_executor - 第 1 次轮询: analysis 字段已写入
2026-04-09 10:13:29 [INFO] openclaw_alpha.backend.quick_news.task_executor - 已读取分析结果并追加 session 字段: jin10_jin10:index:20260408220112858800
2026-04-09 10:13:29 [DEBUG] httpcore.http11 - send_request_headers.started request=<Request [b'POST']>
2026-04-09 10:13:29 [DEBUG] httpcore.http11 - send_request_headers.complete
2026-04-09 10:13:29 [DEBUG] httpcore.http11 - send_request_body.started request=<Request [b'POST']>
2026-04-09 10:13:29 [DEBUG] httpcore.http11 - send_request_body.complete
2026-04-09 10:13:29 [DEBUG] httpcore.http11 - receive_response_headers.started request=<Request [b'POST']>
2026-04-09 10:13:30 [DEBUG] httpcore.http11 - receive_response_headers.complete return_value=(b'HTTP/1.1', 200, b'OK', [(b'X-Content-Type-Options', b'nosniff'), (b'Referrer-Policy', b'no-referrer'), (b'Permissions-Policy', b'camera=(), microphone=(), geolocation=()'), (b'Content-Type', b'application/json; charset=utf-8'), (b'Date', b'Thu, 09 Apr 2026 02:13:30 GMT'), (b'Connection', b'keep-alive'), (b'Keep-Alive', b'timeout=5'), (b'Content-Length', b'457')])
2026-04-09 10:13:30 [INFO] httpx - HTTP Request: POST http://127.0.0.1:18789/tools/invoke "HTTP/1.1 200 OK"
2026-04-09 10:13:30 [DEBUG] httpcore.http11 - receive_response_body.started request=<Request [b'POST']>
2026-04-09 10:13:30 [DEBUG] httpcore.http11 - receive_response_body.complete
2026-04-09 10:13:30 [DEBUG] httpcore.http11 - response_closed.started
2026-04-09 10:13:30 [DEBUG] httpcore.http11 - response_closed.complete
2026-04-09 10:13:30 [INFO] openclaw_alpha.backend.quick_news.task_executor - 已推送到 wecom: Momojie
2026-04-09 10:13:30 [INFO] openclaw_alpha.backend.quick_news.jobs - 分析完成: jin10_jin10:index:20260408220112858800, 值得深度分析: False
2026-04-09 10:13:30 [INFO] openclaw_alpha.backend.quick_news.jobs - 新闻处理完成: 1/1 成功
2026-04-09 10:13:30 [INFO] openclaw_alpha.backend.quick_news.jobs - 准备发送汇总通知: 1 个接收人
2026-04-09 10:13:30 [DEBUG] httpcore.http11 - send_request_headers.started request=<Request [b'POST']>
2026-04-09 10:13:30 [DEBUG] httpcore.http11 - send_request_headers.complete
2026-04-09 10:13:30 [DEBUG] httpcore.http11 - send_request_body.started request=<Request [b'POST']>
2026-04-09 10:13:30 [DEBUG] httpcore.http11 - send_request_body.complete
2026-04-09 10:13:30 [DEBUG] httpcore.http11 - receive_response_headers.started request=<Request [b'POST']>
2026-04-09 10:13:31 [DEBUG] httpcore.http11 - receive_response_headers.complete return_value=(b'HTTP/1.1', 200, b'OK', [(b'X-Content-Type-Options', b'nosniff'), (b'Referrer-Policy', b'no-referrer'), (b'Permissions-Policy', b'camera=(), microphone=(), geolocation=()'), (b'Content-Type', b'application/json; charset=utf-8'), (b'Date', b'Thu, 09 Apr 2026 02:13:31 GMT'), (b'Connection', b'keep-alive'), (b'Keep-Alive', b'timeout=5'), (b'Content-Length', b'457')])
2026-04-09 10:13:31 [INFO] httpx - HTTP Request: POST http://127.0.0.1:18789/tools/invoke "HTTP/1.1 200 OK"
2026-04-09 10:13:31 [DEBUG] httpcore.http11 - receive_response_body.started request=<Request [b'POST']>
2026-04-09 10:13:31 [DEBUG] httpcore.http11 - receive_response_body.complete
2026-04-09 10:13:31 [DEBUG] httpcore.http11 - response_closed.started
2026-04-09 10:13:31 [DEBUG] httpcore.http11 - response_closed.complete
2026-04-09 10:13:31 [INFO] openclaw_alpha.backend.quick_news.jobs - 汇总通知已发送: Momojie
2026-04-09 10:13:31 [INFO] news.trigger - === trigger 完成 ===
2026-04-09 10:22:14 [INFO] news.trigger - === trigger 开始 (limit=1) ===
2026-04-09 10:22:14 [DEBUG] asyncio - Using selector: EpollSelector
2026-04-09 10:22:14 [INFO] openclaw_alpha.backend.quick_news.jobs - 拉取新闻源: cls_telegraph (/cls/telegraph)
2026-04-09 10:22:14 [DEBUG] openclaw_alpha.rsshub.fetcher - 尝试拉取: https://rsshub.liumingye.cn/cls/telegraph
2026-04-09 10:22:15 [DEBUG] openclaw_alpha.rsshub.fetcher - 拉取成功: https://rsshub.liumingye.cn/cls/telegraph, 获取 20 条
2026-04-09 10:22:15 [INFO] openclaw_alpha.backend.quick_news.jobs -   cls_telegraph: saved=9, skipped=11
2026-04-09 10:22:15 [INFO] openclaw_alpha.backend.quick_news.jobs - 拉取新闻源: jin10 (/jin10)
2026-04-09 10:22:15 [DEBUG] openclaw_alpha.rsshub.fetcher - 尝试拉取: https://rsshub.liumingye.cn/jin10
2026-04-09 10:22:16 [DEBUG] openclaw_alpha.rsshub.fetcher - 拉取成功: https://rsshub.liumingye.cn/jin10, 获取 20 条
2026-04-09 10:22:16 [INFO] openclaw_alpha.backend.quick_news.jobs -   jin10: saved=8, skipped=12
2026-04-09 10:22:16 [INFO] openclaw_alpha.backend.quick_news.jobs - 拉取新闻源: wallstreetcn_news (/wallstreetcn/news)
2026-04-09 10:22:16 [DEBUG] openclaw_alpha.rsshub.fetcher - 尝试拉取: https://rsshub.liumingye.cn/wallstreetcn/news
2026-04-09 10:22:18 [DEBUG] openclaw_alpha.rsshub.fetcher - 拉取成功: https://rsshub.liumingye.cn/wallstreetcn/news, 获取 27 条
2026-04-09 10:22:18 [INFO] openclaw_alpha.backend.quick_news.jobs -   wallstreetcn_news: saved=5, skipped=22
2026-04-09 10:22:18 [INFO] openclaw_alpha.backend.quick_news.jobs - 拉取新闻源: yicai_brief (/yicai/brief)
2026-04-09 10:22:18 [DEBUG] openclaw_alpha.rsshub.fetcher - 尝试拉取: https://rsshub.liumingye.cn/yicai/brief
2026-04-09 10:22:23 [DEBUG] openclaw_alpha.rsshub.fetcher - 拉取成功: https://rsshub.liumingye.cn/yicai/brief, 获取 50 条
2026-04-09 10:22:23 [INFO] openclaw_alpha.backend.quick_news.jobs -   yicai_brief: saved=6, skipped=44
2026-04-09 10:22:23 [INFO] openclaw_alpha.backend.quick_news.jobs - 拉取完成: 4 个源, saved=28, skipped=89
2026-04-09 10:22:23 [INFO] openclaw_alpha.backend.quick_news.jobs - 发现 197 条待分析新闻
2026-04-09 10:22:23 [INFO] openclaw_alpha.backend.quick_news.jobs - 应用 limit=1，处理前 1 条
2026-04-09 10:22:23 [INFO] openclaw_alpha.backend.quick_news.jobs - 处理新闻: 特朗普提议与伊朗“联合管理”霍尔木兹海峡 引发航运规则争议 (jin10_jin10:index:20260408214925395800)
2026-04-09 10:22:23 [INFO] openclaw_alpha.backend.quick_news.task_executor - 提交快速分析任务: 特朗普提议与伊朗“联合管理”霍尔木兹海峡 引发航运规则争议 (jin10_jin10:index:20260408214925395800)
2026-04-09 10:22:23 [INFO] openclaw_alpha.backend.quick_news.task_executor -   agent_id=main, model=zai/glm-5.1
2026-04-09 10:22:23 [INFO] openclaw_alpha.backend.quick_news.task_executor -   timeout=900s, session_poll_timeout=900s
2026-04-09 10:22:23 [DEBUG] openclaw_alpha.openclaw.cron_utils - cron.add 参数: news-analysis-jin10_jin10:index:20260408214925395800
2026-04-09 10:22:23 [DEBUG] httpcore.connection - connect_tcp.started host='127.0.0.1' port=18789 local_address=None timeout=30.0 socket_options=None
2026-04-09 10:22:23 [DEBUG] httpcore.connection - connect_tcp.complete return_value=<httpcore._backends.anyio.AnyIOStream object at 0x7d7ed816eba0>
2026-04-09 10:22:23 [DEBUG] httpcore.http11 - send_request_headers.started request=<Request [b'POST']>
2026-04-09 10:22:23 [DEBUG] httpcore.http11 - send_request_headers.complete
2026-04-09 10:22:23 [DEBUG] httpcore.http11 - send_request_body.started request=<Request [b'POST']>
2026-04-09 10:22:23 [DEBUG] httpcore.http11 - send_request_body.complete
2026-04-09 10:22:23 [DEBUG] httpcore.http11 - receive_response_headers.started request=<Request [b'POST']>
2026-04-09 10:22:25 [DEBUG] httpcore.http11 - receive_response_headers.complete return_value=(b'HTTP/1.1', 200, b'OK', [(b'X-Content-Type-Options', b'nosniff'), (b'Referrer-Policy', b'no-referrer'), (b'Permissions-Policy', b'camera=(), microphone=(), geolocation=()'), (b'Content-Type', b'application/json; charset=utf-8'), (b'Date', b'Thu, 09 Apr 2026 02:22:25 GMT'), (b'Connection', b'keep-alive'), (b'Keep-Alive', b'timeout=5'), (b'Content-Length', b'8105')])
2026-04-09 10:22:25 [INFO] httpx - HTTP Request: POST http://127.0.0.1:18789/tools/invoke "HTTP/1.1 200 OK"
2026-04-09 10:22:25 [DEBUG] httpcore.http11 - receive_response_body.started request=<Request [b'POST']>
2026-04-09 10:22:25 [DEBUG] httpcore.http11 - receive_response_body.complete
2026-04-09 10:22:25 [DEBUG] httpcore.http11 - response_closed.started
2026-04-09 10:22:25 [DEBUG] httpcore.http11 - response_closed.complete
2026-04-09 10:22:25 [INFO] openclaw_alpha.openclaw.cron_utils - 任务创建成功: 04c197a2-3d6a-43cc-a0f6-a5a309dea3cd
2026-04-09 10:22:25 [INFO] openclaw_alpha.openclaw.cron_utils - 触发任务: 04c197a2-3d6a-43cc-a0f6-a5a309dea3cd
2026-04-09 10:22:25 [INFO] openclaw_alpha.openclaw.cron_utils - 开始轮询任务完成状态: 04c197a2-3d6a-43cc-a0f6-a5a309dea3cd（超时 900s）
2026-04-09 10:22:25 [DEBUG] httpcore.http11 - send_request_headers.started request=<Request [b'POST']>
2026-04-09 10:22:25 [DEBUG] httpcore.http11 - send_request_headers.complete
2026-04-09 10:22:25 [DEBUG] httpcore.http11 - send_request_body.started request=<Request [b'POST']>
2026-04-09 10:22:25 [DEBUG] httpcore.http11 - send_request_body.complete
2026-04-09 10:22:25 [DEBUG] httpcore.http11 - receive_response_headers.started request=<Request [b'POST']>
2026-04-09 10:22:27 [DEBUG] httpcore.http11 - receive_response_headers.complete return_value=(b'HTTP/1.1', 200, b'OK', [(b'X-Content-Type-Options', b'nosniff'), (b'Referrer-Policy', b'no-referrer'), (b'Permissions-Policy', b'camera=(), microphone=(), geolocation=()'), (b'Content-Type', b'application/json; charset=utf-8'), (b'Date', b'Thu, 09 Apr 2026 02:22:27 GMT'), (b'Connection', b'keep-alive'), (b'Keep-Alive', b'timeout=5'), (b'Content-Length', b'290')])
2026-04-09 10:22:27 [INFO] httpx - HTTP Request: POST http://127.0.0.1:18789/tools/invoke "HTTP/1.1 200 OK"
2026-04-09 10:22:27 [DEBUG] httpcore.http11 - receive_response_body.started request=<Request [b'POST']>
2026-04-09 10:22:27 [DEBUG] httpcore.http11 - receive_response_body.complete
2026-04-09 10:22:27 [DEBUG] httpcore.http11 - response_closed.started
2026-04-09 10:22:27 [DEBUG] httpcore.http11 - response_closed.complete
2026-04-09 10:22:28 [DEBUG] httpcore.http11 - send_request_headers.started request=<Request [b'POST']>
2026-04-09 10:22:28 [DEBUG] httpcore.http11 - send_request_headers.complete
2026-04-09 10:22:28 [DEBUG] httpcore.http11 - send_request_body.started request=<Request [b'POST']>
2026-04-09 10:22:28 [DEBUG] httpcore.http11 - send_request_body.complete
2026-04-09 10:22:28 [DEBUG] httpcore.http11 - receive_response_headers.started request=<Request [b'POST']>
2026-04-09 10:22:32 [DEBUG] httpcore.http11 - receive_response_headers.complete return_value=(b'HTTP/1.1', 200, b'OK', [(b'X-Content-Type-Options', b'nosniff'), (b'Referrer-Policy', b'no-referrer'), (b'Permissions-Policy', b'camera=(), microphone=(), geolocation=()'), (b'Content-Type', b'application/json; charset=utf-8'), (b'Date', b'Thu, 09 Apr 2026 02:22:32 GMT'), (b'Connection', b'keep-alive'), (b'Keep-Alive', b'timeout=5'), (b'Content-Length', b'275')])
2026-04-09 10:22:32 [INFO] httpx - HTTP Request: POST http://127.0.0.1:18789/tools/invoke "HTTP/1.1 200 OK"
2026-04-09 10:22:32 [DEBUG] httpcore.http11 - receive_response_body.started request=<Request [b'POST']>
2026-04-09 10:22:32 [DEBUG] httpcore.http11 - receive_response_body.complete
2026-04-09 10:22:32 [DEBUG] httpcore.http11 - response_closed.started
2026-04-09 10:22:32 [DEBUG] httpcore.http11 - response_closed.complete
2026-04-09 10:22:32 [INFO] openclaw_alpha.openclaw.cron_utils - 轮询 HTTP 调用: job_id=04c197a2-3d6a-43cc-a0f6-a5a309dea3cd, poll_count=1, poll_elapsed=3.60s
2026-04-09 10:22:32 [INFO] openclaw_alpha.openclaw.cron_utils - 轮询响应: ok=True, entries_count=0
2026-04-09 10:22:42 [DEBUG] httpcore.connection - close.started
2026-04-09 10:22:42 [DEBUG] httpcore.connection - close.complete
2026-04-09 10:22:42 [DEBUG] httpcore.connection - connect_tcp.started host='127.0.0.1' port=18789 local_address=None timeout=10.0 socket_options=None
2026-04-09 10:22:42 [DEBUG] httpcore.connection - connect_tcp.complete return_value=<httpcore._backends.anyio.AnyIOStream object at 0x7d7ed8a86e90>
2026-04-09 10:22:42 [DEBUG] httpcore.http11 - send_request_headers.started request=<Request [b'POST']>
2026-04-09 10:22:42 [DEBUG] httpcore.http11 - send_request_headers.complete
2026-04-09 10:22:42 [DEBUG] httpcore.http11 - send_request_body.started request=<Request [b'POST']>
2026-04-09 10:22:42 [DEBUG] httpcore.http11 - send_request_body.complete
2026-04-09 10:22:42 [DEBUG] httpcore.http11 - receive_response_headers.started request=<Request [b'POST']>
2026-04-09 10:22:43 [DEBUG] httpcore.http11 - receive_response_headers.complete return_value=(b'HTTP/1.1', 200, b'OK', [(b'X-Content-Type-Options', b'nosniff'), (b'Referrer-Policy', b'no-referrer'), (b'Permissions-Policy', b'camera=(), microphone=(), geolocation=()'), (b'Content-Type', b'application/json; charset=utf-8'), (b'Date', b'Thu, 09 Apr 2026 02:22:43 GMT'), (b'Connection', b'keep-alive'), (b'Keep-Alive', b'timeout=5'), (b'Content-Length', b'275')])
2026-04-09 10:22:43 [INFO] httpx - HTTP Request: POST http://127.0.0.1:18789/tools/invoke "HTTP/1.1 200 OK"
2026-04-09 10:22:43 [DEBUG] httpcore.http11 - receive_response_body.started request=<Request [b'POST']>
2026-04-09 10:22:43 [DEBUG] httpcore.http11 - receive_response_body.complete
2026-04-09 10:22:43 [DEBUG] httpcore.http11 - response_closed.started
2026-04-09 10:22:43 [DEBUG] httpcore.http11 - response_closed.complete
2026-04-09 10:22:43 [INFO] openclaw_alpha.openclaw.cron_utils - 轮询 HTTP 调用: job_id=04c197a2-3d6a-43cc-a0f6-a5a309dea3cd, poll_count=2, poll_elapsed=1.29s
2026-04-09 10:22:43 [INFO] openclaw_alpha.openclaw.cron_utils - 轮询响应: ok=True, entries_count=0
2026-04-09 10:22:53 [DEBUG] httpcore.connection - close.started
2026-04-09 10:22:53 [DEBUG] httpcore.connection - close.complete
2026-04-09 10:22:53 [DEBUG] httpcore.connection - connect_tcp.started host='127.0.0.1' port=18789 local_address=None timeout=10.0 socket_options=None
2026-04-09 10:22:53 [DEBUG] httpcore.connection - connect_tcp.complete return_value=<httpcore._backends.anyio.AnyIOStream object at 0x7d7ed81c5590>
2026-04-09 10:22:53 [DEBUG] httpcore.http11 - send_request_headers.started request=<Request [b'POST']>
2026-04-09 10:22:53 [DEBUG] httpcore.http11 - send_request_headers.complete
2026-04-09 10:22:53 [DEBUG] httpcore.http11 - send_request_body.started request=<Request [b'POST']>
2026-04-09 10:22:53 [DEBUG] httpcore.http11 - send_request_body.complete
2026-04-09 10:22:53 [DEBUG] httpcore.http11 - receive_response_headers.started request=<Request [b'POST']>
2026-04-09 10:22:55 [DEBUG] httpcore.http11 - receive_response_headers.complete return_value=(b'HTTP/1.1', 200, b'OK', [(b'X-Content-Type-Options', b'nosniff'), (b'Referrer-Policy', b'no-referrer'), (b'Permissions-Policy', b'camera=(), microphone=(), geolocation=()'), (b'Content-Type', b'application/json; charset=utf-8'), (b'Date', b'Thu, 09 Apr 2026 02:22:55 GMT'), (b'Connection', b'keep-alive'), (b'Keep-Alive', b'timeout=5'), (b'Content-Length', b'275')])
2026-04-09 10:22:55 [INFO] httpx - HTTP Request: POST http://127.0.0.1:18789/tools/invoke "HTTP/1.1 200 OK"
2026-04-09 10:22:55 [DEBUG] httpcore.http11 - receive_response_body.started request=<Request [b'POST']>
2026-04-09 10:22:55 [DEBUG] httpcore.http11 - receive_response_body.complete
2026-04-09 10:22:55 [DEBUG] httpcore.http11 - response_closed.started
2026-04-09 10:22:55 [DEBUG] httpcore.http11 - response_closed.complete
2026-04-09 10:22:55 [INFO] openclaw_alpha.openclaw.cron_utils - 轮询 HTTP 调用: job_id=04c197a2-3d6a-43cc-a0f6-a5a309dea3cd, poll_count=3, poll_elapsed=2.21s
2026-04-09 10:22:55 [INFO] openclaw_alpha.openclaw.cron_utils - 轮询响应: ok=True, entries_count=0
2026-04-09 10:23:05 [DEBUG] httpcore.connection - close.started
2026-04-09 10:23:05 [DEBUG] httpcore.connection - close.complete
2026-04-09 10:23:05 [DEBUG] httpcore.connection - connect_tcp.started host='127.0.0.1' port=18789 local_address=None timeout=10.0 socket_options=None
2026-04-09 10:23:05 [DEBUG] httpcore.connection - connect_tcp.complete return_value=<httpcore._backends.anyio.AnyIOStream object at 0x7d7ed816bbb0>
2026-04-09 10:23:05 [DEBUG] httpcore.http11 - send_request_headers.started request=<Request [b'POST']>
2026-04-09 10:23:05 [DEBUG] httpcore.http11 - send_request_headers.complete
2026-04-09 10:23:05 [DEBUG] httpcore.http11 - send_request_body.started request=<Request [b'POST']>
2026-04-09 10:23:05 [DEBUG] httpcore.http11 - send_request_body.complete
2026-04-09 10:23:05 [DEBUG] httpcore.http11 - receive_response_headers.started request=<Request [b'POST']>
2026-04-09 10:23:07 [DEBUG] httpcore.http11 - receive_response_headers.complete return_value=(b'HTTP/1.1', 200, b'OK', [(b'X-Content-Type-Options', b'nosniff'), (b'Referrer-Policy', b'no-referrer'), (b'Permissions-Policy', b'camera=(), microphone=(), geolocation=()'), (b'Content-Type', b'application/json; charset=utf-8'), (b'Date', b'Thu, 09 Apr 2026 02:23:07 GMT'), (b'Connection', b'keep-alive'), (b'Keep-Alive', b'timeout=5'), (b'Content-Length', b'275')])
2026-04-09 10:23:07 [INFO] httpx - HTTP Request: POST http://127.0.0.1:18789/tools/invoke "HTTP/1.1 200 OK"
2026-04-09 10:23:07 [DEBUG] httpcore.http11 - receive_response_body.started request=<Request [b'POST']>
2026-04-09 10:23:07 [DEBUG] httpcore.http11 - receive_response_body.complete
2026-04-09 10:23:07 [DEBUG] httpcore.http11 - response_closed.started
2026-04-09 10:23:07 [DEBUG] httpcore.http11 - response_closed.complete
2026-04-09 10:23:07 [INFO] openclaw_alpha.openclaw.cron_utils - 轮询 HTTP 调用: job_id=04c197a2-3d6a-43cc-a0f6-a5a309dea3cd, poll_count=4, poll_elapsed=1.62s
2026-04-09 10:23:07 [INFO] openclaw_alpha.openclaw.cron_utils - 轮询响应: ok=True, entries_count=0
2026-04-09 10:23:17 [DEBUG] httpcore.connection - close.started
2026-04-09 10:23:17 [DEBUG] httpcore.connection - close.complete
2026-04-09 10:23:17 [DEBUG] httpcore.connection - connect_tcp.started host='127.0.0.1' port=18789 local_address=None timeout=10.0 socket_options=None
2026-04-09 10:23:17 [DEBUG] httpcore.connection - connect_tcp.complete return_value=<httpcore._backends.anyio.AnyIOStream object at 0x7d7ed81f0640>
2026-04-09 10:23:17 [DEBUG] httpcore.http11 - send_request_headers.started request=<Request [b'POST']>
2026-04-09 10:23:17 [DEBUG] httpcore.http11 - send_request_headers.complete
2026-04-09 10:23:17 [DEBUG] httpcore.http11 - send_request_body.started request=<Request [b'POST']>
2026-04-09 10:23:17 [DEBUG] httpcore.http11 - send_request_body.complete
2026-04-09 10:23:17 [DEBUG] httpcore.http11 - receive_response_headers.started request=<Request [b'POST']>
2026-04-09 10:23:21 [DEBUG] httpcore.http11 - receive_response_headers.complete return_value=(b'HTTP/1.1', 200, b'OK', [(b'X-Content-Type-Options', b'nosniff'), (b'Referrer-Policy', b'no-referrer'), (b'Permissions-Policy', b'camera=(), microphone=(), geolocation=()'), (b'Content-Type', b'application/json; charset=utf-8'), (b'Date', b'Thu, 09 Apr 2026 02:23:21 GMT'), (b'Connection', b'keep-alive'), (b'Keep-Alive', b'timeout=5'), (b'Content-Length', b'275')])
2026-04-09 10:23:21 [INFO] httpx - HTTP Request: POST http://127.0.0.1:18789/tools/invoke "HTTP/1.1 200 OK"
2026-04-09 10:23:21 [DEBUG] httpcore.http11 - receive_response_body.started request=<Request [b'POST']>
2026-04-09 10:23:21 [DEBUG] httpcore.http11 - receive_response_body.complete
2026-04-09 10:23:21 [DEBUG] httpcore.http11 - response_closed.started
2026-04-09 10:23:21 [DEBUG] httpcore.http11 - response_closed.complete
2026-04-09 10:23:21 [INFO] openclaw_alpha.openclaw.cron_utils - 轮询 HTTP 调用: job_id=04c197a2-3d6a-43cc-a0f6-a5a309dea3cd, poll_count=5, poll_elapsed=4.32s
2026-04-09 10:23:21 [INFO] openclaw_alpha.openclaw.cron_utils - 轮询响应: ok=True, entries_count=0
2026-04-09 10:23:31 [DEBUG] httpcore.connection - close.started
2026-04-09 10:23:31 [DEBUG] httpcore.connection - close.complete
2026-04-09 10:23:31 [DEBUG] httpcore.connection - connect_tcp.started host='127.0.0.1' port=18789 local_address=None timeout=10.0 socket_options=None
2026-04-09 10:23:31 [DEBUG] httpcore.connection - connect_tcp.complete return_value=<httpcore._backends.anyio.AnyIOStream object at 0x7d7ed81d1370>
2026-04-09 10:23:31 [DEBUG] httpcore.http11 - send_request_headers.started request=<Request [b'POST']>
2026-04-09 10:23:31 [DEBUG] httpcore.http11 - send_request_headers.complete
2026-04-09 10:23:31 [DEBUG] httpcore.http11 - send_request_body.started request=<Request [b'POST']>
2026-04-09 10:23:31 [DEBUG] httpcore.http11 - send_request_body.complete
2026-04-09 10:23:31 [DEBUG] httpcore.http11 - receive_response_headers.started request=<Request [b'POST']>
2026-04-09 10:23:33 [DEBUG] httpcore.http11 - receive_response_headers.complete return_value=(b'HTTP/1.1', 200, b'OK', [(b'X-Content-Type-Options', b'nosniff'), (b'Referrer-Policy', b'no-referrer'), (b'Permissions-Policy', b'camera=(), microphone=(), geolocation=()'), (b'Content-Type', b'application/json; charset=utf-8'), (b'Date', b'Thu, 09 Apr 2026 02:23:33 GMT'), (b'Connection', b'keep-alive'), (b'Keep-Alive', b'timeout=5'), (b'Content-Length', b'275')])
2026-04-09 10:23:33 [INFO] httpx - HTTP Request: POST http://127.0.0.1:18789/tools/invoke "HTTP/1.1 200 OK"
2026-04-09 10:23:33 [DEBUG] httpcore.http11 - receive_response_body.started request=<Request [b'POST']>
2026-04-09 10:23:33 [DEBUG] httpcore.http11 - receive_response_body.complete
2026-04-09 10:23:33 [DEBUG] httpcore.http11 - response_closed.started
2026-04-09 10:23:33 [DEBUG] httpcore.http11 - response_closed.complete
2026-04-09 10:23:33 [INFO] openclaw_alpha.openclaw.cron_utils - 轮询 HTTP 调用: job_id=04c197a2-3d6a-43cc-a0f6-a5a309dea3cd, poll_count=6, poll_elapsed=1.56s
2026-04-09 10:23:33 [INFO] openclaw_alpha.openclaw.cron_utils - 轮询响应: ok=True, entries_count=0
2026-04-09 10:23:43 [DEBUG] httpcore.connection - close.started
2026-04-09 10:23:43 [DEBUG] httpcore.connection - close.complete
2026-04-09 10:23:43 [DEBUG] httpcore.connection - connect_tcp.started host='127.0.0.1' port=18789 local_address=None timeout=10.0 socket_options=None
2026-04-09 10:23:43 [DEBUG] httpcore.connection - connect_tcp.complete return_value=<httpcore._backends.anyio.AnyIOStream object at 0x7d7ed819b020>
2026-04-09 10:23:43 [DEBUG] httpcore.http11 - send_request_headers.started request=<Request [b'POST']>
2026-04-09 10:23:43 [DEBUG] httpcore.http11 - send_request_headers.complete
2026-04-09 10:23:43 [DEBUG] httpcore.http11 - send_request_body.started request=<Request [b'POST']>
2026-04-09 10:23:43 [DEBUG] httpcore.http11 - send_request_body.complete
2026-04-09 10:23:43 [DEBUG] httpcore.http11 - receive_response_headers.started request=<Request [b'POST']>
2026-04-09 10:23:44 [DEBUG] httpcore.http11 - receive_response_headers.complete return_value=(b'HTTP/1.1', 200, b'OK', [(b'X-Content-Type-Options', b'nosniff'), (b'Referrer-Policy', b'no-referrer'), (b'Permissions-Policy', b'camera=(), microphone=(), geolocation=()'), (b'Content-Type', b'application/json; charset=utf-8'), (b'Date', b'Thu, 09 Apr 2026 02:23:44 GMT'), (b'Connection', b'keep-alive'), (b'Keep-Alive', b'timeout=5'), (b'Content-Length', b'275')])
2026-04-09 10:23:44 [INFO] httpx - HTTP Request: POST http://127.0.0.1:18789/tools/invoke "HTTP/1.1 200 OK"
2026-04-09 10:23:44 [DEBUG] httpcore.http11 - receive_response_body.started request=<Request [b'POST']>
2026-04-09 10:23:44 [DEBUG] httpcore.http11 - receive_response_body.complete
2026-04-09 10:23:44 [DEBUG] httpcore.http11 - response_closed.started
2026-04-09 10:23:44 [DEBUG] httpcore.http11 - response_closed.complete
2026-04-09 10:23:44 [INFO] openclaw_alpha.openclaw.cron_utils - 轮询 HTTP 调用: job_id=04c197a2-3d6a-43cc-a0f6-a5a309dea3cd, poll_count=7, poll_elapsed=1.57s
2026-04-09 10:23:44 [INFO] openclaw_alpha.openclaw.cron_utils - 轮询响应: ok=True, entries_count=0
2026-04-09 10:23:54 [DEBUG] httpcore.connection - close.started
2026-04-09 10:23:54 [DEBUG] httpcore.connection - close.complete
2026-04-09 10:23:54 [DEBUG] httpcore.connection - connect_tcp.started host='127.0.0.1' port=18789 local_address=None timeout=10.0 socket_options=None
2026-04-09 10:23:54 [DEBUG] httpcore.connection - connect_tcp.complete return_value=<httpcore._backends.anyio.AnyIOStream object at 0x7d7ed819b8a0>
2026-04-09 10:23:54 [DEBUG] httpcore.http11 - send_request_headers.started request=<Request [b'POST']>
2026-04-09 10:23:54 [DEBUG] httpcore.http11 - send_request_headers.complete
2026-04-09 10:23:54 [DEBUG] httpcore.http11 - send_request_body.started request=<Request [b'POST']>
2026-04-09 10:23:54 [DEBUG] httpcore.http11 - send_request_body.complete
2026-04-09 10:23:54 [DEBUG] httpcore.http11 - receive_response_headers.started request=<Request [b'POST']>
2026-04-09 10:23:56 [DEBUG] httpcore.http11 - receive_response_headers.complete return_value=(b'HTTP/1.1', 200, b'OK', [(b'X-Content-Type-Options', b'nosniff'), (b'Referrer-Policy', b'no-referrer'), (b'Permissions-Policy', b'camera=(), microphone=(), geolocation=()'), (b'Content-Type', b'application/json; charset=utf-8'), (b'Date', b'Thu, 09 Apr 2026 02:23:56 GMT'), (b'Connection', b'keep-alive'), (b'Keep-Alive', b'timeout=5'), (b'Content-Length', b'275')])
2026-04-09 10:23:56 [INFO] httpx - HTTP Request: POST http://127.0.0.1:18789/tools/invoke "HTTP/1.1 200 OK"
2026-04-09 10:23:56 [DEBUG] httpcore.http11 - receive_response_body.started request=<Request [b'POST']>
2026-04-09 10:23:56 [DEBUG] httpcore.http11 - receive_response_body.complete
2026-04-09 10:23:56 [DEBUG] httpcore.http11 - response_closed.started
2026-04-09 10:23:56 [DEBUG] httpcore.http11 - response_closed.complete
2026-04-09 10:23:56 [INFO] openclaw_alpha.openclaw.cron_utils - 轮询 HTTP 调用: job_id=04c197a2-3d6a-43cc-a0f6-a5a309dea3cd, poll_count=8, poll_elapsed=1.59s
2026-04-09 10:23:56 [INFO] openclaw_alpha.openclaw.cron_utils - 轮询响应: ok=True, entries_count=0
2026-04-09 10:24:06 [DEBUG] httpcore.connection - close.started
2026-04-09 10:24:06 [DEBUG] httpcore.connection - close.complete
2026-04-09 10:24:06 [DEBUG] httpcore.connection - connect_tcp.started host='127.0.0.1' port=18789 local_address=None timeout=10.0 socket_options=None
2026-04-09 10:24:06 [DEBUG] httpcore.connection - connect_tcp.complete return_value=<httpcore._backends.anyio.AnyIOStream object at 0x7d7ed81ab650>
2026-04-09 10:24:06 [DEBUG] httpcore.http11 - send_request_headers.started request=<Request [b'POST']>
2026-04-09 10:24:06 [DEBUG] httpcore.http11 - send_request_headers.complete
2026-04-09 10:24:06 [DEBUG] httpcore.http11 - send_request_body.started request=<Request [b'POST']>
2026-04-09 10:24:06 [DEBUG] httpcore.http11 - send_request_body.complete
2026-04-09 10:24:06 [DEBUG] httpcore.http11 - receive_response_headers.started request=<Request [b'POST']>
2026-04-09 10:24:10 [DEBUG] httpcore.http11 - receive_response_headers.complete return_value=(b'HTTP/1.1', 200, b'OK', [(b'X-Content-Type-Options', b'nosniff'), (b'Referrer-Policy', b'no-referrer'), (b'Permissions-Policy', b'camera=(), microphone=(), geolocation=()'), (b'Content-Type', b'application/json; charset=utf-8'), (b'Date', b'Thu, 09 Apr 2026 02:24:10 GMT'), (b'Connection', b'keep-alive'), (b'Keep-Alive', b'timeout=5'), (b'Content-Length', b'275')])
2026-04-09 10:24:10 [INFO] httpx - HTTP Request: POST http://127.0.0.1:18789/tools/invoke "HTTP/1.1 200 OK"
2026-04-09 10:24:10 [DEBUG] httpcore.http11 - receive_response_body.started request=<Request [b'POST']>
2026-04-09 10:24:10 [DEBUG] httpcore.http11 - receive_response_body.complete
2026-04-09 10:24:10 [DEBUG] httpcore.http11 - response_closed.started
2026-04-09 10:24:10 [DEBUG] httpcore.http11 - response_closed.complete
2026-04-09 10:24:10 [INFO] openclaw_alpha.openclaw.cron_utils - 轮询 HTTP 调用: job_id=04c197a2-3d6a-43cc-a0f6-a5a309dea3cd, poll_count=9, poll_elapsed=3.55s
2026-04-09 10:24:10 [INFO] openclaw_alpha.openclaw.cron_utils - 轮询响应: ok=True, entries_count=0
2026-04-09 10:24:20 [DEBUG] httpcore.connection - close.started
2026-04-09 10:24:20 [DEBUG] httpcore.connection - close.complete
2026-04-09 10:24:20 [DEBUG] httpcore.connection - connect_tcp.started host='127.0.0.1' port=18789 local_address=None timeout=10.0 socket_options=None
2026-04-09 10:24:20 [DEBUG] httpcore.connection - connect_tcp.complete return_value=<httpcore._backends.anyio.AnyIOStream object at 0x7d7ed81ab950>
2026-04-09 10:24:20 [DEBUG] httpcore.http11 - send_request_headers.started request=<Request [b'POST']>
2026-04-09 10:24:20 [DEBUG] httpcore.http11 - send_request_headers.complete
2026-04-09 10:24:20 [DEBUG] httpcore.http11 - send_request_body.started request=<Request [b'POST']>
2026-04-09 10:24:20 [DEBUG] httpcore.http11 - send_request_body.complete
2026-04-09 10:24:20 [DEBUG] httpcore.http11 - receive_response_headers.started request=<Request [b'POST']>
2026-04-09 10:24:21 [DEBUG] httpcore.http11 - receive_response_headers.complete return_value=(b'HTTP/1.1', 200, b'OK', [(b'X-Content-Type-Options', b'nosniff'), (b'Referrer-Policy', b'no-referrer'), (b'Permissions-Policy', b'camera=(), microphone=(), geolocation=()'), (b'Content-Type', b'application/json; charset=utf-8'), (b'Date', b'Thu, 09 Apr 2026 02:24:21 GMT'), (b'Connection', b'keep-alive'), (b'Keep-Alive', b'timeout=5'), (b'Content-Length', b'275')])
2026-04-09 10:24:21 [INFO] httpx - HTTP Request: POST http://127.0.0.1:18789/tools/invoke "HTTP/1.1 200 OK"
2026-04-09 10:24:21 [DEBUG] httpcore.http11 - receive_response_body.started request=<Request [b'POST']>
2026-04-09 10:24:21 [DEBUG] httpcore.http11 - receive_response_body.complete
2026-04-09 10:24:21 [DEBUG] httpcore.http11 - response_closed.started
2026-04-09 10:24:21 [DEBUG] httpcore.http11 - response_closed.complete
2026-04-09 10:24:21 [INFO] openclaw_alpha.openclaw.cron_utils - 轮询 HTTP 调用: job_id=04c197a2-3d6a-43cc-a0f6-a5a309dea3cd, poll_count=10, poll_elapsed=1.54s
2026-04-09 10:24:21 [INFO] openclaw_alpha.openclaw.cron_utils - 轮询响应: ok=True, entries_count=0
2026-04-09 10:24:31 [DEBUG] httpcore.connection - close.started
2026-04-09 10:24:31 [DEBUG] httpcore.connection - close.complete
2026-04-09 10:24:31 [DEBUG] httpcore.connection - connect_tcp.started host='127.0.0.1' port=18789 local_address=None timeout=10.0 socket_options=None
2026-04-09 10:24:31 [DEBUG] httpcore.connection - connect_tcp.complete return_value=<httpcore._backends.anyio.AnyIOStream object at 0x7d7ed81f6f30>
2026-04-09 10:24:31 [DEBUG] httpcore.http11 - send_request_headers.started request=<Request [b'POST']>
2026-04-09 10:24:31 [DEBUG] httpcore.http11 - send_request_headers.complete
2026-04-09 10:24:31 [DEBUG] httpcore.http11 - send_request_body.started request=<Request [b'POST']>
2026-04-09 10:24:31 [DEBUG] httpcore.http11 - send_request_body.complete
2026-04-09 10:24:31 [DEBUG] httpcore.http11 - receive_response_headers.started request=<Request [b'POST']>
2026-04-09 10:24:33 [DEBUG] httpcore.http11 - receive_response_headers.complete return_value=(b'HTTP/1.1', 200, b'OK', [(b'X-Content-Type-Options', b'nosniff'), (b'Referrer-Policy', b'no-referrer'), (b'Permissions-Policy', b'camera=(), microphone=(), geolocation=()'), (b'Content-Type', b'application/json; charset=utf-8'), (b'Date', b'Thu, 09 Apr 2026 02:24:33 GMT'), (b'Connection', b'keep-alive'), (b'Keep-Alive', b'timeout=5'), (b'Content-Length', b'275')])
2026-04-09 10:24:33 [INFO] httpx - HTTP Request: POST http://127.0.0.1:18789/tools/invoke "HTTP/1.1 200 OK"
2026-04-09 10:24:33 [DEBUG] httpcore.http11 - receive_response_body.started request=<Request [b'POST']>
2026-04-09 10:24:33 [DEBUG] httpcore.http11 - receive_response_body.complete
2026-04-09 10:24:33 [DEBUG] httpcore.http11 - response_closed.started
2026-04-09 10:24:33 [DEBUG] httpcore.http11 - response_closed.complete
2026-04-09 10:24:33 [INFO] openclaw_alpha.openclaw.cron_utils - 轮询 HTTP 调用: job_id=04c197a2-3d6a-43cc-a0f6-a5a309dea3cd, poll_count=11, poll_elapsed=1.77s
2026-04-09 10:24:33 [INFO] openclaw_alpha.openclaw.cron_utils - 轮询响应: ok=True, entries_count=0
2026-04-09 10:24:43 [DEBUG] httpcore.connection - close.started
2026-04-09 10:24:43 [DEBUG] httpcore.connection - close.complete
2026-04-09 10:24:43 [DEBUG] httpcore.connection - connect_tcp.started host='127.0.0.1' port=18789 local_address=None timeout=10.0 socket_options=None
2026-04-09 10:24:43 [DEBUG] httpcore.connection - connect_tcp.complete return_value=<httpcore._backends.anyio.AnyIOStream object at 0x7d7ed81f7d40>
2026-04-09 10:24:43 [DEBUG] httpcore.http11 - send_request_headers.started request=<Request [b'POST']>
2026-04-09 10:24:43 [DEBUG] httpcore.http11 - send_request_headers.complete
2026-04-09 10:24:43 [DEBUG] httpcore.http11 - send_request_body.started request=<Request [b'POST']>
2026-04-09 10:24:43 [DEBUG] httpcore.http11 - send_request_body.complete
2026-04-09 10:24:43 [DEBUG] httpcore.http11 - receive_response_headers.started request=<Request [b'POST']>
2026-04-09 10:24:45 [DEBUG] httpcore.http11 - receive_response_headers.complete return_value=(b'HTTP/1.1', 200, b'OK', [(b'X-Content-Type-Options', b'nosniff'), (b'Referrer-Policy', b'no-referrer'), (b'Permissions-Policy', b'camera=(), microphone=(), geolocation=()'), (b'Content-Type', b'application/json; charset=utf-8'), (b'Date', b'Thu, 09 Apr 2026 02:24:45 GMT'), (b'Connection', b'keep-alive'), (b'Keep-Alive', b'timeout=5'), (b'Content-Length', b'275')])
2026-04-09 10:24:45 [INFO] httpx - HTTP Request: POST http://127.0.0.1:18789/tools/invoke "HTTP/1.1 200 OK"
2026-04-09 10:24:45 [DEBUG] httpcore.http11 - receive_response_body.started request=<Request [b'POST']>
2026-04-09 10:24:45 [DEBUG] httpcore.http11 - receive_response_body.complete
2026-04-09 10:24:45 [DEBUG] httpcore.http11 - response_closed.started
2026-04-09 10:24:45 [DEBUG] httpcore.http11 - response_closed.complete
2026-04-09 10:24:45 [INFO] openclaw_alpha.openclaw.cron_utils - 轮询 HTTP 调用: job_id=04c197a2-3d6a-43cc-a0f6-a5a309dea3cd, poll_count=12, poll_elapsed=1.58s
2026-04-09 10:24:45 [INFO] openclaw_alpha.openclaw.cron_utils - 轮询响应: ok=True, entries_count=0
2026-04-09 10:24:55 [DEBUG] httpcore.connection - close.started
2026-04-09 10:24:55 [DEBUG] httpcore.connection - close.complete
2026-04-09 10:24:55 [DEBUG] httpcore.connection - connect_tcp.started host='127.0.0.1' port=18789 local_address=None timeout=10.0 socket_options=None
2026-04-09 10:24:55 [DEBUG] httpcore.connection - connect_tcp.complete return_value=<httpcore._backends.anyio.AnyIOStream object at 0x7d7ed81c35b0>
2026-04-09 10:24:55 [DEBUG] httpcore.http11 - send_request_headers.started request=<Request [b'POST']>
2026-04-09 10:24:55 [DEBUG] httpcore.http11 - send_request_headers.complete
2026-04-09 10:24:55 [DEBUG] httpcore.http11 - send_request_body.started request=<Request [b'POST']>
2026-04-09 10:24:55 [DEBUG] httpcore.http11 - send_request_body.complete
2026-04-09 10:24:55 [DEBUG] httpcore.http11 - receive_response_headers.started request=<Request [b'POST']>
2026-04-09 10:24:58 [DEBUG] httpcore.http11 - receive_response_headers.complete return_value=(b'HTTP/1.1', 200, b'OK', [(b'X-Content-Type-Options', b'nosniff'), (b'Referrer-Policy', b'no-referrer'), (b'Permissions-Policy', b'camera=(), microphone=(), geolocation=()'), (b'Content-Type', b'application/json; charset=utf-8'), (b'Date', b'Thu, 09 Apr 2026 02:24:58 GMT'), (b'Connection', b'keep-alive'), (b'Keep-Alive', b'timeout=5'), (b'Content-Length', b'275')])
2026-04-09 10:24:58 [INFO] httpx - HTTP Request: POST http://127.0.0.1:18789/tools/invoke "HTTP/1.1 200 OK"
2026-04-09 10:24:58 [DEBUG] httpcore.http11 - receive_response_body.started request=<Request [b'POST']>
2026-04-09 10:24:58 [DEBUG] httpcore.http11 - receive_response_body.complete
2026-04-09 10:24:58 [DEBUG] httpcore.http11 - response_closed.started
2026-04-09 10:24:58 [DEBUG] httpcore.http11 - response_closed.complete
2026-04-09 10:24:58 [INFO] openclaw_alpha.openclaw.cron_utils - 轮询 HTTP 调用: job_id=04c197a2-3d6a-43cc-a0f6-a5a309dea3cd, poll_count=13, poll_elapsed=3.55s
2026-04-09 10:24:58 [INFO] openclaw_alpha.openclaw.cron_utils - 轮询响应: ok=True, entries_count=0
2026-04-09 10:25:08 [DEBUG] httpcore.connection - close.started
2026-04-09 10:25:08 [DEBUG] httpcore.connection - close.complete
2026-04-09 10:25:08 [DEBUG] httpcore.connection - connect_tcp.started host='127.0.0.1' port=18789 local_address=None timeout=10.0 socket_options=None
2026-04-09 10:25:08 [DEBUG] httpcore.connection - connect_tcp.complete return_value=<httpcore._backends.anyio.AnyIOStream object at 0x7d7ed81c2dd0>
2026-04-09 10:25:08 [DEBUG] httpcore.http11 - send_request_headers.started request=<Request [b'POST']>
2026-04-09 10:25:08 [DEBUG] httpcore.http11 - send_request_headers.complete
2026-04-09 10:25:08 [DEBUG] httpcore.http11 - send_request_body.started request=<Request [b'POST']>
2026-04-09 10:25:08 [DEBUG] httpcore.http11 - send_request_body.complete
2026-04-09 10:25:08 [DEBUG] httpcore.http11 - receive_response_headers.started request=<Request [b'POST']>
2026-04-09 10:25:10 [DEBUG] httpcore.http11 - receive_response_headers.complete return_value=(b'HTTP/1.1', 200, b'OK', [(b'X-Content-Type-Options', b'nosniff'), (b'Referrer-Policy', b'no-referrer'), (b'Permissions-Policy', b'camera=(), microphone=(), geolocation=()'), (b'Content-Type', b'application/json; charset=utf-8'), (b'Date', b'Thu, 09 Apr 2026 02:25:10 GMT'), (b'Connection', b'keep-alive'), (b'Keep-Alive', b'timeout=5'), (b'Content-Length', b'275')])
2026-04-09 10:25:10 [INFO] httpx - HTTP Request: POST http://127.0.0.1:18789/tools/invoke "HTTP/1.1 200 OK"
2026-04-09 10:25:10 [DEBUG] httpcore.http11 - receive_response_body.started request=<Request [b'POST']>
2026-04-09 10:25:10 [DEBUG] httpcore.http11 - receive_response_body.complete
2026-04-09 10:25:10 [DEBUG] httpcore.http11 - response_closed.started
2026-04-09 10:25:10 [DEBUG] httpcore.http11 - response_closed.complete
2026-04-09 10:25:10 [INFO] openclaw_alpha.openclaw.cron_utils - 轮询 HTTP 调用: job_id=04c197a2-3d6a-43cc-a0f6-a5a309dea3cd, poll_count=14, poll_elapsed=2.35s
2026-04-09 10:25:10 [INFO] openclaw_alpha.openclaw.cron_utils - 轮询响应: ok=True, entries_count=0
2026-04-09 10:25:20 [DEBUG] httpcore.connection - close.started
2026-04-09 10:25:20 [DEBUG] httpcore.connection - close.complete
2026-04-09 10:25:20 [DEBUG] httpcore.connection - connect_tcp.started host='127.0.0.1' port=18789 local_address=None timeout=10.0 socket_options=None
2026-04-09 10:25:20 [DEBUG] httpcore.connection - connect_tcp.complete return_value=<httpcore._backends.anyio.AnyIOStream object at 0x7d7ed81b4e20>
2026-04-09 10:25:20 [DEBUG] httpcore.http11 - send_request_headers.started request=<Request [b'POST']>
2026-04-09 10:25:20 [DEBUG] httpcore.http11 - send_request_headers.complete
2026-04-09 10:25:20 [DEBUG] httpcore.http11 - send_request_body.started request=<Request [b'POST']>
2026-04-09 10:25:20 [DEBUG] httpcore.http11 - send_request_body.complete
2026-04-09 10:25:20 [DEBUG] httpcore.http11 - receive_response_headers.started request=<Request [b'POST']>
2026-04-09 10:25:23 [DEBUG] httpcore.http11 - receive_response_headers.complete return_value=(b'HTTP/1.1', 200, b'OK', [(b'X-Content-Type-Options', b'nosniff'), (b'Referrer-Policy', b'no-referrer'), (b'Permissions-Policy', b'camera=(), microphone=(), geolocation=()'), (b'Content-Type', b'application/json; charset=utf-8'), (b'Date', b'Thu, 09 Apr 2026 02:25:23 GMT'), (b'Connection', b'keep-alive'), (b'Keep-Alive', b'timeout=5'), (b'Content-Length', b'275')])
2026-04-09 10:25:23 [INFO] httpx - HTTP Request: POST http://127.0.0.1:18789/tools/invoke "HTTP/1.1 200 OK"
2026-04-09 10:25:23 [DEBUG] httpcore.http11 - receive_response_body.started request=<Request [b'POST']>
2026-04-09 10:25:23 [DEBUG] httpcore.http11 - receive_response_body.complete
2026-04-09 10:25:23 [DEBUG] httpcore.http11 - response_closed.started
2026-04-09 10:25:23 [DEBUG] httpcore.http11 - response_closed.complete
2026-04-09 10:25:23 [INFO] openclaw_alpha.openclaw.cron_utils - 轮询 HTTP 调用: job_id=04c197a2-3d6a-43cc-a0f6-a5a309dea3cd, poll_count=15, poll_elapsed=2.11s
2026-04-09 10:25:23 [INFO] openclaw_alpha.openclaw.cron_utils - 轮询响应: ok=True, entries_count=0
2026-04-09 10:25:33 [DEBUG] httpcore.connection - close.started
2026-04-09 10:25:33 [DEBUG] httpcore.connection - close.complete
2026-04-09 10:25:33 [DEBUG] httpcore.connection - connect_tcp.started host='127.0.0.1' port=18789 local_address=None timeout=10.0 socket_options=None
2026-04-09 10:25:33 [DEBUG] httpcore.connection - connect_tcp.complete return_value=<httpcore._backends.anyio.AnyIOStream object at 0x7d7ed8214c50>
2026-04-09 10:25:33 [DEBUG] httpcore.http11 - send_request_headers.started request=<Request [b'POST']>
2026-04-09 10:25:33 [DEBUG] httpcore.http11 - send_request_headers.complete
2026-04-09 10:25:33 [DEBUG] httpcore.http11 - send_request_body.started request=<Request [b'POST']>
2026-04-09 10:25:33 [DEBUG] httpcore.http11 - send_request_body.complete
2026-04-09 10:25:33 [DEBUG] httpcore.http11 - receive_response_headers.started request=<Request [b'POST']>
2026-04-09 10:25:34 [DEBUG] httpcore.http11 - receive_response_headers.complete return_value=(b'HTTP/1.1', 200, b'OK', [(b'X-Content-Type-Options', b'nosniff'), (b'Referrer-Policy', b'no-referrer'), (b'Permissions-Policy', b'camera=(), microphone=(), geolocation=()'), (b'Content-Type', b'application/json; charset=utf-8'), (b'Date', b'Thu, 09 Apr 2026 02:25:34 GMT'), (b'Connection', b'keep-alive'), (b'Keep-Alive', b'timeout=5'), (b'Content-Length', b'275')])
2026-04-09 10:25:34 [INFO] httpx - HTTP Request: POST http://127.0.0.1:18789/tools/invoke "HTTP/1.1 200 OK"
2026-04-09 10:25:34 [DEBUG] httpcore.http11 - receive_response_body.started request=<Request [b'POST']>
2026-04-09 10:25:34 [DEBUG] httpcore.http11 - receive_response_body.complete
2026-04-09 10:25:34 [DEBUG] httpcore.http11 - response_closed.started
2026-04-09 10:25:34 [DEBUG] httpcore.http11 - response_closed.complete
2026-04-09 10:25:34 [INFO] openclaw_alpha.openclaw.cron_utils - 轮询 HTTP 调用: job_id=04c197a2-3d6a-43cc-a0f6-a5a309dea3cd, poll_count=16, poll_elapsed=1.61s
2026-04-09 10:25:34 [INFO] openclaw_alpha.openclaw.cron_utils - 轮询响应: ok=True, entries_count=0
2026-04-09 10:25:44 [DEBUG] httpcore.connection - close.started
2026-04-09 10:25:44 [DEBUG] httpcore.connection - close.complete
2026-04-09 10:25:44 [DEBUG] httpcore.connection - connect_tcp.started host='127.0.0.1' port=18789 local_address=None timeout=10.0 socket_options=None
2026-04-09 10:25:44 [DEBUG] httpcore.connection - connect_tcp.complete return_value=<httpcore._backends.anyio.AnyIOStream object at 0x7d7ed8215310>
2026-04-09 10:25:44 [DEBUG] httpcore.http11 - send_request_headers.started request=<Request [b'POST']>
2026-04-09 10:25:44 [DEBUG] httpcore.http11 - send_request_headers.complete
2026-04-09 10:25:44 [DEBUG] httpcore.http11 - send_request_body.started request=<Request [b'POST']>
2026-04-09 10:25:44 [DEBUG] httpcore.http11 - send_request_body.complete
2026-04-09 10:25:44 [DEBUG] httpcore.http11 - receive_response_headers.started request=<Request [b'POST']>
2026-04-09 10:25:48 [DEBUG] httpcore.http11 - receive_response_headers.complete return_value=(b'HTTP/1.1', 200, b'OK', [(b'X-Content-Type-Options', b'nosniff'), (b'Referrer-Policy', b'no-referrer'), (b'Permissions-Policy', b'camera=(), microphone=(), geolocation=()'), (b'Content-Type', b'application/json; charset=utf-8'), (b'Date', b'Thu, 09 Apr 2026 02:25:48 GMT'), (b'Connection', b'keep-alive'), (b'Keep-Alive', b'timeout=5'), (b'Content-Length', b'275')])
2026-04-09 10:25:48 [INFO] httpx - HTTP Request: POST http://127.0.0.1:18789/tools/invoke "HTTP/1.1 200 OK"
2026-04-09 10:25:48 [DEBUG] httpcore.http11 - receive_response_body.started request=<Request [b'POST']>
2026-04-09 10:25:48 [DEBUG] httpcore.http11 - receive_response_body.complete
2026-04-09 10:25:48 [DEBUG] httpcore.http11 - response_closed.started
2026-04-09 10:25:48 [DEBUG] httpcore.http11 - response_closed.complete
2026-04-09 10:25:48 [INFO] openclaw_alpha.openclaw.cron_utils - 轮询 HTTP 调用: job_id=04c197a2-3d6a-43cc-a0f6-a5a309dea3cd, poll_count=17, poll_elapsed=3.43s
2026-04-09 10:25:48 [INFO] openclaw_alpha.openclaw.cron_utils - 轮询响应: ok=True, entries_count=0
2026-04-09 10:25:58 [DEBUG] httpcore.connection - close.started
2026-04-09 10:25:58 [DEBUG] httpcore.connection - close.complete
2026-04-09 10:25:58 [DEBUG] httpcore.connection - connect_tcp.started host='127.0.0.1' port=18789 local_address=None timeout=10.0 socket_options=None
2026-04-09 10:25:58 [DEBUG] httpcore.connection - connect_tcp.complete return_value=<httpcore._backends.anyio.AnyIOStream object at 0x7d7ed8ae5020>
2026-04-09 10:25:58 [DEBUG] httpcore.http11 - send_request_headers.started request=<Request [b'POST']>
2026-04-09 10:25:58 [DEBUG] httpcore.http11 - send_request_headers.complete
2026-04-09 10:25:58 [DEBUG] httpcore.http11 - send_request_body.started request=<Request [b'POST']>
2026-04-09 10:25:58 [DEBUG] httpcore.http11 - send_request_body.complete
2026-04-09 10:25:58 [DEBUG] httpcore.http11 - receive_response_headers.started request=<Request [b'POST']>
2026-04-09 10:25:59 [DEBUG] httpcore.http11 - receive_response_headers.complete return_value=(b'HTTP/1.1', 200, b'OK', [(b'X-Content-Type-Options', b'nosniff'), (b'Referrer-Policy', b'no-referrer'), (b'Permissions-Policy', b'camera=(), microphone=(), geolocation=()'), (b'Content-Type', b'application/json; charset=utf-8'), (b'Date', b'Thu, 09 Apr 2026 02:25:59 GMT'), (b'Connection', b'keep-alive'), (b'Keep-Alive', b'timeout=5'), (b'Content-Length', b'275')])
2026-04-09 10:25:59 [INFO] httpx - HTTP Request: POST http://127.0.0.1:18789/tools/invoke "HTTP/1.1 200 OK"
2026-04-09 10:25:59 [DEBUG] httpcore.http11 - receive_response_body.started request=<Request [b'POST']>
2026-04-09 10:25:59 [DEBUG] httpcore.http11 - receive_response_body.complete
2026-04-09 10:25:59 [DEBUG] httpcore.http11 - response_closed.started
2026-04-09 10:25:59 [DEBUG] httpcore.http11 - response_closed.complete
2026-04-09 10:25:59 [INFO] openclaw_alpha.openclaw.cron_utils - 轮询 HTTP 调用: job_id=04c197a2-3d6a-43cc-a0f6-a5a309dea3cd, poll_count=18, poll_elapsed=1.76s
2026-04-09 10:25:59 [INFO] openclaw_alpha.openclaw.cron_utils - 轮询响应: ok=True, entries_count=0
2026-04-09 10:26:09 [DEBUG] httpcore.connection - close.started
2026-04-09 10:26:09 [DEBUG] httpcore.connection - close.complete
2026-04-09 10:26:09 [DEBUG] httpcore.connection - connect_tcp.started host='127.0.0.1' port=18789 local_address=None timeout=10.0 socket_options=None
2026-04-09 10:26:09 [DEBUG] httpcore.connection - connect_tcp.complete return_value=<httpcore._backends.anyio.AnyIOStream object at 0x7d7ed81ace10>
2026-04-09 10:26:09 [DEBUG] httpcore.http11 - send_request_headers.started request=<Request [b'POST']>
2026-04-09 10:26:09 [DEBUG] httpcore.http11 - send_request_headers.complete
2026-04-09 10:26:09 [DEBUG] httpcore.http11 - send_request_body.started request=<Request [b'POST']>
2026-04-09 10:26:09 [DEBUG] httpcore.http11 - send_request_body.complete
2026-04-09 10:26:09 [DEBUG] httpcore.http11 - receive_response_headers.started request=<Request [b'POST']>
2026-04-09 10:26:11 [DEBUG] httpcore.http11 - receive_response_headers.complete return_value=(b'HTTP/1.1', 200, b'OK', [(b'X-Content-Type-Options', b'nosniff'), (b'Referrer-Policy', b'no-referrer'), (b'Permissions-Policy', b'camera=(), microphone=(), geolocation=()'), (b'Content-Type', b'application/json; charset=utf-8'), (b'Date', b'Thu, 09 Apr 2026 02:26:11 GMT'), (b'Connection', b'keep-alive'), (b'Keep-Alive', b'timeout=5'), (b'Content-Length', b'275')])
2026-04-09 10:26:11 [INFO] httpx - HTTP Request: POST http://127.0.0.1:18789/tools/invoke "HTTP/1.1 200 OK"
2026-04-09 10:26:11 [DEBUG] httpcore.http11 - receive_response_body.started request=<Request [b'POST']>
2026-04-09 10:26:11 [DEBUG] httpcore.http11 - receive_response_body.complete
2026-04-09 10:26:11 [DEBUG] httpcore.http11 - response_closed.started
2026-04-09 10:26:11 [DEBUG] httpcore.http11 - response_closed.complete
2026-04-09 10:26:11 [INFO] openclaw_alpha.openclaw.cron_utils - 轮询 HTTP 调用: job_id=04c197a2-3d6a-43cc-a0f6-a5a309dea3cd, poll_count=19, poll_elapsed=1.57s
2026-04-09 10:26:11 [INFO] openclaw_alpha.openclaw.cron_utils - 轮询响应: ok=True, entries_count=0
2026-04-09 10:26:21 [DEBUG] httpcore.connection - close.started
2026-04-09 10:26:21 [DEBUG] httpcore.connection - close.complete
2026-04-09 10:26:21 [DEBUG] httpcore.connection - connect_tcp.started host='127.0.0.1' port=18789 local_address=None timeout=10.0 socket_options=None
2026-04-09 10:26:21 [DEBUG] httpcore.connection - connect_tcp.complete return_value=<httpcore._backends.anyio.AnyIOStream object at 0x7d7ed81e7930>
2026-04-09 10:26:21 [DEBUG] httpcore.http11 - send_request_headers.started request=<Request [b'POST']>
2026-04-09 10:26:21 [DEBUG] httpcore.http11 - send_request_headers.complete
2026-04-09 10:26:21 [DEBUG] httpcore.http11 - send_request_body.started request=<Request [b'POST']>
2026-04-09 10:26:21 [DEBUG] httpcore.http11 - send_request_body.complete
2026-04-09 10:26:21 [DEBUG] httpcore.http11 - receive_response_headers.started request=<Request [b'POST']>
2026-04-09 10:26:23 [DEBUG] httpcore.http11 - receive_response_headers.complete return_value=(b'HTTP/1.1', 200, b'OK', [(b'X-Content-Type-Options', b'nosniff'), (b'Referrer-Policy', b'no-referrer'), (b'Permissions-Policy', b'camera=(), microphone=(), geolocation=()'), (b'Content-Type', b'application/json; charset=utf-8'), (b'Date', b'Thu, 09 Apr 2026 02:26:23 GMT'), (b'Connection', b'keep-alive'), (b'Keep-Alive', b'timeout=5'), (b'Content-Length', b'275')])
2026-04-09 10:26:23 [INFO] httpx - HTTP Request: POST http://127.0.0.1:18789/tools/invoke "HTTP/1.1 200 OK"
2026-04-09 10:26:23 [DEBUG] httpcore.http11 - receive_response_body.started request=<Request [b'POST']>
2026-04-09 10:26:23 [DEBUG] httpcore.http11 - receive_response_body.complete
2026-04-09 10:26:23 [DEBUG] httpcore.http11 - response_closed.started
2026-04-09 10:26:23 [DEBUG] httpcore.http11 - response_closed.complete
2026-04-09 10:26:23 [INFO] openclaw_alpha.openclaw.cron_utils - 轮询 HTTP 调用: job_id=04c197a2-3d6a-43cc-a0f6-a5a309dea3cd, poll_count=20, poll_elapsed=1.84s
2026-04-09 10:26:23 [INFO] openclaw_alpha.openclaw.cron_utils - 轮询响应: ok=True, entries_count=0
2026-04-09 10:26:33 [DEBUG] httpcore.connection - close.started
2026-04-09 10:26:33 [DEBUG] httpcore.connection - close.complete
2026-04-09 10:26:33 [DEBUG] httpcore.connection - connect_tcp.started host='127.0.0.1' port=18789 local_address=None timeout=10.0 socket_options=None
2026-04-09 10:26:33 [DEBUG] httpcore.connection - connect_tcp.complete return_value=<httpcore._backends.anyio.AnyIOStream object at 0x7d7ed81e7bb0>
2026-04-09 10:26:33 [DEBUG] httpcore.http11 - send_request_headers.started request=<Request [b'POST']>
2026-04-09 10:26:33 [DEBUG] httpcore.http11 - send_request_headers.complete
2026-04-09 10:26:33 [DEBUG] httpcore.http11 - send_request_body.started request=<Request [b'POST']>
2026-04-09 10:26:33 [DEBUG] httpcore.http11 - send_request_body.complete
2026-04-09 10:26:33 [DEBUG] httpcore.http11 - receive_response_headers.started request=<Request [b'POST']>
2026-04-09 10:26:37 [DEBUG] httpcore.http11 - receive_response_headers.complete return_value=(b'HTTP/1.1', 200, b'OK', [(b'X-Content-Type-Options', b'nosniff'), (b'Referrer-Policy', b'no-referrer'), (b'Permissions-Policy', b'camera=(), microphone=(), geolocation=()'), (b'Content-Type', b'application/json; charset=utf-8'), (b'Date', b'Thu, 09 Apr 2026 02:26:37 GMT'), (b'Connection', b'keep-alive'), (b'Keep-Alive', b'timeout=5'), (b'Content-Length', b'275')])
2026-04-09 10:26:37 [INFO] httpx - HTTP Request: POST http://127.0.0.1:18789/tools/invoke "HTTP/1.1 200 OK"
2026-04-09 10:26:37 [DEBUG] httpcore.http11 - receive_response_body.started request=<Request [b'POST']>
2026-04-09 10:26:37 [DEBUG] httpcore.http11 - receive_response_body.complete
2026-04-09 10:26:37 [DEBUG] httpcore.http11 - response_closed.started
2026-04-09 10:26:37 [DEBUG] httpcore.http11 - response_closed.complete
2026-04-09 10:26:37 [INFO] openclaw_alpha.openclaw.cron_utils - 轮询 HTTP 调用: job_id=04c197a2-3d6a-43cc-a0f6-a5a309dea3cd, poll_count=21, poll_elapsed=3.67s
2026-04-09 10:26:37 [INFO] openclaw_alpha.openclaw.cron_utils - 轮询响应: ok=True, entries_count=0
2026-04-09 10:26:47 [DEBUG] httpcore.connection - close.started
2026-04-09 10:26:47 [DEBUG] httpcore.connection - close.complete
2026-04-09 10:26:47 [DEBUG] httpcore.connection - connect_tcp.started host='127.0.0.1' port=18789 local_address=None timeout=10.0 socket_options=None
2026-04-09 10:26:47 [DEBUG] httpcore.connection - connect_tcp.complete return_value=<httpcore._backends.anyio.AnyIOStream object at 0x7d7ed8b4f0b0>
2026-04-09 10:26:47 [DEBUG] httpcore.http11 - send_request_headers.started request=<Request [b'POST']>
2026-04-09 10:26:47 [DEBUG] httpcore.http11 - send_request_headers.complete
2026-04-09 10:26:47 [DEBUG] httpcore.http11 - send_request_body.started request=<Request [b'POST']>
2026-04-09 10:26:47 [DEBUG] httpcore.http11 - send_request_body.complete
2026-04-09 10:26:47 [DEBUG] httpcore.http11 - receive_response_headers.started request=<Request [b'POST']>
2026-04-09 10:26:49 [DEBUG] httpcore.http11 - receive_response_headers.complete return_value=(b'HTTP/1.1', 200, b'OK', [(b'X-Content-Type-Options', b'nosniff'), (b'Referrer-Policy', b'no-referrer'), (b'Permissions-Policy', b'camera=(), microphone=(), geolocation=()'), (b'Content-Type', b'application/json; charset=utf-8'), (b'Date', b'Thu, 09 Apr 2026 02:26:49 GMT'), (b'Connection', b'keep-alive'), (b'Keep-Alive', b'timeout=5'), (b'Content-Length', b'275')])
2026-04-09 10:26:49 [INFO] httpx - HTTP Request: POST http://127.0.0.1:18789/tools/invoke "HTTP/1.1 200 OK"
2026-04-09 10:26:49 [DEBUG] httpcore.http11 - receive_response_body.started request=<Request [b'POST']>
2026-04-09 10:26:49 [DEBUG] httpcore.http11 - receive_response_body.complete
2026-04-09 10:26:49 [DEBUG] httpcore.http11 - response_closed.started
2026-04-09 10:26:49 [DEBUG] httpcore.http11 - response_closed.complete
2026-04-09 10:26:49 [INFO] openclaw_alpha.openclaw.cron_utils - 轮询 HTTP 调用: job_id=04c197a2-3d6a-43cc-a0f6-a5a309dea3cd, poll_count=22, poll_elapsed=2.12s
2026-04-09 10:26:49 [INFO] openclaw_alpha.openclaw.cron_utils - 轮询响应: ok=True, entries_count=0
2026-04-09 10:26:59 [DEBUG] httpcore.connection - close.started
2026-04-09 10:26:59 [DEBUG] httpcore.connection - close.complete
2026-04-09 10:26:59 [DEBUG] httpcore.connection - connect_tcp.started host='127.0.0.1' port=18789 local_address=None timeout=10.0 socket_options=None
2026-04-09 10:26:59 [DEBUG] httpcore.connection - connect_tcp.complete return_value=<httpcore._backends.anyio.AnyIOStream object at 0x7d7ed81eff50>
2026-04-09 10:26:59 [DEBUG] httpcore.http11 - send_request_headers.started request=<Request [b'POST']>
2026-04-09 10:26:59 [DEBUG] httpcore.http11 - send_request_headers.complete
2026-04-09 10:26:59 [DEBUG] httpcore.http11 - send_request_body.started request=<Request [b'POST']>
2026-04-09 10:26:59 [DEBUG] httpcore.http11 - send_request_body.complete
2026-04-09 10:26:59 [DEBUG] httpcore.http11 - receive_response_headers.started request=<Request [b'POST']>
2026-04-09 10:27:00 [DEBUG] httpcore.http11 - receive_response_headers.complete return_value=(b'HTTP/1.1', 200, b'OK', [(b'X-Content-Type-Options', b'nosniff'), (b'Referrer-Policy', b'no-referrer'), (b'Permissions-Policy', b'camera=(), microphone=(), geolocation=()'), (b'Content-Type', b'application/json; charset=utf-8'), (b'Date', b'Thu, 09 Apr 2026 02:27:00 GMT'), (b'Connection', b'keep-alive'), (b'Keep-Alive', b'timeout=5'), (b'Content-Length', b'275')])
2026-04-09 10:27:00 [INFO] httpx - HTTP Request: POST http://127.0.0.1:18789/tools/invoke "HTTP/1.1 200 OK"
2026-04-09 10:27:00 [DEBUG] httpcore.http11 - receive_response_body.started request=<Request [b'POST']>
2026-04-09 10:27:00 [DEBUG] httpcore.http11 - receive_response_body.complete
2026-04-09 10:27:00 [DEBUG] httpcore.http11 - response_closed.started
2026-04-09 10:27:00 [DEBUG] httpcore.http11 - response_closed.complete
2026-04-09 10:27:00 [INFO] openclaw_alpha.openclaw.cron_utils - 轮询 HTTP 调用: job_id=04c197a2-3d6a-43cc-a0f6-a5a309dea3cd, poll_count=23, poll_elapsed=1.75s
2026-04-09 10:27:00 [INFO] openclaw_alpha.openclaw.cron_utils - 轮询响应: ok=True, entries_count=0
2026-04-09 10:27:10 [DEBUG] httpcore.connection - close.started
2026-04-09 10:27:10 [DEBUG] httpcore.connection - close.complete
2026-04-09 10:27:10 [DEBUG] httpcore.connection - connect_tcp.started host='127.0.0.1' port=18789 local_address=None timeout=10.0 socket_options=None
2026-04-09 10:27:10 [DEBUG] httpcore.connection - connect_tcp.complete return_value=<httpcore._backends.anyio.AnyIOStream object at 0x7d7ed822c550>
2026-04-09 10:27:10 [DEBUG] httpcore.http11 - send_request_headers.started request=<Request [b'POST']>
2026-04-09 10:27:10 [DEBUG] httpcore.http11 - send_request_headers.complete
2026-04-09 10:27:10 [DEBUG] httpcore.http11 - send_request_body.started request=<Request [b'POST']>
2026-04-09 10:27:10 [DEBUG] httpcore.http11 - send_request_body.complete
2026-04-09 10:27:10 [DEBUG] httpcore.http11 - receive_response_headers.started request=<Request [b'POST']>
2026-04-09 10:27:13 [DEBUG] httpcore.http11 - receive_response_headers.complete return_value=(b'HTTP/1.1', 200, b'OK', [(b'X-Content-Type-Options', b'nosniff'), (b'Referrer-Policy', b'no-referrer'), (b'Permissions-Policy', b'camera=(), microphone=(), geolocation=()'), (b'Content-Type', b'application/json; charset=utf-8'), (b'Date', b'Thu, 09 Apr 2026 02:27:13 GMT'), (b'Connection', b'keep-alive'), (b'Keep-Alive', b'timeout=5'), (b'Content-Length', b'275')])
2026-04-09 10:27:13 [INFO] httpx - HTTP Request: POST http://127.0.0.1:18789/tools/invoke "HTTP/1.1 200 OK"
2026-04-09 10:27:13 [DEBUG] httpcore.http11 - receive_response_body.started request=<Request [b'POST']>
2026-04-09 10:27:13 [DEBUG] httpcore.http11 - receive_response_body.complete
2026-04-09 10:27:13 [DEBUG] httpcore.http11 - response_closed.started
2026-04-09 10:27:13 [DEBUG] httpcore.http11 - response_closed.complete
2026-04-09 10:27:13 [INFO] openclaw_alpha.openclaw.cron_utils - 轮询 HTTP 调用: job_id=04c197a2-3d6a-43cc-a0f6-a5a309dea3cd, poll_count=24, poll_elapsed=2.27s
2026-04-09 10:27:13 [INFO] openclaw_alpha.openclaw.cron_utils - 轮询响应: ok=True, entries_count=0
2026-04-09 10:27:23 [DEBUG] httpcore.connection - close.started
2026-04-09 10:27:23 [DEBUG] httpcore.connection - close.complete
2026-04-09 10:27:23 [DEBUG] httpcore.connection - connect_tcp.started host='127.0.0.1' port=18789 local_address=None timeout=10.0 socket_options=None
2026-04-09 10:27:23 [DEBUG] httpcore.connection - connect_tcp.complete return_value=<httpcore._backends.anyio.AnyIOStream object at 0x7d7ed818ec80>
2026-04-09 10:27:23 [DEBUG] httpcore.http11 - send_request_headers.started request=<Request [b'POST']>
2026-04-09 10:27:23 [DEBUG] httpcore.http11 - send_request_headers.complete
2026-04-09 10:27:23 [DEBUG] httpcore.http11 - send_request_body.started request=<Request [b'POST']>
2026-04-09 10:27:23 [DEBUG] httpcore.http11 - send_request_body.complete
2026-04-09 10:27:23 [DEBUG] httpcore.http11 - receive_response_headers.started request=<Request [b'POST']>
2026-04-09 10:27:26 [DEBUG] httpcore.http11 - receive_response_headers.complete return_value=(b'HTTP/1.1', 200, b'OK', [(b'X-Content-Type-Options', b'nosniff'), (b'Referrer-Policy', b'no-referrer'), (b'Permissions-Policy', b'camera=(), microphone=(), geolocation=()'), (b'Content-Type', b'application/json; charset=utf-8'), (b'Date', b'Thu, 09 Apr 2026 02:27:26 GMT'), (b'Connection', b'keep-alive'), (b'Keep-Alive', b'timeout=5'), (b'Content-Length', b'275')])
2026-04-09 10:27:26 [INFO] httpx - HTTP Request: POST http://127.0.0.1:18789/tools/invoke "HTTP/1.1 200 OK"
2026-04-09 10:27:26 [DEBUG] httpcore.http11 - receive_response_body.started request=<Request [b'POST']>
2026-04-09 10:27:26 [DEBUG] httpcore.http11 - receive_response_body.complete
2026-04-09 10:27:26 [DEBUG] httpcore.http11 - response_closed.started
2026-04-09 10:27:26 [DEBUG] httpcore.http11 - response_closed.complete
2026-04-09 10:27:26 [INFO] openclaw_alpha.openclaw.cron_utils - 轮询 HTTP 调用: job_id=04c197a2-3d6a-43cc-a0f6-a5a309dea3cd, poll_count=25, poll_elapsed=3.78s
2026-04-09 10:27:26 [INFO] openclaw_alpha.openclaw.cron_utils - 轮询响应: ok=True, entries_count=0
2026-04-09 10:27:36 [DEBUG] httpcore.connection - close.started
2026-04-09 10:27:36 [DEBUG] httpcore.connection - close.complete
2026-04-09 10:27:36 [DEBUG] httpcore.connection - connect_tcp.started host='127.0.0.1' port=18789 local_address=None timeout=10.0 socket_options=None
2026-04-09 10:27:36 [DEBUG] httpcore.connection - connect_tcp.complete return_value=<httpcore._backends.anyio.AnyIOStream object at 0x7d7ed818f0e0>
2026-04-09 10:27:36 [DEBUG] httpcore.http11 - send_request_headers.started request=<Request [b'POST']>
2026-04-09 10:27:36 [DEBUG] httpcore.http11 - send_request_headers.complete
2026-04-09 10:27:36 [DEBUG] httpcore.http11 - send_request_body.started request=<Request [b'POST']>
2026-04-09 10:27:36 [DEBUG] httpcore.http11 - send_request_body.complete
2026-04-09 10:27:36 [DEBUG] httpcore.http11 - receive_response_headers.started request=<Request [b'POST']>
2026-04-09 10:27:38 [DEBUG] httpcore.http11 - receive_response_headers.complete return_value=(b'HTTP/1.1', 200, b'OK', [(b'X-Content-Type-Options', b'nosniff'), (b'Referrer-Policy', b'no-referrer'), (b'Permissions-Policy', b'camera=(), microphone=(), geolocation=()'), (b'Content-Type', b'application/json; charset=utf-8'), (b'Date', b'Thu, 09 Apr 2026 02:27:38 GMT'), (b'Connection', b'keep-alive'), (b'Keep-Alive', b'timeout=5'), (b'Content-Length', b'275')])
2026-04-09 10:27:38 [INFO] httpx - HTTP Request: POST http://127.0.0.1:18789/tools/invoke "HTTP/1.1 200 OK"
2026-04-09 10:27:38 [DEBUG] httpcore.http11 - receive_response_body.started request=<Request [b'POST']>
2026-04-09 10:27:38 [DEBUG] httpcore.http11 - receive_response_body.complete
2026-04-09 10:27:38 [DEBUG] httpcore.http11 - response_closed.started
2026-04-09 10:27:38 [DEBUG] httpcore.http11 - response_closed.complete
2026-04-09 10:27:38 [INFO] openclaw_alpha.openclaw.cron_utils - 轮询 HTTP 调用: job_id=04c197a2-3d6a-43cc-a0f6-a5a309dea3cd, poll_count=26, poll_elapsed=1.69s
2026-04-09 10:27:38 [INFO] openclaw_alpha.openclaw.cron_utils - 轮询响应: ok=True, entries_count=0
2026-04-09 10:27:48 [DEBUG] httpcore.connection - close.started
2026-04-09 10:27:48 [DEBUG] httpcore.connection - close.complete
2026-04-09 10:27:48 [DEBUG] httpcore.connection - connect_tcp.started host='127.0.0.1' port=18789 local_address=None timeout=10.0 socket_options=None
2026-04-09 10:27:48 [DEBUG] httpcore.connection - connect_tcp.complete return_value=<httpcore._backends.anyio.AnyIOStream object at 0x7d7ed817f050>
2026-04-09 10:27:48 [DEBUG] httpcore.http11 - send_request_headers.started request=<Request [b'POST']>
2026-04-09 10:27:48 [DEBUG] httpcore.http11 - send_request_headers.complete
2026-04-09 10:27:48 [DEBUG] httpcore.http11 - send_request_body.started request=<Request [b'POST']>
2026-04-09 10:27:48 [DEBUG] httpcore.http11 - send_request_body.complete
2026-04-09 10:27:48 [DEBUG] httpcore.http11 - receive_response_headers.started request=<Request [b'POST']>
2026-04-09 10:27:50 [DEBUG] httpcore.http11 - receive_response_headers.complete return_value=(b'HTTP/1.1', 200, b'OK', [(b'X-Content-Type-Options', b'nosniff'), (b'Referrer-Policy', b'no-referrer'), (b'Permissions-Policy', b'camera=(), microphone=(), geolocation=()'), (b'Content-Type', b'application/json; charset=utf-8'), (b'Date', b'Thu, 09 Apr 2026 02:27:50 GMT'), (b'Connection', b'keep-alive'), (b'Keep-Alive', b'timeout=5'), (b'Content-Length', b'275')])
2026-04-09 10:27:50 [INFO] httpx - HTTP Request: POST http://127.0.0.1:18789/tools/invoke "HTTP/1.1 200 OK"
2026-04-09 10:27:50 [DEBUG] httpcore.http11 - receive_response_body.started request=<Request [b'POST']>
2026-04-09 10:27:50 [DEBUG] httpcore.http11 - receive_response_body.complete
2026-04-09 10:27:50 [DEBUG] httpcore.http11 - response_closed.started
2026-04-09 10:27:50 [DEBUG] httpcore.http11 - response_closed.complete
2026-04-09 10:27:50 [INFO] openclaw_alpha.openclaw.cron_utils - 轮询 HTTP 调用: job_id=04c197a2-3d6a-43cc-a0f6-a5a309dea3cd, poll_count=27, poll_elapsed=1.56s
2026-04-09 10:27:50 [INFO] openclaw_alpha.openclaw.cron_utils - 轮询响应: ok=True, entries_count=0
2026-04-09 10:28:00 [DEBUG] httpcore.connection - close.started
2026-04-09 10:28:00 [DEBUG] httpcore.connection - close.complete
2026-04-09 10:28:00 [DEBUG] httpcore.connection - connect_tcp.started host='127.0.0.1' port=18789 local_address=None timeout=10.0 socket_options=None
2026-04-09 10:28:00 [DEBUG] httpcore.connection - connect_tcp.complete return_value=<httpcore._backends.anyio.AnyIOStream object at 0x7d7ed817e150>
2026-04-09 10:28:00 [DEBUG] httpcore.http11 - send_request_headers.started request=<Request [b'POST']>
2026-04-09 10:28:00 [DEBUG] httpcore.http11 - send_request_headers.complete
2026-04-09 10:28:00 [DEBUG] httpcore.http11 - send_request_body.started request=<Request [b'POST']>
2026-04-09 10:28:00 [DEBUG] httpcore.http11 - send_request_body.complete
2026-04-09 10:28:00 [DEBUG] httpcore.http11 - receive_response_headers.started request=<Request [b'POST']>
2026-04-09 10:28:02 [DEBUG] httpcore.http11 - receive_response_headers.complete return_value=(b'HTTP/1.1', 200, b'OK', [(b'X-Content-Type-Options', b'nosniff'), (b'Referrer-Policy', b'no-referrer'), (b'Permissions-Policy', b'camera=(), microphone=(), geolocation=()'), (b'Content-Type', b'application/json; charset=utf-8'), (b'Date', b'Thu, 09 Apr 2026 02:28:02 GMT'), (b'Connection', b'keep-alive'), (b'Keep-Alive', b'timeout=5'), (b'Content-Length', b'275')])
2026-04-09 10:28:02 [INFO] httpx - HTTP Request: POST http://127.0.0.1:18789/tools/invoke "HTTP/1.1 200 OK"
2026-04-09 10:28:02 [DEBUG] httpcore.http11 - receive_response_body.started request=<Request [b'POST']>
2026-04-09 10:28:02 [DEBUG] httpcore.http11 - receive_response_body.complete
2026-04-09 10:28:02 [DEBUG] httpcore.http11 - response_closed.started
2026-04-09 10:28:02 [DEBUG] httpcore.http11 - response_closed.complete
2026-04-09 10:28:02 [INFO] openclaw_alpha.openclaw.cron_utils - 轮询 HTTP 调用: job_id=04c197a2-3d6a-43cc-a0f6-a5a309dea3cd, poll_count=28, poll_elapsed=2.38s
2026-04-09 10:28:02 [INFO] openclaw_alpha.openclaw.cron_utils - 轮询响应: ok=True, entries_count=0
2026-04-09 10:28:12 [DEBUG] httpcore.connection - close.started
2026-04-09 10:28:12 [DEBUG] httpcore.connection - close.complete
2026-04-09 10:28:12 [DEBUG] httpcore.connection - connect_tcp.started host='127.0.0.1' port=18789 local_address=None timeout=10.0 socket_options=None
2026-04-09 10:28:12 [DEBUG] httpcore.connection - connect_tcp.complete return_value=<httpcore._backends.anyio.AnyIOStream object at 0x7d7ed81bf480>
2026-04-09 10:28:12 [DEBUG] httpcore.http11 - send_request_headers.started request=<Request [b'POST']>
2026-04-09 10:28:12 [DEBUG] httpcore.http11 - send_request_headers.complete
2026-04-09 10:28:12 [DEBUG] httpcore.http11 - send_request_body.started request=<Request [b'POST']>
2026-04-09 10:28:12 [DEBUG] httpcore.http11 - send_request_body.complete
2026-04-09 10:28:12 [DEBUG] httpcore.http11 - receive_response_headers.started request=<Request [b'POST']>
2026-04-09 10:28:16 [DEBUG] httpcore.http11 - receive_response_headers.complete return_value=(b'HTTP/1.1', 200, b'OK', [(b'X-Content-Type-Options', b'nosniff'), (b'Referrer-Policy', b'no-referrer'), (b'Permissions-Policy', b'camera=(), microphone=(), geolocation=()'), (b'Content-Type', b'application/json; charset=utf-8'), (b'Date', b'Thu, 09 Apr 2026 02:28:16 GMT'), (b'Connection', b'keep-alive'), (b'Keep-Alive', b'timeout=5'), (b'Content-Length', b'2366')])
2026-04-09 10:28:16 [INFO] httpx - HTTP Request: POST http://127.0.0.1:18789/tools/invoke "HTTP/1.1 200 OK"
2026-04-09 10:28:16 [DEBUG] httpcore.http11 - receive_response_body.started request=<Request [b'POST']>
2026-04-09 10:28:16 [DEBUG] httpcore.http11 - receive_response_body.complete
2026-04-09 10:28:16 [DEBUG] httpcore.http11 - response_closed.started
2026-04-09 10:28:16 [DEBUG] httpcore.http11 - response_closed.complete
2026-04-09 10:28:16 [INFO] openclaw_alpha.openclaw.cron_utils - 轮询 HTTP 调用: job_id=04c197a2-3d6a-43cc-a0f6-a5a309dea3cd, poll_count=29, poll_elapsed=3.57s
2026-04-09 10:28:16 [INFO] openclaw_alpha.openclaw.cron_utils - 轮询响应: ok=True, entries_count=1
2026-04-09 10:28:16 [INFO] openclaw_alpha.openclaw.cron_utils - 轮询结果: status=ok, durationMs=335331, sessionId=ef2bb6da-d5c3-48c1-9068-b2c412d88605
2026-04-09 10:28:16 [INFO] openclaw_alpha.openclaw.cron_utils - 任务完成: ok（耗时 335331ms）
2026-04-09 10:28:16 [INFO] openclaw_alpha.openclaw.cron_utils - 任务运行完成: sessionId=ef2bb6da-d5c3-48c1-9068-b2c412d88605
2026-04-09 10:28:16 [DEBUG] httpcore.http11 - send_request_headers.started request=<Request [b'POST']>
2026-04-09 10:28:16 [DEBUG] httpcore.http11 - send_request_headers.complete
2026-04-09 10:28:16 [DEBUG] httpcore.http11 - send_request_body.started request=<Request [b'POST']>
2026-04-09 10:28:16 [DEBUG] httpcore.http11 - send_request_body.complete
2026-04-09 10:28:16 [DEBUG] httpcore.http11 - receive_response_headers.started request=<Request [b'POST']>
2026-04-09 10:28:17 [DEBUG] httpcore.http11 - receive_response_headers.complete return_value=(b'HTTP/1.1', 200, b'OK', [(b'X-Content-Type-Options', b'nosniff'), (b'Referrer-Policy', b'no-referrer'), (b'Permissions-Policy', b'camera=(), microphone=(), geolocation=()'), (b'Content-Type', b'application/json; charset=utf-8'), (b'Date', b'Thu, 09 Apr 2026 02:28:17 GMT'), (b'Connection', b'keep-alive'), (b'Keep-Alive', b'timeout=5'), (b'Content-Length', b'141')])
2026-04-09 10:28:17 [INFO] httpx - HTTP Request: POST http://127.0.0.1:18789/tools/invoke "HTTP/1.1 200 OK"
2026-04-09 10:28:17 [DEBUG] httpcore.http11 - receive_response_body.started request=<Request [b'POST']>
2026-04-09 10:28:17 [DEBUG] httpcore.http11 - receive_response_body.complete
2026-04-09 10:28:17 [DEBUG] httpcore.http11 - response_closed.started
2026-04-09 10:28:17 [DEBUG] httpcore.http11 - response_closed.complete
2026-04-09 10:28:17 [INFO] openclaw_alpha.openclaw.cron_utils - 任务已删除: 04c197a2-3d6a-43cc-a0f6-a5a309dea3cd
2026-04-09 10:28:17 [INFO] openclaw_alpha.backend.quick_news.task_executor - 任务已完成: 04c197a2-3d6a-43cc-a0f6-a5a309dea3cd, sessionId: ef2bb6da-d5c3-48c1-9068-b2c412d88605
2026-04-09 10:28:17 [INFO] openclaw_alpha.backend.quick_news.task_executor - 第 1 次轮询: analysis 字段已写入
2026-04-09 10:28:17 [INFO] openclaw_alpha.backend.quick_news.task_executor - 已读取分析结果并追加 session 字段: jin10_jin10:index:20260408214925395800
2026-04-09 10:28:17 [ERROR] openclaw_alpha.backend.quick_news.task_executor - submit_analysis 异常: NameError: name 'news_dir' is not defined
Traceback (most recent call last):
  File "/home/momojie/.openclaw/workspace/skills/OpenClaw-Alpha/src/openclaw_alpha/backend/quick_news/task_executor.py", line 213, in submit_analysis
    await _notify_recipients(
    ...<3 lines>...
    )
  File "/home/momojie/.openclaw/workspace/skills/OpenClaw-Alpha/src/openclaw_alpha/backend/quick_news/task_executor.py", line 248, in _notify_recipients
    await _send_result_notification(news_id, title, success=True)
  File "/home/momojie/.openclaw/workspace/skills/OpenClaw-Alpha/src/openclaw_alpha/backend/quick_news/task_executor.py", line 308, in _send_result_notification
    📂 news_dir：{news_dir}
                  ^^^^^^^^
NameError: name 'news_dir' is not defined. Did you mean: 'news_id'?
2026-04-09 10:28:17 [DEBUG] httpcore.http11 - send_request_headers.started request=<Request [b'POST']>
2026-04-09 10:28:17 [DEBUG] httpcore.http11 - send_request_headers.complete
2026-04-09 10:28:17 [DEBUG] httpcore.http11 - send_request_body.started request=<Request [b'POST']>
2026-04-09 10:28:17 [DEBUG] httpcore.http11 - send_request_body.complete
2026-04-09 10:28:17 [DEBUG] httpcore.http11 - receive_response_headers.started request=<Request [b'POST']>
2026-04-09 10:28:18 [DEBUG] httpcore.http11 - receive_response_headers.complete return_value=(b'HTTP/1.1', 200, b'OK', [(b'X-Content-Type-Options', b'nosniff'), (b'Referrer-Policy', b'no-referrer'), (b'Permissions-Policy', b'camera=(), microphone=(), geolocation=()'), (b'Content-Type', b'application/json; charset=utf-8'), (b'Date', b'Thu, 09 Apr 2026 02:28:18 GMT'), (b'Connection', b'keep-alive'), (b'Keep-Alive', b'timeout=5'), (b'Content-Length', b'457')])
2026-04-09 10:28:18 [INFO] httpx - HTTP Request: POST http://127.0.0.1:18789/tools/invoke "HTTP/1.1 200 OK"
2026-04-09 10:28:18 [DEBUG] httpcore.http11 - receive_response_body.started request=<Request [b'POST']>
2026-04-09 10:28:18 [DEBUG] httpcore.http11 - receive_response_body.complete
2026-04-09 10:28:18 [DEBUG] httpcore.http11 - response_closed.started
2026-04-09 10:28:18 [DEBUG] httpcore.http11 - response_closed.complete
2026-04-09 10:28:18 [INFO] openclaw_alpha.backend.quick_news.task_executor - 已推送到 wecom: Momojie
2026-04-09 10:28:18 [INFO] openclaw_alpha.backend.quick_news.task_executor - submit_analysis 完成: news_id=jin10_jin10:index:20260408214925395800, success=False, worth_deep=False, error=submit_analysis 异常: NameError: name 'news_dir' is not defined
2026-04-09 10:28:18 [WARNING] openclaw_alpha.backend.quick_news.jobs - 分析失败: jin10_jin10:index:20260408214925395800
2026-04-09 10:28:18 [INFO] openclaw_alpha.backend.quick_news.jobs - 新闻处理完成: 0/1 成功
2026-04-09 10:28:18 [INFO] news.trigger - === trigger 完成 ===
2026-04-09 10:30:02 [INFO] news.trigger - === trigger 开始 (limit=1) ===
2026-04-09 10:30:02 [DEBUG] asyncio - Using selector: EpollSelector
2026-04-09 10:30:02 [INFO] openclaw_alpha.backend.quick_news.jobs - 拉取新闻源: cls_telegraph (/cls/telegraph)
2026-04-09 10:30:02 [DEBUG] openclaw_alpha.rsshub.fetcher - 尝试拉取: https://rsshub.liumingye.cn/cls/telegraph
2026-04-09 10:30:03 [DEBUG] openclaw_alpha.rsshub.fetcher - 拉取成功: https://rsshub.liumingye.cn/cls/telegraph, 获取 20 条
2026-04-09 10:30:03 [INFO] openclaw_alpha.backend.quick_news.jobs -   cls_telegraph: saved=2, skipped=18
2026-04-09 10:30:03 [INFO] openclaw_alpha.backend.quick_news.jobs - 拉取新闻源: jin10 (/jin10)
2026-04-09 10:30:03 [DEBUG] openclaw_alpha.rsshub.fetcher - 尝试拉取: https://rsshub.liumingye.cn/jin10
2026-04-09 10:30:06 [DEBUG] openclaw_alpha.rsshub.fetcher - 拉取成功: https://rsshub.liumingye.cn/jin10, 获取 20 条
2026-04-09 10:30:06 [INFO] openclaw_alpha.backend.quick_news.jobs -   jin10: saved=4, skipped=16
2026-04-09 10:30:06 [INFO] openclaw_alpha.backend.quick_news.jobs - 拉取新闻源: wallstreetcn_news (/wallstreetcn/news)
2026-04-09 10:30:06 [DEBUG] openclaw_alpha.rsshub.fetcher - 尝试拉取: https://rsshub.liumingye.cn/wallstreetcn/news
2026-04-09 10:30:12 [DEBUG] openclaw_alpha.rsshub.fetcher - 拉取成功: https://rsshub.liumingye.cn/wallstreetcn/news, 获取 27 条
2026-04-09 10:30:12 [INFO] openclaw_alpha.backend.quick_news.jobs -   wallstreetcn_news: saved=0, skipped=27
2026-04-09 10:30:12 [INFO] openclaw_alpha.backend.quick_news.jobs - 拉取新闻源: yicai_brief (/yicai/brief)
2026-04-09 10:30:12 [DEBUG] openclaw_alpha.rsshub.fetcher - 尝试拉取: https://rsshub.liumingye.cn/yicai/brief
2026-04-09 10:30:16 [DEBUG] openclaw_alpha.rsshub.fetcher - 拉取成功: https://rsshub.liumingye.cn/yicai/brief, 获取 50 条
2026-04-09 10:30:16 [INFO] openclaw_alpha.backend.quick_news.jobs -   yicai_brief: saved=3, skipped=47
2026-04-09 10:30:16 [INFO] openclaw_alpha.backend.quick_news.jobs - 拉取完成: 4 个源, saved=9, skipped=108
2026-04-09 10:30:16 [INFO] openclaw_alpha.backend.quick_news.jobs - 发现 201 条待分析新闻
2026-04-09 10:30:16 [INFO] openclaw_alpha.backend.quick_news.jobs - 应用 limit=1，处理前 1 条
2026-04-09 10:30:16 [INFO] openclaw_alpha.backend.quick_news.jobs - 处理新闻: 特朗普提议与伊朗“联合管理”霍尔木兹海峡 引发航运规则争议 (jin10_jin10:index:20260408214925395800)
2026-04-09 10:30:16 [INFO] openclaw_alpha.backend.quick_news.task_executor - 提交快速分析任务: 特朗普提议与伊朗“联合管理”霍尔木兹海峡 引发航运规则争议 (jin10_jin10:index:20260408214925395800)
2026-04-09 10:30:16 [INFO] openclaw_alpha.backend.quick_news.task_executor -   agent_id=main, model=openrouter/anthropic/claude-3.5-sonnet
2026-04-09 10:30:16 [INFO] openclaw_alpha.backend.quick_news.task_executor -   timeout=900s, session_poll_timeout=900s
2026-04-09 10:30:16 [DEBUG] openclaw_alpha.openclaw.cron_utils - cron.add 参数: news-analysis-jin10_jin10:index:20260408214925395800
2026-04-09 10:30:16 [DEBUG] httpcore.connection - connect_tcp.started host='127.0.0.1' port=18789 local_address=None timeout=30.0 socket_options=None
2026-04-09 10:30:16 [DEBUG] httpcore.connection - connect_tcp.complete return_value=<httpcore._backends.anyio.AnyIOStream object at 0x725fb5266ba0>
2026-04-09 10:30:16 [DEBUG] httpcore.http11 - send_request_headers.started request=<Request [b'POST']>
2026-04-09 10:30:16 [DEBUG] httpcore.http11 - send_request_headers.complete
2026-04-09 10:30:16 [DEBUG] httpcore.http11 - send_request_body.started request=<Request [b'POST']>
2026-04-09 10:30:16 [DEBUG] httpcore.http11 - send_request_body.complete
2026-04-09 10:30:16 [DEBUG] httpcore.http11 - receive_response_headers.started request=<Request [b'POST']>
2026-04-09 10:30:18 [DEBUG] httpcore.http11 - receive_response_headers.complete return_value=(b'HTTP/1.1', 200, b'OK', [(b'X-Content-Type-Options', b'nosniff'), (b'Referrer-Policy', b'no-referrer'), (b'Permissions-Policy', b'camera=(), microphone=(), geolocation=()'), (b'Content-Type', b'application/json; charset=utf-8'), (b'Date', b'Thu, 09 Apr 2026 02:30:18 GMT'), (b'Connection', b'keep-alive'), (b'Keep-Alive', b'timeout=5'), (b'Content-Length', b'8165')])
2026-04-09 10:30:18 [INFO] httpx - HTTP Request: POST http://127.0.0.1:18789/tools/invoke "HTTP/1.1 200 OK"
2026-04-09 10:30:18 [DEBUG] httpcore.http11 - receive_response_body.started request=<Request [b'POST']>
2026-04-09 10:30:18 [DEBUG] httpcore.http11 - receive_response_body.complete
2026-04-09 10:30:18 [DEBUG] httpcore.http11 - response_closed.started
2026-04-09 10:30:18 [DEBUG] httpcore.http11 - response_closed.complete
2026-04-09 10:30:18 [INFO] openclaw_alpha.openclaw.cron_utils - 任务创建成功: 4b54d6be-eab4-4a9b-b493-bb78ea9aac83
2026-04-09 10:30:18 [INFO] openclaw_alpha.openclaw.cron_utils - 触发任务: 4b54d6be-eab4-4a9b-b493-bb78ea9aac83
2026-04-09 10:30:18 [INFO] openclaw_alpha.openclaw.cron_utils - 开始轮询任务完成状态: 4b54d6be-eab4-4a9b-b493-bb78ea9aac83（超时 900s）
2026-04-09 10:30:18 [DEBUG] httpcore.http11 - send_request_headers.started request=<Request [b'POST']>
2026-04-09 10:30:18 [DEBUG] httpcore.http11 - send_request_headers.complete
2026-04-09 10:30:18 [DEBUG] httpcore.http11 - send_request_body.started request=<Request [b'POST']>
2026-04-09 10:30:18 [DEBUG] httpcore.http11 - send_request_body.complete
2026-04-09 10:30:18 [DEBUG] httpcore.http11 - receive_response_headers.started request=<Request [b'POST']>
2026-04-09 10:30:19 [DEBUG] httpcore.http11 - receive_response_headers.complete return_value=(b'HTTP/1.1', 200, b'OK', [(b'X-Content-Type-Options', b'nosniff'), (b'Referrer-Policy', b'no-referrer'), (b'Permissions-Policy', b'camera=(), microphone=(), geolocation=()'), (b'Content-Type', b'application/json; charset=utf-8'), (b'Date', b'Thu, 09 Apr 2026 02:30:19 GMT'), (b'Connection', b'keep-alive'), (b'Keep-Alive', b'timeout=5'), (b'Content-Length', b'290')])
2026-04-09 10:30:19 [INFO] httpx - HTTP Request: POST http://127.0.0.1:18789/tools/invoke "HTTP/1.1 200 OK"
2026-04-09 10:30:19 [DEBUG] httpcore.http11 - receive_response_body.started request=<Request [b'POST']>
2026-04-09 10:30:19 [DEBUG] httpcore.http11 - receive_response_body.complete
2026-04-09 10:30:19 [DEBUG] httpcore.http11 - response_closed.started
2026-04-09 10:30:19 [DEBUG] httpcore.http11 - response_closed.complete
2026-04-09 10:30:21 [DEBUG] httpcore.http11 - send_request_headers.started request=<Request [b'POST']>
2026-04-09 10:30:21 [DEBUG] httpcore.http11 - send_request_headers.complete
2026-04-09 10:30:21 [DEBUG] httpcore.http11 - send_request_body.started request=<Request [b'POST']>
2026-04-09 10:30:21 [DEBUG] httpcore.http11 - send_request_body.complete
2026-04-09 10:30:21 [DEBUG] httpcore.http11 - receive_response_headers.started request=<Request [b'POST']>
2026-04-09 10:30:23 [DEBUG] httpcore.http11 - receive_response_headers.complete return_value=(b'HTTP/1.1', 200, b'OK', [(b'X-Content-Type-Options', b'nosniff'), (b'Referrer-Policy', b'no-referrer'), (b'Permissions-Policy', b'camera=(), microphone=(), geolocation=()'), (b'Content-Type', b'application/json; charset=utf-8'), (b'Date', b'Thu, 09 Apr 2026 02:30:23 GMT'), (b'Connection', b'keep-alive'), (b'Keep-Alive', b'timeout=5'), (b'Content-Length', b'275')])
2026-04-09 10:30:23 [INFO] httpx - HTTP Request: POST http://127.0.0.1:18789/tools/invoke "HTTP/1.1 200 OK"
2026-04-09 10:30:23 [DEBUG] httpcore.http11 - receive_response_body.started request=<Request [b'POST']>
2026-04-09 10:30:23 [DEBUG] httpcore.http11 - receive_response_body.complete
2026-04-09 10:30:23 [DEBUG] httpcore.http11 - response_closed.started
2026-04-09 10:30:23 [DEBUG] httpcore.http11 - response_closed.complete
2026-04-09 10:30:23 [INFO] openclaw_alpha.openclaw.cron_utils - 轮询 HTTP 调用: job_id=4b54d6be-eab4-4a9b-b493-bb78ea9aac83, poll_count=1, poll_elapsed=1.77s
2026-04-09 10:30:23 [INFO] openclaw_alpha.openclaw.cron_utils - 轮询响应: ok=True, entries_count=0
2026-04-09 10:30:33 [DEBUG] httpcore.connection - close.started
2026-04-09 10:30:33 [DEBUG] httpcore.connection - close.complete
2026-04-09 10:30:33 [DEBUG] httpcore.connection - connect_tcp.started host='127.0.0.1' port=18789 local_address=None timeout=10.0 socket_options=None
2026-04-09 10:30:33 [DEBUG] httpcore.connection - connect_tcp.complete return_value=<httpcore._backends.anyio.AnyIOStream object at 0x725fb5b82e90>
2026-04-09 10:30:33 [DEBUG] httpcore.http11 - send_request_headers.started request=<Request [b'POST']>
2026-04-09 10:30:33 [DEBUG] httpcore.http11 - send_request_headers.complete
2026-04-09 10:30:33 [DEBUG] httpcore.http11 - send_request_body.started request=<Request [b'POST']>
2026-04-09 10:30:33 [DEBUG] httpcore.http11 - send_request_body.complete
2026-04-09 10:30:33 [DEBUG] httpcore.http11 - receive_response_headers.started request=<Request [b'POST']>
2026-04-09 10:30:36 [DEBUG] httpcore.http11 - receive_response_headers.complete return_value=(b'HTTP/1.1', 200, b'OK', [(b'X-Content-Type-Options', b'nosniff'), (b'Referrer-Policy', b'no-referrer'), (b'Permissions-Policy', b'camera=(), microphone=(), geolocation=()'), (b'Content-Type', b'application/json; charset=utf-8'), (b'Date', b'Thu, 09 Apr 2026 02:30:36 GMT'), (b'Connection', b'keep-alive'), (b'Keep-Alive', b'timeout=5'), (b'Content-Length', b'275')])
2026-04-09 10:30:36 [INFO] httpx - HTTP Request: POST http://127.0.0.1:18789/tools/invoke "HTTP/1.1 200 OK"
2026-04-09 10:30:36 [DEBUG] httpcore.http11 - receive_response_body.started request=<Request [b'POST']>
2026-04-09 10:30:36 [DEBUG] httpcore.http11 - receive_response_body.complete
2026-04-09 10:30:36 [DEBUG] httpcore.http11 - response_closed.started
2026-04-09 10:30:36 [DEBUG] httpcore.http11 - response_closed.complete
2026-04-09 10:30:36 [INFO] openclaw_alpha.openclaw.cron_utils - 轮询 HTTP 调用: job_id=4b54d6be-eab4-4a9b-b493-bb78ea9aac83, poll_count=2, poll_elapsed=3.61s
2026-04-09 10:30:36 [INFO] openclaw_alpha.openclaw.cron_utils - 轮询响应: ok=True, entries_count=0
2026-04-09 10:30:46 [DEBUG] httpcore.connection - close.started
2026-04-09 10:30:46 [DEBUG] httpcore.connection - close.complete
2026-04-09 10:30:46 [DEBUG] httpcore.connection - connect_tcp.started host='127.0.0.1' port=18789 local_address=None timeout=10.0 socket_options=None
2026-04-09 10:30:46 [DEBUG] httpcore.connection - connect_tcp.complete return_value=<httpcore._backends.anyio.AnyIOStream object at 0x725fb52c9590>
2026-04-09 10:30:46 [DEBUG] httpcore.http11 - send_request_headers.started request=<Request [b'POST']>
2026-04-09 10:30:46 [DEBUG] httpcore.http11 - send_request_headers.complete
2026-04-09 10:30:46 [DEBUG] httpcore.http11 - send_request_body.started request=<Request [b'POST']>
2026-04-09 10:30:46 [DEBUG] httpcore.http11 - send_request_body.complete
2026-04-09 10:30:46 [DEBUG] httpcore.http11 - receive_response_headers.started request=<Request [b'POST']>
2026-04-09 10:30:48 [DEBUG] httpcore.http11 - receive_response_headers.complete return_value=(b'HTTP/1.1', 200, b'OK', [(b'X-Content-Type-Options', b'nosniff'), (b'Referrer-Policy', b'no-referrer'), (b'Permissions-Policy', b'camera=(), microphone=(), geolocation=()'), (b'Content-Type', b'application/json; charset=utf-8'), (b'Date', b'Thu, 09 Apr 2026 02:30:48 GMT'), (b'Connection', b'keep-alive'), (b'Keep-Alive', b'timeout=5'), (b'Content-Length', b'275')])
2026-04-09 10:30:48 [INFO] httpx - HTTP Request: POST http://127.0.0.1:18789/tools/invoke "HTTP/1.1 200 OK"
2026-04-09 10:30:48 [DEBUG] httpcore.http11 - receive_response_body.started request=<Request [b'POST']>
2026-04-09 10:30:48 [DEBUG] httpcore.http11 - receive_response_body.complete
2026-04-09 10:30:48 [DEBUG] httpcore.http11 - response_closed.started
2026-04-09 10:30:48 [DEBUG] httpcore.http11 - response_closed.complete
2026-04-09 10:30:48 [INFO] openclaw_alpha.openclaw.cron_utils - 轮询 HTTP 调用: job_id=4b54d6be-eab4-4a9b-b493-bb78ea9aac83, poll_count=3, poll_elapsed=1.73s
2026-04-09 10:30:48 [INFO] openclaw_alpha.openclaw.cron_utils - 轮询响应: ok=True, entries_count=0
2026-04-09 10:30:58 [DEBUG] httpcore.connection - close.started
2026-04-09 10:30:58 [DEBUG] httpcore.connection - close.complete
2026-04-09 10:30:58 [DEBUG] httpcore.connection - connect_tcp.started host='127.0.0.1' port=18789 local_address=None timeout=10.0 socket_options=None
2026-04-09 10:30:58 [DEBUG] httpcore.connection - connect_tcp.complete return_value=<httpcore._backends.anyio.AnyIOStream object at 0x725fb526bbb0>
2026-04-09 10:30:58 [DEBUG] httpcore.http11 - send_request_headers.started request=<Request [b'POST']>
2026-04-09 10:30:58 [DEBUG] httpcore.http11 - send_request_headers.complete
2026-04-09 10:30:58 [DEBUG] httpcore.http11 - send_request_body.started request=<Request [b'POST']>
2026-04-09 10:30:58 [DEBUG] httpcore.http11 - send_request_body.complete
2026-04-09 10:30:58 [DEBUG] httpcore.http11 - receive_response_headers.started request=<Request [b'POST']>
2026-04-09 10:31:00 [DEBUG] httpcore.http11 - receive_response_headers.complete return_value=(b'HTTP/1.1', 200, b'OK', [(b'X-Content-Type-Options', b'nosniff'), (b'Referrer-Policy', b'no-referrer'), (b'Permissions-Policy', b'camera=(), microphone=(), geolocation=()'), (b'Content-Type', b'application/json; charset=utf-8'), (b'Date', b'Thu, 09 Apr 2026 02:31:00 GMT'), (b'Connection', b'keep-alive'), (b'Keep-Alive', b'timeout=5'), (b'Content-Length', b'275')])
2026-04-09 10:31:00 [INFO] httpx - HTTP Request: POST http://127.0.0.1:18789/tools/invoke "HTTP/1.1 200 OK"
2026-04-09 10:31:00 [DEBUG] httpcore.http11 - receive_response_body.started request=<Request [b'POST']>
2026-04-09 10:31:00 [DEBUG] httpcore.http11 - receive_response_body.complete
2026-04-09 10:31:00 [DEBUG] httpcore.http11 - response_closed.started
2026-04-09 10:31:00 [DEBUG] httpcore.http11 - response_closed.complete
2026-04-09 10:31:00 [INFO] openclaw_alpha.openclaw.cron_utils - 轮询 HTTP 调用: job_id=4b54d6be-eab4-4a9b-b493-bb78ea9aac83, poll_count=4, poll_elapsed=2.11s
2026-04-09 10:31:00 [INFO] openclaw_alpha.openclaw.cron_utils - 轮询响应: ok=True, entries_count=0
2026-04-09 10:31:10 [DEBUG] httpcore.connection - close.started
2026-04-09 10:31:10 [DEBUG] httpcore.connection - close.complete
2026-04-09 10:31:10 [DEBUG] httpcore.connection - connect_tcp.started host='127.0.0.1' port=18789 local_address=None timeout=10.0 socket_options=None
2026-04-09 10:31:10 [DEBUG] httpcore.connection - connect_tcp.complete return_value=<httpcore._backends.anyio.AnyIOStream object at 0x725fb52ec640>
2026-04-09 10:31:10 [DEBUG] httpcore.http11 - send_request_headers.started request=<Request [b'POST']>
2026-04-09 10:31:10 [DEBUG] httpcore.http11 - send_request_headers.complete
2026-04-09 10:31:10 [DEBUG] httpcore.http11 - send_request_body.started request=<Request [b'POST']>
2026-04-09 10:31:10 [DEBUG] httpcore.http11 - send_request_body.complete
2026-04-09 10:31:10 [DEBUG] httpcore.http11 - receive_response_headers.started request=<Request [b'POST']>
2026-04-09 10:31:12 [DEBUG] httpcore.http11 - receive_response_headers.complete return_value=(b'HTTP/1.1', 200, b'OK', [(b'X-Content-Type-Options', b'nosniff'), (b'Referrer-Policy', b'no-referrer'), (b'Permissions-Policy', b'camera=(), microphone=(), geolocation=()'), (b'Content-Type', b'application/json; charset=utf-8'), (b'Date', b'Thu, 09 Apr 2026 02:31:12 GMT'), (b'Connection', b'keep-alive'), (b'Keep-Alive', b'timeout=5'), (b'Content-Length', b'275')])
2026-04-09 10:31:12 [INFO] httpx - HTTP Request: POST http://127.0.0.1:18789/tools/invoke "HTTP/1.1 200 OK"
2026-04-09 10:31:12 [DEBUG] httpcore.http11 - receive_response_body.started request=<Request [b'POST']>
2026-04-09 10:31:12 [DEBUG] httpcore.http11 - receive_response_body.complete
2026-04-09 10:31:12 [DEBUG] httpcore.http11 - response_closed.started
2026-04-09 10:31:12 [DEBUG] httpcore.http11 - response_closed.complete
2026-04-09 10:31:12 [INFO] openclaw_alpha.openclaw.cron_utils - 轮询 HTTP 调用: job_id=4b54d6be-eab4-4a9b-b493-bb78ea9aac83, poll_count=5, poll_elapsed=1.55s
2026-04-09 10:31:12 [INFO] openclaw_alpha.openclaw.cron_utils - 轮询响应: ok=True, entries_count=0
2026-04-09 10:31:22 [DEBUG] httpcore.connection - close.started
2026-04-09 10:31:22 [DEBUG] httpcore.connection - close.complete
2026-04-09 10:31:22 [DEBUG] httpcore.connection - connect_tcp.started host='127.0.0.1' port=18789 local_address=None timeout=10.0 socket_options=None
2026-04-09 10:31:22 [DEBUG] httpcore.connection - connect_tcp.complete return_value=<httpcore._backends.anyio.AnyIOStream object at 0x725fb52d1370>
2026-04-09 10:31:22 [DEBUG] httpcore.http11 - send_request_headers.started request=<Request [b'POST']>
2026-04-09 10:31:22 [DEBUG] httpcore.http11 - send_request_headers.complete
2026-04-09 10:31:22 [DEBUG] httpcore.http11 - send_request_body.started request=<Request [b'POST']>
2026-04-09 10:31:22 [DEBUG] httpcore.http11 - send_request_body.complete
2026-04-09 10:31:22 [DEBUG] httpcore.http11 - receive_response_headers.started request=<Request [b'POST']>
2026-04-09 10:31:25 [DEBUG] httpcore.http11 - receive_response_headers.complete return_value=(b'HTTP/1.1', 200, b'OK', [(b'X-Content-Type-Options', b'nosniff'), (b'Referrer-Policy', b'no-referrer'), (b'Permissions-Policy', b'camera=(), microphone=(), geolocation=()'), (b'Content-Type', b'application/json; charset=utf-8'), (b'Date', b'Thu, 09 Apr 2026 02:31:25 GMT'), (b'Connection', b'keep-alive'), (b'Keep-Alive', b'timeout=5'), (b'Content-Length', b'275')])
2026-04-09 10:31:25 [INFO] httpx - HTTP Request: POST http://127.0.0.1:18789/tools/invoke "HTTP/1.1 200 OK"
2026-04-09 10:31:25 [DEBUG] httpcore.http11 - receive_response_body.started request=<Request [b'POST']>
2026-04-09 10:31:25 [DEBUG] httpcore.http11 - receive_response_body.complete
2026-04-09 10:31:25 [DEBUG] httpcore.http11 - response_closed.started
2026-04-09 10:31:25 [DEBUG] httpcore.http11 - response_closed.complete
2026-04-09 10:31:25 [INFO] openclaw_alpha.openclaw.cron_utils - 轮询 HTTP 调用: job_id=4b54d6be-eab4-4a9b-b493-bb78ea9aac83, poll_count=6, poll_elapsed=3.62s
2026-04-09 10:31:25 [INFO] openclaw_alpha.openclaw.cron_utils - 轮询响应: ok=True, entries_count=0
2026-04-09 10:31:35 [DEBUG] httpcore.connection - close.started
2026-04-09 10:31:35 [DEBUG] httpcore.connection - close.complete
2026-04-09 10:31:35 [DEBUG] httpcore.connection - connect_tcp.started host='127.0.0.1' port=18789 local_address=None timeout=10.0 socket_options=None
2026-04-09 10:31:35 [DEBUG] httpcore.connection - connect_tcp.complete return_value=<httpcore._backends.anyio.AnyIOStream object at 0x725fb529b020>
2026-04-09 10:31:35 [DEBUG] httpcore.http11 - send_request_headers.started request=<Request [b'POST']>
2026-04-09 10:31:35 [DEBUG] httpcore.http11 - send_request_headers.complete
2026-04-09 10:31:35 [DEBUG] httpcore.http11 - send_request_body.started request=<Request [b'POST']>
2026-04-09 10:31:35 [DEBUG] httpcore.http11 - send_request_body.complete
2026-04-09 10:31:35 [DEBUG] httpcore.http11 - receive_response_headers.started request=<Request [b'POST']>
2026-04-09 10:31:37 [DEBUG] httpcore.http11 - receive_response_headers.complete return_value=(b'HTTP/1.1', 200, b'OK', [(b'X-Content-Type-Options', b'nosniff'), (b'Referrer-Policy', b'no-referrer'), (b'Permissions-Policy', b'camera=(), microphone=(), geolocation=()'), (b'Content-Type', b'application/json; charset=utf-8'), (b'Date', b'Thu, 09 Apr 2026 02:31:37 GMT'), (b'Connection', b'keep-alive'), (b'Keep-Alive', b'timeout=5'), (b'Content-Length', b'275')])
2026-04-09 10:31:37 [INFO] httpx - HTTP Request: POST http://127.0.0.1:18789/tools/invoke "HTTP/1.1 200 OK"
2026-04-09 10:31:37 [DEBUG] httpcore.http11 - receive_response_body.started request=<Request [b'POST']>
2026-04-09 10:31:37 [DEBUG] httpcore.http11 - receive_response_body.complete
2026-04-09 10:31:37 [DEBUG] httpcore.http11 - response_closed.started
2026-04-09 10:31:37 [DEBUG] httpcore.http11 - response_closed.complete
2026-04-09 10:31:37 [INFO] openclaw_alpha.openclaw.cron_utils - 轮询 HTTP 调用: job_id=4b54d6be-eab4-4a9b-b493-bb78ea9aac83, poll_count=7, poll_elapsed=1.63s
2026-04-09 10:31:37 [INFO] openclaw_alpha.openclaw.cron_utils - 轮询响应: ok=True, entries_count=0
2026-04-09 10:31:47 [DEBUG] httpcore.connection - close.started
2026-04-09 10:31:47 [DEBUG] httpcore.connection - close.complete
2026-04-09 10:31:47 [DEBUG] httpcore.connection - connect_tcp.started host='127.0.0.1' port=18789 local_address=None timeout=10.0 socket_options=None
2026-04-09 10:31:47 [DEBUG] httpcore.connection - connect_tcp.complete return_value=<httpcore._backends.anyio.AnyIOStream object at 0x725fb529b8a0>
2026-04-09 10:31:47 [DEBUG] httpcore.http11 - send_request_headers.started request=<Request [b'POST']>
2026-04-09 10:31:47 [DEBUG] httpcore.http11 - send_request_headers.complete
2026-04-09 10:31:47 [DEBUG] httpcore.http11 - send_request_body.started request=<Request [b'POST']>
2026-04-09 10:31:47 [DEBUG] httpcore.http11 - send_request_body.complete
2026-04-09 10:31:47 [DEBUG] httpcore.http11 - receive_response_headers.started request=<Request [b'POST']>
2026-04-09 10:31:48 [DEBUG] httpcore.http11 - receive_response_headers.complete return_value=(b'HTTP/1.1', 200, b'OK', [(b'X-Content-Type-Options', b'nosniff'), (b'Referrer-Policy', b'no-referrer'), (b'Permissions-Policy', b'camera=(), microphone=(), geolocation=()'), (b'Content-Type', b'application/json; charset=utf-8'), (b'Date', b'Thu, 09 Apr 2026 02:31:48 GMT'), (b'Connection', b'keep-alive'), (b'Keep-Alive', b'timeout=5'), (b'Content-Length', b'275')])
2026-04-09 10:31:48 [INFO] httpx - HTTP Request: POST http://127.0.0.1:18789/tools/invoke "HTTP/1.1 200 OK"
2026-04-09 10:31:48 [DEBUG] httpcore.http11 - receive_response_body.started request=<Request [b'POST']>
2026-04-09 10:31:48 [DEBUG] httpcore.http11 - receive_response_body.complete
2026-04-09 10:31:48 [DEBUG] httpcore.http11 - response_closed.started
2026-04-09 10:31:48 [DEBUG] httpcore.http11 - response_closed.complete
2026-04-09 10:31:48 [INFO] openclaw_alpha.openclaw.cron_utils - 轮询 HTTP 调用: job_id=4b54d6be-eab4-4a9b-b493-bb78ea9aac83, poll_count=8, poll_elapsed=1.60s
2026-04-09 10:31:48 [INFO] openclaw_alpha.openclaw.cron_utils - 轮询响应: ok=True, entries_count=0
2026-04-09 10:31:58 [DEBUG] httpcore.connection - close.started
2026-04-09 10:31:58 [DEBUG] httpcore.connection - close.complete
2026-04-09 10:31:58 [DEBUG] httpcore.connection - connect_tcp.started host='127.0.0.1' port=18789 local_address=None timeout=10.0 socket_options=None
2026-04-09 10:31:58 [DEBUG] httpcore.connection - connect_tcp.complete return_value=<httpcore._backends.anyio.AnyIOStream object at 0x725fb52a7650>
2026-04-09 10:31:58 [DEBUG] httpcore.http11 - send_request_headers.started request=<Request [b'POST']>
2026-04-09 10:31:58 [DEBUG] httpcore.http11 - send_request_headers.complete
2026-04-09 10:31:58 [DEBUG] httpcore.http11 - send_request_body.started request=<Request [b'POST']>
2026-04-09 10:31:58 [DEBUG] httpcore.http11 - send_request_body.complete
2026-04-09 10:31:58 [DEBUG] httpcore.http11 - receive_response_headers.started request=<Request [b'POST']>
2026-04-09 10:32:00 [DEBUG] httpcore.http11 - receive_response_headers.complete return_value=(b'HTTP/1.1', 200, b'OK', [(b'X-Content-Type-Options', b'nosniff'), (b'Referrer-Policy', b'no-referrer'), (b'Permissions-Policy', b'camera=(), microphone=(), geolocation=()'), (b'Content-Type', b'application/json; charset=utf-8'), (b'Date', b'Thu, 09 Apr 2026 02:32:00 GMT'), (b'Connection', b'keep-alive'), (b'Keep-Alive', b'timeout=5'), (b'Content-Length', b'275')])
2026-04-09 10:32:00 [INFO] httpx - HTTP Request: POST http://127.0.0.1:18789/tools/invoke "HTTP/1.1 200 OK"
2026-04-09 10:32:00 [DEBUG] httpcore.http11 - receive_response_body.started request=<Request [b'POST']>
2026-04-09 10:32:00 [DEBUG] httpcore.http11 - receive_response_body.complete
2026-04-09 10:32:00 [DEBUG] httpcore.http11 - response_closed.started
2026-04-09 10:32:00 [DEBUG] httpcore.http11 - response_closed.complete
2026-04-09 10:32:00 [INFO] openclaw_alpha.openclaw.cron_utils - 轮询 HTTP 调用: job_id=4b54d6be-eab4-4a9b-b493-bb78ea9aac83, poll_count=9, poll_elapsed=1.75s
2026-04-09 10:32:00 [INFO] openclaw_alpha.openclaw.cron_utils - 轮询响应: ok=True, entries_count=0
2026-04-09 10:32:10 [DEBUG] httpcore.connection - close.started
2026-04-09 10:32:10 [DEBUG] httpcore.connection - close.complete
2026-04-09 10:32:10 [DEBUG] httpcore.connection - connect_tcp.started host='127.0.0.1' port=18789 local_address=None timeout=10.0 socket_options=None
2026-04-09 10:32:10 [DEBUG] httpcore.connection - connect_tcp.complete return_value=<httpcore._backends.anyio.AnyIOStream object at 0x725fb52a7950>
2026-04-09 10:32:10 [DEBUG] httpcore.http11 - send_request_headers.started request=<Request [b'POST']>
2026-04-09 10:32:10 [DEBUG] httpcore.http11 - send_request_headers.complete
2026-04-09 10:32:10 [DEBUG] httpcore.http11 - send_request_body.started request=<Request [b'POST']>
2026-04-09 10:32:10 [DEBUG] httpcore.http11 - send_request_body.complete
2026-04-09 10:32:10 [DEBUG] httpcore.http11 - receive_response_headers.started request=<Request [b'POST']>
2026-04-09 10:32:14 [DEBUG] httpcore.http11 - receive_response_headers.complete return_value=(b'HTTP/1.1', 200, b'OK', [(b'X-Content-Type-Options', b'nosniff'), (b'Referrer-Policy', b'no-referrer'), (b'Permissions-Policy', b'camera=(), microphone=(), geolocation=()'), (b'Content-Type', b'application/json; charset=utf-8'), (b'Date', b'Thu, 09 Apr 2026 02:32:14 GMT'), (b'Connection', b'keep-alive'), (b'Keep-Alive', b'timeout=5'), (b'Content-Length', b'275')])
2026-04-09 10:32:14 [INFO] httpx - HTTP Request: POST http://127.0.0.1:18789/tools/invoke "HTTP/1.1 200 OK"
2026-04-09 10:32:14 [DEBUG] httpcore.http11 - receive_response_body.started request=<Request [b'POST']>
2026-04-09 10:32:14 [DEBUG] httpcore.http11 - receive_response_body.complete
2026-04-09 10:32:14 [DEBUG] httpcore.http11 - response_closed.started
2026-04-09 10:32:14 [DEBUG] httpcore.http11 - response_closed.complete
2026-04-09 10:32:14 [INFO] openclaw_alpha.openclaw.cron_utils - 轮询 HTTP 调用: job_id=4b54d6be-eab4-4a9b-b493-bb78ea9aac83, poll_count=10, poll_elapsed=3.59s
2026-04-09 10:32:14 [INFO] openclaw_alpha.openclaw.cron_utils - 轮询响应: ok=True, entries_count=0
2026-04-09 10:32:24 [DEBUG] httpcore.connection - close.started
2026-04-09 10:32:24 [DEBUG] httpcore.connection - close.complete
2026-04-09 10:32:24 [DEBUG] httpcore.connection - connect_tcp.started host='127.0.0.1' port=18789 local_address=None timeout=10.0 socket_options=None
2026-04-09 10:32:24 [DEBUG] httpcore.connection - connect_tcp.complete return_value=<httpcore._backends.anyio.AnyIOStream object at 0x725fb52f2f30>
2026-04-09 10:32:24 [DEBUG] httpcore.http11 - send_request_headers.started request=<Request [b'POST']>
2026-04-09 10:32:24 [DEBUG] httpcore.http11 - send_request_headers.complete
2026-04-09 10:32:24 [DEBUG] httpcore.http11 - send_request_body.started request=<Request [b'POST']>
2026-04-09 10:32:24 [DEBUG] httpcore.http11 - send_request_body.complete
2026-04-09 10:32:24 [DEBUG] httpcore.http11 - receive_response_headers.started request=<Request [b'POST']>
2026-04-09 10:32:25 [DEBUG] httpcore.http11 - receive_response_headers.complete return_value=(b'HTTP/1.1', 200, b'OK', [(b'X-Content-Type-Options', b'nosniff'), (b'Referrer-Policy', b'no-referrer'), (b'Permissions-Policy', b'camera=(), microphone=(), geolocation=()'), (b'Content-Type', b'application/json; charset=utf-8'), (b'Date', b'Thu, 09 Apr 2026 02:32:25 GMT'), (b'Connection', b'keep-alive'), (b'Keep-Alive', b'timeout=5'), (b'Content-Length', b'2383')])
2026-04-09 10:32:25 [INFO] httpx - HTTP Request: POST http://127.0.0.1:18789/tools/invoke "HTTP/1.1 200 OK"
2026-04-09 10:32:25 [DEBUG] httpcore.http11 - receive_response_body.started request=<Request [b'POST']>
2026-04-09 10:32:25 [DEBUG] httpcore.http11 - receive_response_body.complete
2026-04-09 10:32:25 [DEBUG] httpcore.http11 - response_closed.started
2026-04-09 10:32:25 [DEBUG] httpcore.http11 - response_closed.complete
2026-04-09 10:32:25 [INFO] openclaw_alpha.openclaw.cron_utils - 轮询 HTTP 调用: job_id=4b54d6be-eab4-4a9b-b493-bb78ea9aac83, poll_count=11, poll_elapsed=1.56s
2026-04-09 10:32:25 [INFO] openclaw_alpha.openclaw.cron_utils - 轮询响应: ok=True, entries_count=1
2026-04-09 10:32:25 [INFO] openclaw_alpha.openclaw.cron_utils - 轮询结果: status=ok, durationMs=119493, sessionId=b62299d7-8618-4250-a812-6e7210327611
2026-04-09 10:32:25 [INFO] openclaw_alpha.openclaw.cron_utils - 任务完成: ok（耗时 119493ms）
2026-04-09 10:32:25 [INFO] openclaw_alpha.openclaw.cron_utils - 任务运行完成: sessionId=b62299d7-8618-4250-a812-6e7210327611
2026-04-09 10:32:25 [DEBUG] httpcore.http11 - send_request_headers.started request=<Request [b'POST']>
2026-04-09 10:32:25 [DEBUG] httpcore.http11 - send_request_headers.complete
2026-04-09 10:32:25 [DEBUG] httpcore.http11 - send_request_body.started request=<Request [b'POST']>
2026-04-09 10:32:25 [DEBUG] httpcore.http11 - send_request_body.complete
2026-04-09 10:32:25 [DEBUG] httpcore.http11 - receive_response_headers.started request=<Request [b'POST']>
2026-04-09 10:32:27 [DEBUG] httpcore.http11 - receive_response_headers.complete return_value=(b'HTTP/1.1', 200, b'OK', [(b'X-Content-Type-Options', b'nosniff'), (b'Referrer-Policy', b'no-referrer'), (b'Permissions-Policy', b'camera=(), microphone=(), geolocation=()'), (b'Content-Type', b'application/json; charset=utf-8'), (b'Date', b'Thu, 09 Apr 2026 02:32:27 GMT'), (b'Connection', b'keep-alive'), (b'Keep-Alive', b'timeout=5'), (b'Content-Length', b'141')])
2026-04-09 10:32:27 [INFO] httpx - HTTP Request: POST http://127.0.0.1:18789/tools/invoke "HTTP/1.1 200 OK"
2026-04-09 10:32:27 [DEBUG] httpcore.http11 - receive_response_body.started request=<Request [b'POST']>
2026-04-09 10:32:27 [DEBUG] httpcore.http11 - receive_response_body.complete
2026-04-09 10:32:27 [DEBUG] httpcore.http11 - response_closed.started
2026-04-09 10:32:27 [DEBUG] httpcore.http11 - response_closed.complete
2026-04-09 10:32:27 [INFO] openclaw_alpha.openclaw.cron_utils - 任务已删除: 4b54d6be-eab4-4a9b-b493-bb78ea9aac83
2026-04-09 10:32:27 [INFO] openclaw_alpha.backend.quick_news.task_executor - 任务已完成: 4b54d6be-eab4-4a9b-b493-bb78ea9aac83, sessionId: b62299d7-8618-4250-a812-6e7210327611
2026-04-09 10:32:27 [INFO] openclaw_alpha.backend.quick_news.task_executor - 第 1 次轮询: analysis 字段已写入
2026-04-09 10:32:27 [INFO] openclaw_alpha.backend.quick_news.task_executor - 已读取分析结果并追加 session 字段: jin10_jin10:index:20260408214925395800
2026-04-09 10:32:27 [DEBUG] httpcore.http11 - send_request_headers.started request=<Request [b'POST']>
2026-04-09 10:32:27 [DEBUG] httpcore.http11 - send_request_headers.complete
2026-04-09 10:32:27 [DEBUG] httpcore.http11 - send_request_body.started request=<Request [b'POST']>
2026-04-09 10:32:27 [DEBUG] httpcore.http11 - send_request_body.complete
2026-04-09 10:32:27 [DEBUG] httpcore.http11 - receive_response_headers.started request=<Request [b'POST']>
2026-04-09 10:32:28 [DEBUG] httpcore.http11 - receive_response_headers.complete return_value=(b'HTTP/1.1', 200, b'OK', [(b'X-Content-Type-Options', b'nosniff'), (b'Referrer-Policy', b'no-referrer'), (b'Permissions-Policy', b'camera=(), microphone=(), geolocation=()'), (b'Content-Type', b'application/json; charset=utf-8'), (b'Date', b'Thu, 09 Apr 2026 02:32:28 GMT'), (b'Connection', b'keep-alive'), (b'Keep-Alive', b'timeout=5'), (b'Content-Length', b'457')])
2026-04-09 10:32:28 [INFO] httpx - HTTP Request: POST http://127.0.0.1:18789/tools/invoke "HTTP/1.1 200 OK"
2026-04-09 10:32:28 [DEBUG] httpcore.http11 - receive_response_body.started request=<Request [b'POST']>
2026-04-09 10:32:28 [DEBUG] httpcore.http11 - receive_response_body.complete
2026-04-09 10:32:28 [DEBUG] httpcore.http11 - response_closed.started
2026-04-09 10:32:28 [DEBUG] httpcore.http11 - response_closed.complete
2026-04-09 10:32:28 [INFO] openclaw_alpha.backend.quick_news.task_executor - 已推送到 wecom: Momojie
2026-04-09 10:32:28 [INFO] openclaw_alpha.backend.quick_news.task_executor - submit_analysis 完成: news_id=jin10_jin10:index:20260408214925395800, success=True, worth_deep=False, error=None
2026-04-09 10:32:28 [INFO] openclaw_alpha.backend.quick_news.jobs - 分析完成: jin10_jin10:index:20260408214925395800, 值得深度分析: True
2026-04-09 10:32:28 [INFO] openclaw_alpha.backend.quick_news.jobs - 新闻处理完成: 1/1 成功
2026-04-09 10:32:28 [INFO] openclaw_alpha.backend.quick_news.jobs - 准备发送汇总通知: 1 个接收人
2026-04-09 10:32:28 [DEBUG] httpcore.http11 - send_request_headers.started request=<Request [b'POST']>
2026-04-09 10:32:28 [DEBUG] httpcore.http11 - send_request_headers.complete
2026-04-09 10:32:28 [DEBUG] httpcore.http11 - send_request_body.started request=<Request [b'POST']>
2026-04-09 10:32:28 [DEBUG] httpcore.http11 - send_request_body.complete
2026-04-09 10:32:28 [DEBUG] httpcore.http11 - receive_response_headers.started request=<Request [b'POST']>
2026-04-09 10:32:28 [DEBUG] httpcore.http11 - receive_response_headers.complete return_value=(b'HTTP/1.1', 200, b'OK', [(b'X-Content-Type-Options', b'nosniff'), (b'Referrer-Policy', b'no-referrer'), (b'Permissions-Policy', b'camera=(), microphone=(), geolocation=()'), (b'Content-Type', b'application/json; charset=utf-8'), (b'Date', b'Thu, 09 Apr 2026 02:32:28 GMT'), (b'Connection', b'keep-alive'), (b'Keep-Alive', b'timeout=5'), (b'Content-Length', b'457')])
2026-04-09 10:32:28 [INFO] httpx - HTTP Request: POST http://127.0.0.1:18789/tools/invoke "HTTP/1.1 200 OK"
2026-04-09 10:32:28 [DEBUG] httpcore.http11 - receive_response_body.started request=<Request [b'POST']>
2026-04-09 10:32:28 [DEBUG] httpcore.http11 - receive_response_body.complete
2026-04-09 10:32:28 [DEBUG] httpcore.http11 - response_closed.started
2026-04-09 10:32:28 [DEBUG] httpcore.http11 - response_closed.complete
2026-04-09 10:32:28 [INFO] openclaw_alpha.backend.quick_news.jobs - 汇总通知已发送: Momojie
2026-04-09 10:32:28 [INFO] news.trigger - === trigger 完成 ===
2026-04-09 10:33:33 [INFO] news.trigger - === trigger 开始 (limit=1) ===
2026-04-09 10:33:33 [DEBUG] asyncio - Using selector: EpollSelector
2026-04-09 10:33:33 [INFO] openclaw_alpha.backend.quick_news.jobs - 拉取新闻源: cls_telegraph (/cls/telegraph)
2026-04-09 10:33:33 [DEBUG] openclaw_alpha.rsshub.fetcher - 尝试拉取: https://rsshub.liumingye.cn/cls/telegraph
2026-04-09 10:33:38 [DEBUG] openclaw_alpha.rsshub.fetcher - 无效的 RSS feed: https://rsshub.liumingye.cn/cls/telegraph
2026-04-09 10:33:38 [WARNING] openclaw_alpha.rsshub.fetcher - 所有实例均失败: /cls/telegraph
2026-04-09 10:33:38 [INFO] openclaw_alpha.backend.quick_news.jobs -   cls_telegraph: saved=0, skipped=0
2026-04-09 10:33:38 [INFO] openclaw_alpha.backend.quick_news.jobs - 拉取新闻源: jin10 (/jin10)
2026-04-09 10:33:38 [DEBUG] openclaw_alpha.rsshub.fetcher - 尝试拉取: https://rsshub.liumingye.cn/jin10
2026-04-09 10:33:41 [DEBUG] openclaw_alpha.rsshub.fetcher - 拉取成功: https://rsshub.liumingye.cn/jin10, 获取 20 条
2026-04-09 10:33:41 [INFO] openclaw_alpha.backend.quick_news.jobs -   jin10: saved=2, skipped=18
2026-04-09 10:33:41 [INFO] openclaw_alpha.backend.quick_news.jobs - 拉取新闻源: wallstreetcn_news (/wallstreetcn/news)
2026-04-09 10:33:41 [DEBUG] openclaw_alpha.rsshub.fetcher - 尝试拉取: https://rsshub.liumingye.cn/wallstreetcn/news
2026-04-09 10:33:43 [DEBUG] openclaw_alpha.rsshub.fetcher - 拉取成功: https://rsshub.liumingye.cn/wallstreetcn/news, 获取 27 条
2026-04-09 10:33:43 [INFO] openclaw_alpha.backend.quick_news.jobs -   wallstreetcn_news: saved=0, skipped=27
2026-04-09 10:33:43 [INFO] openclaw_alpha.backend.quick_news.jobs - 拉取新闻源: yicai_brief (/yicai/brief)
2026-04-09 10:33:43 [DEBUG] openclaw_alpha.rsshub.fetcher - 尝试拉取: https://rsshub.liumingye.cn/yicai/brief
2026-04-09 10:33:44 [DEBUG] openclaw_alpha.rsshub.fetcher - 拉取成功: https://rsshub.liumingye.cn/yicai/brief, 获取 50 条
2026-04-09 10:33:44 [INFO] openclaw_alpha.backend.quick_news.jobs -   yicai_brief: saved=0, skipped=50
2026-04-09 10:33:44 [INFO] openclaw_alpha.backend.quick_news.jobs - 拉取完成: 4 个源, saved=2, skipped=95
2026-04-09 10:33:44 [INFO] openclaw_alpha.backend.quick_news.jobs - 发现 202 条待分析新闻
2026-04-09 10:33:44 [INFO] openclaw_alpha.backend.quick_news.jobs - 应用 limit=1，处理前 1 条
2026-04-09 10:33:44 [INFO] openclaw_alpha.backend.quick_news.jobs - 处理新闻: 美国海关和边境保护局以特朗普4月采取的行动为由，调整了金属进口系统。 (jin10_jin10:index:20260408214816525800)
2026-04-09 10:33:44 [INFO] openclaw_alpha.backend.quick_news.task_executor - 提交快速分析任务: 美国海关和边境保护局以特朗普4月采取的行动为由，调整了金属进口系统。 (jin10_jin10:index:20260408214816525800)
2026-04-09 10:33:44 [INFO] openclaw_alpha.backend.quick_news.task_executor -   agent_id=main, model=openrouter/anthropic/claude-3.5-sonnet
2026-04-09 10:33:44 [INFO] openclaw_alpha.backend.quick_news.task_executor -   timeout=900s, session_poll_timeout=900s
2026-04-09 10:33:44 [DEBUG] openclaw_alpha.openclaw.cron_utils - cron.add 参数: news-analysis-jin10_jin10:index:20260408214816525800
2026-04-09 10:33:44 [DEBUG] httpcore.connection - connect_tcp.started host='127.0.0.1' port=18789 local_address=None timeout=30.0 socket_options=None
2026-04-09 10:33:44 [DEBUG] httpcore.connection - connect_tcp.complete return_value=<httpcore._backends.anyio.AnyIOStream object at 0x738b79076a50>
2026-04-09 10:33:44 [DEBUG] httpcore.http11 - send_request_headers.started request=<Request [b'POST']>
2026-04-09 10:33:44 [DEBUG] httpcore.http11 - send_request_headers.complete
2026-04-09 10:33:44 [DEBUG] httpcore.http11 - send_request_body.started request=<Request [b'POST']>
2026-04-09 10:33:44 [DEBUG] httpcore.http11 - send_request_body.complete
2026-04-09 10:33:44 [DEBUG] httpcore.http11 - receive_response_headers.started request=<Request [b'POST']>
2026-04-09 10:33:46 [DEBUG] httpcore.http11 - receive_response_headers.complete return_value=(b'HTTP/1.1', 200, b'OK', [(b'X-Content-Type-Options', b'nosniff'), (b'Referrer-Policy', b'no-referrer'), (b'Permissions-Policy', b'camera=(), microphone=(), geolocation=()'), (b'Content-Type', b'application/json; charset=utf-8'), (b'Date', b'Thu, 09 Apr 2026 02:33:46 GMT'), (b'Connection', b'keep-alive'), (b'Keep-Alive', b'timeout=5'), (b'Content-Length', b'7583')])
2026-04-09 10:33:46 [INFO] httpx - HTTP Request: POST http://127.0.0.1:18789/tools/invoke "HTTP/1.1 200 OK"
2026-04-09 10:33:46 [DEBUG] httpcore.http11 - receive_response_body.started request=<Request [b'POST']>
2026-04-09 10:33:46 [DEBUG] httpcore.http11 - receive_response_body.complete
2026-04-09 10:33:46 [DEBUG] httpcore.http11 - response_closed.started
2026-04-09 10:33:46 [DEBUG] httpcore.http11 - response_closed.complete
2026-04-09 10:33:46 [INFO] openclaw_alpha.openclaw.cron_utils - 任务创建成功: 1c909e0b-9267-4fbd-8528-474820c5b1e6
2026-04-09 10:33:46 [INFO] openclaw_alpha.openclaw.cron_utils - 触发任务: 1c909e0b-9267-4fbd-8528-474820c5b1e6
2026-04-09 10:33:46 [INFO] openclaw_alpha.openclaw.cron_utils - 开始轮询任务完成状态: 1c909e0b-9267-4fbd-8528-474820c5b1e6（超时 900s）
2026-04-09 10:33:46 [DEBUG] httpcore.http11 - send_request_headers.started request=<Request [b'POST']>
2026-04-09 10:33:46 [DEBUG] httpcore.http11 - send_request_headers.complete
2026-04-09 10:33:46 [DEBUG] httpcore.http11 - send_request_body.started request=<Request [b'POST']>
2026-04-09 10:33:46 [DEBUG] httpcore.http11 - send_request_body.complete
2026-04-09 10:33:46 [DEBUG] httpcore.http11 - receive_response_headers.started request=<Request [b'POST']>
2026-04-09 10:33:47 [DEBUG] httpcore.http11 - receive_response_headers.complete return_value=(b'HTTP/1.1', 200, b'OK', [(b'X-Content-Type-Options', b'nosniff'), (b'Referrer-Policy', b'no-referrer'), (b'Permissions-Policy', b'camera=(), microphone=(), geolocation=()'), (b'Content-Type', b'application/json; charset=utf-8'), (b'Date', b'Thu, 09 Apr 2026 02:33:47 GMT'), (b'Connection', b'keep-alive'), (b'Keep-Alive', b'timeout=5'), (b'Content-Length', b'290')])
2026-04-09 10:33:47 [INFO] httpx - HTTP Request: POST http://127.0.0.1:18789/tools/invoke "HTTP/1.1 200 OK"
2026-04-09 10:33:47 [DEBUG] httpcore.http11 - receive_response_body.started request=<Request [b'POST']>
2026-04-09 10:33:47 [DEBUG] httpcore.http11 - receive_response_body.complete
2026-04-09 10:33:47 [DEBUG] httpcore.http11 - response_closed.started
2026-04-09 10:33:47 [DEBUG] httpcore.http11 - response_closed.complete
2026-04-09 10:33:49 [DEBUG] httpcore.http11 - send_request_headers.started request=<Request [b'POST']>
2026-04-09 10:33:49 [DEBUG] httpcore.http11 - send_request_headers.complete
2026-04-09 10:33:49 [DEBUG] httpcore.http11 - send_request_body.started request=<Request [b'POST']>
2026-04-09 10:33:49 [DEBUG] httpcore.http11 - send_request_body.complete
2026-04-09 10:33:49 [DEBUG] httpcore.http11 - receive_response_headers.started request=<Request [b'POST']>
2026-04-09 10:33:50 [DEBUG] httpcore.http11 - receive_response_headers.complete return_value=(b'HTTP/1.1', 200, b'OK', [(b'X-Content-Type-Options', b'nosniff'), (b'Referrer-Policy', b'no-referrer'), (b'Permissions-Policy', b'camera=(), microphone=(), geolocation=()'), (b'Content-Type', b'application/json; charset=utf-8'), (b'Date', b'Thu, 09 Apr 2026 02:33:50 GMT'), (b'Connection', b'keep-alive'), (b'Keep-Alive', b'timeout=5'), (b'Content-Length', b'275')])
2026-04-09 10:33:50 [INFO] httpx - HTTP Request: POST http://127.0.0.1:18789/tools/invoke "HTTP/1.1 200 OK"
2026-04-09 10:33:50 [DEBUG] httpcore.http11 - receive_response_body.started request=<Request [b'POST']>
2026-04-09 10:33:50 [DEBUG] httpcore.http11 - receive_response_body.complete
2026-04-09 10:33:50 [DEBUG] httpcore.http11 - response_closed.started
2026-04-09 10:33:50 [DEBUG] httpcore.http11 - response_closed.complete
2026-04-09 10:33:50 [INFO] openclaw_alpha.openclaw.cron_utils - 轮询 HTTP 调用: job_id=1c909e0b-9267-4fbd-8528-474820c5b1e6, poll_count=1, poll_elapsed=1.42s
2026-04-09 10:33:50 [INFO] openclaw_alpha.openclaw.cron_utils - 轮询响应: ok=True, entries_count=0
2026-04-09 10:34:00 [DEBUG] httpcore.connection - close.started
2026-04-09 10:34:00 [DEBUG] httpcore.connection - close.complete
2026-04-09 10:34:00 [DEBUG] httpcore.connection - connect_tcp.started host='127.0.0.1' port=18789 local_address=None timeout=10.0 socket_options=None
2026-04-09 10:34:00 [DEBUG] httpcore.connection - connect_tcp.complete return_value=<httpcore._backends.anyio.AnyIOStream object at 0x738b79a0a710>
2026-04-09 10:34:00 [DEBUG] httpcore.http11 - send_request_headers.started request=<Request [b'POST']>
2026-04-09 10:34:00 [DEBUG] httpcore.http11 - send_request_headers.complete
2026-04-09 10:34:00 [DEBUG] httpcore.http11 - send_request_body.started request=<Request [b'POST']>
2026-04-09 10:34:00 [DEBUG] httpcore.http11 - send_request_body.complete
2026-04-09 10:34:00 [DEBUG] httpcore.http11 - receive_response_headers.started request=<Request [b'POST']>
2026-04-09 10:34:02 [DEBUG] httpcore.http11 - receive_response_headers.complete return_value=(b'HTTP/1.1', 200, b'OK', [(b'X-Content-Type-Options', b'nosniff'), (b'Referrer-Policy', b'no-referrer'), (b'Permissions-Policy', b'camera=(), microphone=(), geolocation=()'), (b'Content-Type', b'application/json; charset=utf-8'), (b'Date', b'Thu, 09 Apr 2026 02:34:02 GMT'), (b'Connection', b'keep-alive'), (b'Keep-Alive', b'timeout=5'), (b'Content-Length', b'275')])
2026-04-09 10:34:02 [INFO] httpx - HTTP Request: POST http://127.0.0.1:18789/tools/invoke "HTTP/1.1 200 OK"
2026-04-09 10:34:02 [DEBUG] httpcore.http11 - receive_response_body.started request=<Request [b'POST']>
2026-04-09 10:34:02 [DEBUG] httpcore.http11 - receive_response_body.complete
2026-04-09 10:34:02 [DEBUG] httpcore.http11 - response_closed.started
2026-04-09 10:34:02 [DEBUG] httpcore.http11 - response_closed.complete
2026-04-09 10:34:02 [INFO] openclaw_alpha.openclaw.cron_utils - 轮询 HTTP 调用: job_id=1c909e0b-9267-4fbd-8528-474820c5b1e6, poll_count=2, poll_elapsed=1.64s
2026-04-09 10:34:02 [INFO] openclaw_alpha.openclaw.cron_utils - 轮询响应: ok=True, entries_count=0
2026-04-09 10:34:12 [DEBUG] httpcore.connection - close.started
2026-04-09 10:34:12 [DEBUG] httpcore.connection - close.complete
2026-04-09 10:34:12 [DEBUG] httpcore.connection - connect_tcp.started host='127.0.0.1' port=18789 local_address=None timeout=10.0 socket_options=None
2026-04-09 10:34:12 [DEBUG] httpcore.connection - connect_tcp.complete return_value=<httpcore._backends.anyio.AnyIOStream object at 0x738b79a0b250>
2026-04-09 10:34:12 [DEBUG] httpcore.http11 - send_request_headers.started request=<Request [b'POST']>
2026-04-09 10:34:12 [DEBUG] httpcore.http11 - send_request_headers.complete
2026-04-09 10:34:12 [DEBUG] httpcore.http11 - send_request_body.started request=<Request [b'POST']>
2026-04-09 10:34:12 [DEBUG] httpcore.http11 - send_request_body.complete
2026-04-09 10:34:12 [DEBUG] httpcore.http11 - receive_response_headers.started request=<Request [b'POST']>
2026-04-09 10:34:14 [DEBUG] httpcore.http11 - receive_response_headers.complete return_value=(b'HTTP/1.1', 200, b'OK', [(b'X-Content-Type-Options', b'nosniff'), (b'Referrer-Policy', b'no-referrer'), (b'Permissions-Policy', b'camera=(), microphone=(), geolocation=()'), (b'Content-Type', b'application/json; charset=utf-8'), (b'Date', b'Thu, 09 Apr 2026 02:34:14 GMT'), (b'Connection', b'keep-alive'), (b'Keep-Alive', b'timeout=5'), (b'Content-Length', b'275')])
2026-04-09 10:34:14 [INFO] httpx - HTTP Request: POST http://127.0.0.1:18789/tools/invoke "HTTP/1.1 200 OK"
2026-04-09 10:34:14 [DEBUG] httpcore.http11 - receive_response_body.started request=<Request [b'POST']>
2026-04-09 10:34:14 [DEBUG] httpcore.http11 - receive_response_body.complete
2026-04-09 10:34:14 [DEBUG] httpcore.http11 - response_closed.started
2026-04-09 10:34:14 [DEBUG] httpcore.http11 - response_closed.complete
2026-04-09 10:34:14 [INFO] openclaw_alpha.openclaw.cron_utils - 轮询 HTTP 调用: job_id=1c909e0b-9267-4fbd-8528-474820c5b1e6, poll_count=3, poll_elapsed=2.32s
2026-04-09 10:34:14 [INFO] openclaw_alpha.openclaw.cron_utils - 轮询响应: ok=True, entries_count=0
2026-04-09 10:34:24 [DEBUG] httpcore.connection - close.started
2026-04-09 10:34:24 [DEBUG] httpcore.connection - close.complete
2026-04-09 10:34:24 [DEBUG] httpcore.connection - connect_tcp.started host='127.0.0.1' port=18789 local_address=None timeout=10.0 socket_options=None
2026-04-09 10:34:24 [DEBUG] httpcore.connection - connect_tcp.complete return_value=<httpcore._backends.anyio.AnyIOStream object at 0x738b790f0050>
2026-04-09 10:34:24 [DEBUG] httpcore.http11 - send_request_headers.started request=<Request [b'POST']>
2026-04-09 10:34:24 [DEBUG] httpcore.http11 - send_request_headers.complete
2026-04-09 10:34:24 [DEBUG] httpcore.http11 - send_request_body.started request=<Request [b'POST']>
2026-04-09 10:34:24 [DEBUG] httpcore.http11 - send_request_body.complete
2026-04-09 10:34:24 [DEBUG] httpcore.http11 - receive_response_headers.started request=<Request [b'POST']>
2026-04-09 10:34:26 [DEBUG] httpcore.http11 - receive_response_headers.complete return_value=(b'HTTP/1.1', 200, b'OK', [(b'X-Content-Type-Options', b'nosniff'), (b'Referrer-Policy', b'no-referrer'), (b'Permissions-Policy', b'camera=(), microphone=(), geolocation=()'), (b'Content-Type', b'application/json; charset=utf-8'), (b'Date', b'Thu, 09 Apr 2026 02:34:26 GMT'), (b'Connection', b'keep-alive'), (b'Keep-Alive', b'timeout=5'), (b'Content-Length', b'275')])
2026-04-09 10:34:26 [INFO] httpx - HTTP Request: POST http://127.0.0.1:18789/tools/invoke "HTTP/1.1 200 OK"
2026-04-09 10:34:26 [DEBUG] httpcore.http11 - receive_response_body.started request=<Request [b'POST']>
2026-04-09 10:34:26 [DEBUG] httpcore.http11 - receive_response_body.complete
2026-04-09 10:34:26 [DEBUG] httpcore.http11 - response_closed.started
2026-04-09 10:34:26 [DEBUG] httpcore.http11 - response_closed.complete
2026-04-09 10:34:26 [INFO] openclaw_alpha.openclaw.cron_utils - 轮询 HTTP 调用: job_id=1c909e0b-9267-4fbd-8528-474820c5b1e6, poll_count=4, poll_elapsed=1.60s
2026-04-09 10:34:26 [INFO] openclaw_alpha.openclaw.cron_utils - 轮询响应: ok=True, entries_count=0
2026-04-09 10:34:36 [DEBUG] httpcore.connection - close.started
2026-04-09 10:34:36 [DEBUG] httpcore.connection - close.complete
2026-04-09 10:34:36 [DEBUG] httpcore.connection - connect_tcp.started host='127.0.0.1' port=18789 local_address=None timeout=10.0 socket_options=None
2026-04-09 10:34:36 [DEBUG] httpcore.connection - connect_tcp.complete return_value=<httpcore._backends.anyio.AnyIOStream object at 0x738b790f09d0>
2026-04-09 10:34:36 [DEBUG] httpcore.http11 - send_request_headers.started request=<Request [b'POST']>
2026-04-09 10:34:36 [DEBUG] httpcore.http11 - send_request_headers.complete
2026-04-09 10:34:36 [DEBUG] httpcore.http11 - send_request_body.started request=<Request [b'POST']>
2026-04-09 10:34:36 [DEBUG] httpcore.http11 - send_request_body.complete
2026-04-09 10:34:36 [DEBUG] httpcore.http11 - receive_response_headers.started request=<Request [b'POST']>
2026-04-09 10:34:40 [DEBUG] httpcore.http11 - receive_response_headers.complete return_value=(b'HTTP/1.1', 200, b'OK', [(b'X-Content-Type-Options', b'nosniff'), (b'Referrer-Policy', b'no-referrer'), (b'Permissions-Policy', b'camera=(), microphone=(), geolocation=()'), (b'Content-Type', b'application/json; charset=utf-8'), (b'Date', b'Thu, 09 Apr 2026 02:34:40 GMT'), (b'Connection', b'keep-alive'), (b'Keep-Alive', b'timeout=5'), (b'Content-Length', b'275')])
2026-04-09 10:34:40 [INFO] httpx - HTTP Request: POST http://127.0.0.1:18789/tools/invoke "HTTP/1.1 200 OK"
2026-04-09 10:34:40 [DEBUG] httpcore.http11 - receive_response_body.started request=<Request [b'POST']>
2026-04-09 10:34:40 [DEBUG] httpcore.http11 - receive_response_body.complete
2026-04-09 10:34:40 [DEBUG] httpcore.http11 - response_closed.started
2026-04-09 10:34:40 [DEBUG] httpcore.http11 - response_closed.complete
2026-04-09 10:34:40 [INFO] openclaw_alpha.openclaw.cron_utils - 轮询 HTTP 调用: job_id=1c909e0b-9267-4fbd-8528-474820c5b1e6, poll_count=5, poll_elapsed=4.18s
2026-04-09 10:34:40 [INFO] openclaw_alpha.openclaw.cron_utils - 轮询响应: ok=True, entries_count=0
2026-04-09 10:34:50 [DEBUG] httpcore.connection - close.started
2026-04-09 10:34:50 [DEBUG] httpcore.connection - close.complete
2026-04-09 10:34:50 [DEBUG] httpcore.connection - connect_tcp.started host='127.0.0.1' port=18789 local_address=None timeout=10.0 socket_options=None
2026-04-09 10:34:50 [DEBUG] httpcore.connection - connect_tcp.complete return_value=<httpcore._backends.anyio.AnyIOStream object at 0x738b790d15b0>
2026-04-09 10:34:50 [DEBUG] httpcore.http11 - send_request_headers.started request=<Request [b'POST']>
2026-04-09 10:34:50 [DEBUG] httpcore.http11 - send_request_headers.complete
2026-04-09 10:34:50 [DEBUG] httpcore.http11 - send_request_body.started request=<Request [b'POST']>
2026-04-09 10:34:50 [DEBUG] httpcore.http11 - send_request_body.complete
2026-04-09 10:34:50 [DEBUG] httpcore.http11 - receive_response_headers.started request=<Request [b'POST']>
2026-04-09 10:34:52 [DEBUG] httpcore.http11 - receive_response_headers.complete return_value=(b'HTTP/1.1', 200, b'OK', [(b'X-Content-Type-Options', b'nosniff'), (b'Referrer-Policy', b'no-referrer'), (b'Permissions-Policy', b'camera=(), microphone=(), geolocation=()'), (b'Content-Type', b'application/json; charset=utf-8'), (b'Date', b'Thu, 09 Apr 2026 02:34:52 GMT'), (b'Connection', b'keep-alive'), (b'Keep-Alive', b'timeout=5'), (b'Content-Length', b'275')])
2026-04-09 10:34:52 [INFO] httpx - HTTP Request: POST http://127.0.0.1:18789/tools/invoke "HTTP/1.1 200 OK"
2026-04-09 10:34:52 [DEBUG] httpcore.http11 - receive_response_body.started request=<Request [b'POST']>
2026-04-09 10:34:52 [DEBUG] httpcore.http11 - receive_response_body.complete
2026-04-09 10:34:52 [DEBUG] httpcore.http11 - response_closed.started
2026-04-09 10:34:52 [DEBUG] httpcore.http11 - response_closed.complete
2026-04-09 10:34:52 [INFO] openclaw_alpha.openclaw.cron_utils - 轮询 HTTP 调用: job_id=1c909e0b-9267-4fbd-8528-474820c5b1e6, poll_count=6, poll_elapsed=1.63s
2026-04-09 10:34:52 [INFO] openclaw_alpha.openclaw.cron_utils - 轮询响应: ok=True, entries_count=0
2026-04-09 10:35:02 [DEBUG] httpcore.connection - close.started
2026-04-09 10:35:02 [DEBUG] httpcore.connection - close.complete
2026-04-09 10:35:02 [DEBUG] httpcore.connection - connect_tcp.started host='127.0.0.1' port=18789 local_address=None timeout=10.0 socket_options=None
2026-04-09 10:35:02 [DEBUG] httpcore.connection - connect_tcp.complete return_value=<httpcore._backends.anyio.AnyIOStream object at 0x738b7909f460>
2026-04-09 10:35:02 [DEBUG] httpcore.http11 - send_request_headers.started request=<Request [b'POST']>
2026-04-09 10:35:02 [DEBUG] httpcore.http11 - send_request_headers.complete
2026-04-09 10:35:02 [DEBUG] httpcore.http11 - send_request_body.started request=<Request [b'POST']>
2026-04-09 10:35:02 [DEBUG] httpcore.http11 - send_request_body.complete
2026-04-09 10:35:02 [DEBUG] httpcore.http11 - receive_response_headers.started request=<Request [b'POST']>
2026-04-09 10:35:04 [DEBUG] httpcore.http11 - receive_response_headers.complete return_value=(b'HTTP/1.1', 200, b'OK', [(b'X-Content-Type-Options', b'nosniff'), (b'Referrer-Policy', b'no-referrer'), (b'Permissions-Policy', b'camera=(), microphone=(), geolocation=()'), (b'Content-Type', b'application/json; charset=utf-8'), (b'Date', b'Thu, 09 Apr 2026 02:35:04 GMT'), (b'Connection', b'keep-alive'), (b'Keep-Alive', b'timeout=5'), (b'Content-Length', b'275')])
2026-04-09 10:35:04 [INFO] httpx - HTTP Request: POST http://127.0.0.1:18789/tools/invoke "HTTP/1.1 200 OK"
2026-04-09 10:35:04 [DEBUG] httpcore.http11 - receive_response_body.started request=<Request [b'POST']>
2026-04-09 10:35:04 [DEBUG] httpcore.http11 - receive_response_body.complete
2026-04-09 10:35:04 [DEBUG] httpcore.http11 - response_closed.started
2026-04-09 10:35:04 [DEBUG] httpcore.http11 - response_closed.complete
2026-04-09 10:35:04 [INFO] openclaw_alpha.openclaw.cron_utils - 轮询 HTTP 调用: job_id=1c909e0b-9267-4fbd-8528-474820c5b1e6, poll_count=7, poll_elapsed=2.30s
2026-04-09 10:35:04 [INFO] openclaw_alpha.openclaw.cron_utils - 轮询响应: ok=True, entries_count=0
2026-04-09 10:35:14 [DEBUG] httpcore.connection - close.started
2026-04-09 10:35:14 [DEBUG] httpcore.connection - close.complete
2026-04-09 10:35:14 [DEBUG] httpcore.connection - connect_tcp.started host='127.0.0.1' port=18789 local_address=None timeout=10.0 socket_options=None
2026-04-09 10:35:14 [DEBUG] httpcore.connection - connect_tcp.complete return_value=<httpcore._backends.anyio.AnyIOStream object at 0x738b7909fce0>
2026-04-09 10:35:14 [DEBUG] httpcore.http11 - send_request_headers.started request=<Request [b'POST']>
2026-04-09 10:35:14 [DEBUG] httpcore.http11 - send_request_headers.complete
2026-04-09 10:35:14 [DEBUG] httpcore.http11 - send_request_body.started request=<Request [b'POST']>
2026-04-09 10:35:14 [DEBUG] httpcore.http11 - send_request_body.complete
2026-04-09 10:35:14 [DEBUG] httpcore.http11 - receive_response_headers.started request=<Request [b'POST']>
2026-04-09 10:35:16 [DEBUG] httpcore.http11 - receive_response_headers.complete return_value=(b'HTTP/1.1', 200, b'OK', [(b'X-Content-Type-Options', b'nosniff'), (b'Referrer-Policy', b'no-referrer'), (b'Permissions-Policy', b'camera=(), microphone=(), geolocation=()'), (b'Content-Type', b'application/json; charset=utf-8'), (b'Date', b'Thu, 09 Apr 2026 02:35:16 GMT'), (b'Connection', b'keep-alive'), (b'Keep-Alive', b'timeout=5'), (b'Content-Length', b'275')])
2026-04-09 10:35:16 [INFO] httpx - HTTP Request: POST http://127.0.0.1:18789/tools/invoke "HTTP/1.1 200 OK"
2026-04-09 10:35:16 [DEBUG] httpcore.http11 - receive_response_body.started request=<Request [b'POST']>
2026-04-09 10:35:16 [DEBUG] httpcore.http11 - receive_response_body.complete
2026-04-09 10:35:16 [DEBUG] httpcore.http11 - response_closed.started
2026-04-09 10:35:16 [DEBUG] httpcore.http11 - response_closed.complete
2026-04-09 10:35:16 [INFO] openclaw_alpha.openclaw.cron_utils - 轮询 HTTP 调用: job_id=1c909e0b-9267-4fbd-8528-474820c5b1e6, poll_count=8, poll_elapsed=2.06s
2026-04-09 10:35:16 [INFO] openclaw_alpha.openclaw.cron_utils - 轮询响应: ok=True, entries_count=0
2026-04-09 10:35:26 [DEBUG] httpcore.connection - close.started
2026-04-09 10:35:26 [DEBUG] httpcore.connection - close.complete
2026-04-09 10:35:26 [DEBUG] httpcore.connection - connect_tcp.started host='127.0.0.1' port=18789 local_address=None timeout=10.0 socket_options=None
2026-04-09 10:35:26 [DEBUG] httpcore.connection - connect_tcp.complete return_value=<httpcore._backends.anyio.AnyIOStream object at 0x738b790ab950>
2026-04-09 10:35:26 [DEBUG] httpcore.http11 - send_request_headers.started request=<Request [b'POST']>
2026-04-09 10:35:26 [DEBUG] httpcore.http11 - send_request_headers.complete
2026-04-09 10:35:26 [DEBUG] httpcore.http11 - send_request_body.started request=<Request [b'POST']>
2026-04-09 10:35:26 [DEBUG] httpcore.http11 - send_request_body.complete
2026-04-09 10:35:26 [DEBUG] httpcore.http11 - receive_response_headers.started request=<Request [b'POST']>
2026-04-09 10:35:31 [DEBUG] httpcore.http11 - receive_response_headers.complete return_value=(b'HTTP/1.1', 200, b'OK', [(b'X-Content-Type-Options', b'nosniff'), (b'Referrer-Policy', b'no-referrer'), (b'Permissions-Policy', b'camera=(), microphone=(), geolocation=()'), (b'Content-Type', b'application/json; charset=utf-8'), (b'Date', b'Thu, 09 Apr 2026 02:35:31 GMT'), (b'Connection', b'keep-alive'), (b'Keep-Alive', b'timeout=5'), (b'Content-Length', b'275')])
2026-04-09 10:35:31 [INFO] httpx - HTTP Request: POST http://127.0.0.1:18789/tools/invoke "HTTP/1.1 200 OK"
2026-04-09 10:35:31 [DEBUG] httpcore.http11 - receive_response_body.started request=<Request [b'POST']>
2026-04-09 10:35:31 [DEBUG] httpcore.http11 - receive_response_body.complete
2026-04-09 10:35:31 [DEBUG] httpcore.http11 - response_closed.started
2026-04-09 10:35:31 [DEBUG] httpcore.http11 - response_closed.complete
2026-04-09 10:35:31 [INFO] openclaw_alpha.openclaw.cron_utils - 轮询 HTTP 调用: job_id=1c909e0b-9267-4fbd-8528-474820c5b1e6, poll_count=9, poll_elapsed=4.62s
2026-04-09 10:35:31 [INFO] openclaw_alpha.openclaw.cron_utils - 轮询响应: ok=True, entries_count=0
2026-04-09 10:35:41 [DEBUG] httpcore.connection - close.started
2026-04-09 10:35:41 [DEBUG] httpcore.connection - close.complete
2026-04-09 10:35:41 [DEBUG] httpcore.connection - connect_tcp.started host='127.0.0.1' port=18789 local_address=None timeout=10.0 socket_options=None
2026-04-09 10:35:41 [DEBUG] httpcore.connection - connect_tcp.complete return_value=<httpcore._backends.anyio.AnyIOStream object at 0x738b790aba50>
2026-04-09 10:35:41 [DEBUG] httpcore.http11 - send_request_headers.started request=<Request [b'POST']>
2026-04-09 10:35:41 [DEBUG] httpcore.http11 - send_request_headers.complete
2026-04-09 10:35:41 [DEBUG] httpcore.http11 - send_request_body.started request=<Request [b'POST']>
2026-04-09 10:35:41 [DEBUG] httpcore.http11 - send_request_body.complete
2026-04-09 10:35:41 [DEBUG] httpcore.http11 - receive_response_headers.started request=<Request [b'POST']>
2026-04-09 10:35:43 [DEBUG] httpcore.http11 - receive_response_headers.complete return_value=(b'HTTP/1.1', 200, b'OK', [(b'X-Content-Type-Options', b'nosniff'), (b'Referrer-Policy', b'no-referrer'), (b'Permissions-Policy', b'camera=(), microphone=(), geolocation=()'), (b'Content-Type', b'application/json; charset=utf-8'), (b'Date', b'Thu, 09 Apr 2026 02:35:43 GMT'), (b'Connection', b'keep-alive'), (b'Keep-Alive', b'timeout=5'), (b'Content-Length', b'275')])
2026-04-09 10:35:43 [INFO] httpx - HTTP Request: POST http://127.0.0.1:18789/tools/invoke "HTTP/1.1 200 OK"
2026-04-09 10:35:43 [DEBUG] httpcore.http11 - receive_response_body.started request=<Request [b'POST']>
2026-04-09 10:35:43 [DEBUG] httpcore.http11 - receive_response_body.complete
2026-04-09 10:35:43 [DEBUG] httpcore.http11 - response_closed.started
2026-04-09 10:35:43 [DEBUG] httpcore.http11 - response_closed.complete
2026-04-09 10:35:43 [INFO] openclaw_alpha.openclaw.cron_utils - 轮询 HTTP 调用: job_id=1c909e0b-9267-4fbd-8528-474820c5b1e6, poll_count=10, poll_elapsed=2.14s
2026-04-09 10:35:43 [INFO] openclaw_alpha.openclaw.cron_utils - 轮询响应: ok=True, entries_count=0
2026-04-09 10:35:53 [DEBUG] httpcore.connection - close.started
2026-04-09 10:35:53 [DEBUG] httpcore.connection - close.complete
2026-04-09 10:35:53 [DEBUG] httpcore.connection - connect_tcp.started host='127.0.0.1' port=18789 local_address=None timeout=10.0 socket_options=None
2026-04-09 10:35:53 [DEBUG] httpcore.connection - connect_tcp.complete return_value=<httpcore._backends.anyio.AnyIOStream object at 0x738b790f7890>
2026-04-09 10:35:53 [DEBUG] httpcore.http11 - send_request_headers.started request=<Request [b'POST']>
2026-04-09 10:35:53 [DEBUG] httpcore.http11 - send_request_headers.complete
2026-04-09 10:35:53 [DEBUG] httpcore.http11 - send_request_body.started request=<Request [b'POST']>
2026-04-09 10:35:53 [DEBUG] httpcore.http11 - send_request_body.complete
2026-04-09 10:35:53 [DEBUG] httpcore.http11 - receive_response_headers.started request=<Request [b'POST']>
2026-04-09 10:35:55 [DEBUG] httpcore.http11 - receive_response_headers.complete return_value=(b'HTTP/1.1', 200, b'OK', [(b'X-Content-Type-Options', b'nosniff'), (b'Referrer-Policy', b'no-referrer'), (b'Permissions-Policy', b'camera=(), microphone=(), geolocation=()'), (b'Content-Type', b'application/json; charset=utf-8'), (b'Date', b'Thu, 09 Apr 2026 02:35:55 GMT'), (b'Connection', b'keep-alive'), (b'Keep-Alive', b'timeout=5'), (b'Content-Length', b'275')])
2026-04-09 10:35:55 [INFO] httpx - HTTP Request: POST http://127.0.0.1:18789/tools/invoke "HTTP/1.1 200 OK"
2026-04-09 10:35:55 [DEBUG] httpcore.http11 - receive_response_body.started request=<Request [b'POST']>
2026-04-09 10:35:55 [DEBUG] httpcore.http11 - receive_response_body.complete
2026-04-09 10:35:55 [DEBUG] httpcore.http11 - response_closed.started
2026-04-09 10:35:55 [DEBUG] httpcore.http11 - response_closed.complete
2026-04-09 10:35:55 [INFO] openclaw_alpha.openclaw.cron_utils - 轮询 HTTP 调用: job_id=1c909e0b-9267-4fbd-8528-474820c5b1e6, poll_count=11, poll_elapsed=1.75s
2026-04-09 10:35:55 [INFO] openclaw_alpha.openclaw.cron_utils - 轮询响应: ok=True, entries_count=0
2026-04-09 10:36:05 [DEBUG] httpcore.connection - close.started
2026-04-09 10:36:05 [DEBUG] httpcore.connection - close.complete
2026-04-09 10:36:05 [DEBUG] httpcore.connection - connect_tcp.started host='127.0.0.1' port=18789 local_address=None timeout=10.0 socket_options=None
2026-04-09 10:36:05 [DEBUG] httpcore.connection - connect_tcp.complete return_value=<httpcore._backends.anyio.AnyIOStream object at 0x738b791106e0>
2026-04-09 10:36:05 [DEBUG] httpcore.http11 - send_request_headers.started request=<Request [b'POST']>
2026-04-09 10:36:05 [DEBUG] httpcore.http11 - send_request_headers.complete
2026-04-09 10:36:05 [DEBUG] httpcore.http11 - send_request_body.started request=<Request [b'POST']>
2026-04-09 10:36:05 [DEBUG] httpcore.http11 - send_request_body.complete
2026-04-09 10:36:05 [DEBUG] httpcore.http11 - receive_response_headers.started request=<Request [b'POST']>
2026-04-09 10:36:06 [DEBUG] httpcore.http11 - receive_response_headers.complete return_value=(b'HTTP/1.1', 200, b'OK', [(b'X-Content-Type-Options', b'nosniff'), (b'Referrer-Policy', b'no-referrer'), (b'Permissions-Policy', b'camera=(), microphone=(), geolocation=()'), (b'Content-Type', b'application/json; charset=utf-8'), (b'Date', b'Thu, 09 Apr 2026 02:36:06 GMT'), (b'Connection', b'keep-alive'), (b'Keep-Alive', b'timeout=5'), (b'Content-Length', b'275')])
2026-04-09 10:36:06 [INFO] httpx - HTTP Request: POST http://127.0.0.1:18789/tools/invoke "HTTP/1.1 200 OK"
2026-04-09 10:36:06 [DEBUG] httpcore.http11 - receive_response_body.started request=<Request [b'POST']>
2026-04-09 10:36:06 [DEBUG] httpcore.http11 - receive_response_body.complete
2026-04-09 10:36:06 [DEBUG] httpcore.http11 - response_closed.started
2026-04-09 10:36:06 [DEBUG] httpcore.http11 - response_closed.complete
2026-04-09 10:36:06 [INFO] openclaw_alpha.openclaw.cron_utils - 轮询 HTTP 调用: job_id=1c909e0b-9267-4fbd-8528-474820c5b1e6, poll_count=12, poll_elapsed=1.59s
2026-04-09 10:36:06 [INFO] openclaw_alpha.openclaw.cron_utils - 轮询响应: ok=True, entries_count=0
2026-04-09 10:36:16 [DEBUG] httpcore.connection - close.started
2026-04-09 10:36:16 [DEBUG] httpcore.connection - close.complete
2026-04-09 10:36:16 [DEBUG] httpcore.connection - connect_tcp.started host='127.0.0.1' port=18789 local_address=None timeout=10.0 socket_options=None
2026-04-09 10:36:16 [DEBUG] httpcore.connection - connect_tcp.complete return_value=<httpcore._backends.anyio.AnyIOStream object at 0x738b790cb770>
2026-04-09 10:36:16 [DEBUG] httpcore.http11 - send_request_headers.started request=<Request [b'POST']>
2026-04-09 10:36:16 [DEBUG] httpcore.http11 - send_request_headers.complete
2026-04-09 10:36:16 [DEBUG] httpcore.http11 - send_request_body.started request=<Request [b'POST']>
2026-04-09 10:36:16 [DEBUG] httpcore.http11 - send_request_body.complete
2026-04-09 10:36:16 [DEBUG] httpcore.http11 - receive_response_headers.started request=<Request [b'POST']>
2026-04-09 10:36:20 [DEBUG] httpcore.http11 - receive_response_headers.complete return_value=(b'HTTP/1.1', 200, b'OK', [(b'X-Content-Type-Options', b'nosniff'), (b'Referrer-Policy', b'no-referrer'), (b'Permissions-Policy', b'camera=(), microphone=(), geolocation=()'), (b'Content-Type', b'application/json; charset=utf-8'), (b'Date', b'Thu, 09 Apr 2026 02:36:20 GMT'), (b'Connection', b'keep-alive'), (b'Keep-Alive', b'timeout=5'), (b'Content-Length', b'275')])
2026-04-09 10:36:20 [INFO] httpx - HTTP Request: POST http://127.0.0.1:18789/tools/invoke "HTTP/1.1 200 OK"
2026-04-09 10:36:20 [DEBUG] httpcore.http11 - receive_response_body.started request=<Request [b'POST']>
2026-04-09 10:36:20 [DEBUG] httpcore.http11 - receive_response_body.complete
2026-04-09 10:36:20 [DEBUG] httpcore.http11 - response_closed.started
2026-04-09 10:36:20 [DEBUG] httpcore.http11 - response_closed.complete
2026-04-09 10:36:20 [INFO] openclaw_alpha.openclaw.cron_utils - 轮询 HTTP 调用: job_id=1c909e0b-9267-4fbd-8528-474820c5b1e6, poll_count=13, poll_elapsed=3.57s
2026-04-09 10:36:20 [INFO] openclaw_alpha.openclaw.cron_utils - 轮询响应: ok=True, entries_count=0
2026-04-09 10:36:30 [DEBUG] httpcore.connection - close.started
2026-04-09 10:36:30 [DEBUG] httpcore.connection - close.complete
2026-04-09 10:36:30 [DEBUG] httpcore.connection - connect_tcp.started host='127.0.0.1' port=18789 local_address=None timeout=10.0 socket_options=None
2026-04-09 10:36:30 [DEBUG] httpcore.connection - connect_tcp.complete return_value=<httpcore._backends.anyio.AnyIOStream object at 0x738b79118130>
2026-04-09 10:36:30 [DEBUG] httpcore.http11 - send_request_headers.started request=<Request [b'POST']>
2026-04-09 10:36:30 [DEBUG] httpcore.http11 - send_request_headers.complete
2026-04-09 10:36:30 [DEBUG] httpcore.http11 - send_request_body.started request=<Request [b'POST']>
2026-04-09 10:36:30 [DEBUG] httpcore.http11 - send_request_body.complete
2026-04-09 10:36:30 [DEBUG] httpcore.http11 - receive_response_headers.started request=<Request [b'POST']>
2026-04-09 10:36:31 [DEBUG] httpcore.http11 - receive_response_headers.complete return_value=(b'HTTP/1.1', 200, b'OK', [(b'X-Content-Type-Options', b'nosniff'), (b'Referrer-Policy', b'no-referrer'), (b'Permissions-Policy', b'camera=(), microphone=(), geolocation=()'), (b'Content-Type', b'application/json; charset=utf-8'), (b'Date', b'Thu, 09 Apr 2026 02:36:31 GMT'), (b'Connection', b'keep-alive'), (b'Keep-Alive', b'timeout=5'), (b'Content-Length', b'275')])
2026-04-09 10:36:31 [INFO] httpx - HTTP Request: POST http://127.0.0.1:18789/tools/invoke "HTTP/1.1 200 OK"
2026-04-09 10:36:31 [DEBUG] httpcore.http11 - receive_response_body.started request=<Request [b'POST']>
2026-04-09 10:36:31 [DEBUG] httpcore.http11 - receive_response_body.complete
2026-04-09 10:36:31 [DEBUG] httpcore.http11 - response_closed.started
2026-04-09 10:36:31 [DEBUG] httpcore.http11 - response_closed.complete
2026-04-09 10:36:31 [INFO] openclaw_alpha.openclaw.cron_utils - 轮询 HTTP 调用: job_id=1c909e0b-9267-4fbd-8528-474820c5b1e6, poll_count=14, poll_elapsed=1.56s
2026-04-09 10:36:31 [INFO] openclaw_alpha.openclaw.cron_utils - 轮询响应: ok=True, entries_count=0
2026-04-09 10:36:41 [DEBUG] httpcore.connection - close.started
2026-04-09 10:36:41 [DEBUG] httpcore.connection - close.complete
2026-04-09 10:36:41 [DEBUG] httpcore.connection - connect_tcp.started host='127.0.0.1' port=18789 local_address=None timeout=10.0 socket_options=None
2026-04-09 10:36:41 [DEBUG] httpcore.connection - connect_tcp.complete return_value=<httpcore._backends.anyio.AnyIOStream object at 0x738b790c0d50>
2026-04-09 10:36:41 [DEBUG] httpcore.http11 - send_request_headers.started request=<Request [b'POST']>
2026-04-09 10:36:41 [DEBUG] httpcore.http11 - send_request_headers.complete
2026-04-09 10:36:41 [DEBUG] httpcore.http11 - send_request_body.started request=<Request [b'POST']>
2026-04-09 10:36:41 [DEBUG] httpcore.http11 - send_request_body.complete
2026-04-09 10:36:41 [DEBUG] httpcore.http11 - receive_response_headers.started request=<Request [b'POST']>
2026-04-09 10:36:43 [DEBUG] httpcore.http11 - receive_response_headers.complete return_value=(b'HTTP/1.1', 200, b'OK', [(b'X-Content-Type-Options', b'nosniff'), (b'Referrer-Policy', b'no-referrer'), (b'Permissions-Policy', b'camera=(), microphone=(), geolocation=()'), (b'Content-Type', b'application/json; charset=utf-8'), (b'Date', b'Thu, 09 Apr 2026 02:36:43 GMT'), (b'Connection', b'keep-alive'), (b'Keep-Alive', b'timeout=5'), (b'Content-Length', b'275')])
2026-04-09 10:36:43 [INFO] httpx - HTTP Request: POST http://127.0.0.1:18789/tools/invoke "HTTP/1.1 200 OK"
2026-04-09 10:36:43 [DEBUG] httpcore.http11 - receive_response_body.started request=<Request [b'POST']>
2026-04-09 10:36:43 [DEBUG] httpcore.http11 - receive_response_body.complete
2026-04-09 10:36:43 [DEBUG] httpcore.http11 - response_closed.started
2026-04-09 10:36:43 [DEBUG] httpcore.http11 - response_closed.complete
2026-04-09 10:36:43 [INFO] openclaw_alpha.openclaw.cron_utils - 轮询 HTTP 调用: job_id=1c909e0b-9267-4fbd-8528-474820c5b1e6, poll_count=15, poll_elapsed=1.62s
2026-04-09 10:36:43 [INFO] openclaw_alpha.openclaw.cron_utils - 轮询响应: ok=True, entries_count=0
2026-04-09 10:36:53 [DEBUG] httpcore.connection - close.started
2026-04-09 10:36:53 [DEBUG] httpcore.connection - close.complete
2026-04-09 10:36:53 [DEBUG] httpcore.connection - connect_tcp.started host='127.0.0.1' port=18789 local_address=None timeout=10.0 socket_options=None
2026-04-09 10:36:53 [DEBUG] httpcore.connection - connect_tcp.complete return_value=<httpcore._backends.anyio.AnyIOStream object at 0x738b7911cd10>
2026-04-09 10:36:53 [DEBUG] httpcore.http11 - send_request_headers.started request=<Request [b'POST']>
2026-04-09 10:36:53 [DEBUG] httpcore.http11 - send_request_headers.complete
2026-04-09 10:36:53 [DEBUG] httpcore.http11 - send_request_body.started request=<Request [b'POST']>
2026-04-09 10:36:53 [DEBUG] httpcore.http11 - send_request_body.complete
2026-04-09 10:36:53 [DEBUG] httpcore.http11 - receive_response_headers.started request=<Request [b'POST']>
2026-04-09 10:36:55 [DEBUG] httpcore.http11 - receive_response_headers.complete return_value=(b'HTTP/1.1', 200, b'OK', [(b'X-Content-Type-Options', b'nosniff'), (b'Referrer-Policy', b'no-referrer'), (b'Permissions-Policy', b'camera=(), microphone=(), geolocation=()'), (b'Content-Type', b'application/json; charset=utf-8'), (b'Date', b'Thu, 09 Apr 2026 02:36:55 GMT'), (b'Connection', b'keep-alive'), (b'Keep-Alive', b'timeout=5'), (b'Content-Length', b'275')])
2026-04-09 10:36:55 [INFO] httpx - HTTP Request: POST http://127.0.0.1:18789/tools/invoke "HTTP/1.1 200 OK"
2026-04-09 10:36:55 [DEBUG] httpcore.http11 - receive_response_body.started request=<Request [b'POST']>
2026-04-09 10:36:55 [DEBUG] httpcore.http11 - receive_response_body.complete
2026-04-09 10:36:55 [DEBUG] httpcore.http11 - response_closed.started
2026-04-09 10:36:55 [DEBUG] httpcore.http11 - response_closed.complete
2026-04-09 10:36:55 [INFO] openclaw_alpha.openclaw.cron_utils - 轮询 HTTP 调用: job_id=1c909e0b-9267-4fbd-8528-474820c5b1e6, poll_count=16, poll_elapsed=2.32s
2026-04-09 10:36:55 [INFO] openclaw_alpha.openclaw.cron_utils - 轮询响应: ok=True, entries_count=0
2026-04-09 10:37:05 [DEBUG] httpcore.connection - close.started
2026-04-09 10:37:05 [DEBUG] httpcore.connection - close.complete
2026-04-09 10:37:05 [DEBUG] httpcore.connection - connect_tcp.started host='127.0.0.1' port=18789 local_address=None timeout=10.0 socket_options=None
2026-04-09 10:37:05 [DEBUG] httpcore.connection - connect_tcp.complete return_value=<httpcore._backends.anyio.AnyIOStream object at 0x738b7911d3d0>
2026-04-09 10:37:05 [DEBUG] httpcore.http11 - send_request_headers.started request=<Request [b'POST']>
2026-04-09 10:37:05 [DEBUG] httpcore.http11 - send_request_headers.complete
2026-04-09 10:37:05 [DEBUG] httpcore.http11 - send_request_body.started request=<Request [b'POST']>
2026-04-09 10:37:05 [DEBUG] httpcore.http11 - send_request_body.complete
2026-04-09 10:37:05 [DEBUG] httpcore.http11 - receive_response_headers.started request=<Request [b'POST']>
2026-04-09 10:37:09 [DEBUG] httpcore.http11 - receive_response_headers.complete return_value=(b'HTTP/1.1', 200, b'OK', [(b'X-Content-Type-Options', b'nosniff'), (b'Referrer-Policy', b'no-referrer'), (b'Permissions-Policy', b'camera=(), microphone=(), geolocation=()'), (b'Content-Type', b'application/json; charset=utf-8'), (b'Date', b'Thu, 09 Apr 2026 02:37:09 GMT'), (b'Connection', b'keep-alive'), (b'Keep-Alive', b'timeout=5'), (b'Content-Length', b'275')])
2026-04-09 10:37:09 [INFO] httpx - HTTP Request: POST http://127.0.0.1:18789/tools/invoke "HTTP/1.1 200 OK"
2026-04-09 10:37:09 [DEBUG] httpcore.http11 - receive_response_body.started request=<Request [b'POST']>
2026-04-09 10:37:09 [DEBUG] httpcore.http11 - receive_response_body.complete
2026-04-09 10:37:09 [DEBUG] httpcore.http11 - response_closed.started
2026-04-09 10:37:09 [DEBUG] httpcore.http11 - response_closed.complete
2026-04-09 10:37:09 [INFO] openclaw_alpha.openclaw.cron_utils - 轮询 HTTP 调用: job_id=1c909e0b-9267-4fbd-8528-474820c5b1e6, poll_count=17, poll_elapsed=3.57s
2026-04-09 10:37:09 [INFO] openclaw_alpha.openclaw.cron_utils - 轮询响应: ok=True, entries_count=0
2026-04-09 10:37:19 [DEBUG] httpcore.connection - close.started
2026-04-09 10:37:19 [DEBUG] httpcore.connection - close.complete
2026-04-09 10:37:19 [DEBUG] httpcore.connection - connect_tcp.started host='127.0.0.1' port=18789 local_address=None timeout=10.0 socket_options=None
2026-04-09 10:37:19 [DEBUG] httpcore.connection - connect_tcp.complete return_value=<httpcore._backends.anyio.AnyIOStream object at 0x738b79a13ac0>
2026-04-09 10:37:19 [DEBUG] httpcore.http11 - send_request_headers.started request=<Request [b'POST']>
2026-04-09 10:37:19 [DEBUG] httpcore.http11 - send_request_headers.complete
2026-04-09 10:37:19 [DEBUG] httpcore.http11 - send_request_body.started request=<Request [b'POST']>
2026-04-09 10:37:19 [DEBUG] httpcore.http11 - send_request_body.complete
2026-04-09 10:37:19 [DEBUG] httpcore.http11 - receive_response_headers.started request=<Request [b'POST']>
2026-04-09 10:37:21 [DEBUG] httpcore.http11 - receive_response_headers.complete return_value=(b'HTTP/1.1', 200, b'OK', [(b'X-Content-Type-Options', b'nosniff'), (b'Referrer-Policy', b'no-referrer'), (b'Permissions-Policy', b'camera=(), microphone=(), geolocation=()'), (b'Content-Type', b'application/json; charset=utf-8'), (b'Date', b'Thu, 09 Apr 2026 02:37:21 GMT'), (b'Connection', b'keep-alive'), (b'Keep-Alive', b'timeout=5'), (b'Content-Length', b'275')])
2026-04-09 10:37:21 [INFO] httpx - HTTP Request: POST http://127.0.0.1:18789/tools/invoke "HTTP/1.1 200 OK"
2026-04-09 10:37:21 [DEBUG] httpcore.http11 - receive_response_body.started request=<Request [b'POST']>
2026-04-09 10:37:21 [DEBUG] httpcore.http11 - receive_response_body.complete
2026-04-09 10:37:21 [DEBUG] httpcore.http11 - response_closed.started
2026-04-09 10:37:21 [DEBUG] httpcore.http11 - response_closed.complete
2026-04-09 10:37:21 [INFO] openclaw_alpha.openclaw.cron_utils - 轮询 HTTP 调用: job_id=1c909e0b-9267-4fbd-8528-474820c5b1e6, poll_count=18, poll_elapsed=1.66s
2026-04-09 10:37:21 [INFO] openclaw_alpha.openclaw.cron_utils - 轮询响应: ok=True, entries_count=0
2026-04-09 10:37:31 [DEBUG] httpcore.connection - close.started
2026-04-09 10:37:31 [DEBUG] httpcore.connection - close.complete
2026-04-09 10:37:31 [DEBUG] httpcore.connection - connect_tcp.started host='127.0.0.1' port=18789 local_address=None timeout=10.0 socket_options=None
2026-04-09 10:37:31 [DEBUG] httpcore.connection - connect_tcp.complete return_value=<httpcore._backends.anyio.AnyIOStream object at 0x738b790b0e10>
2026-04-09 10:37:31 [DEBUG] httpcore.http11 - send_request_headers.started request=<Request [b'POST']>
2026-04-09 10:37:31 [DEBUG] httpcore.http11 - send_request_headers.complete
2026-04-09 10:37:31 [DEBUG] httpcore.http11 - send_request_body.started request=<Request [b'POST']>
2026-04-09 10:37:31 [DEBUG] httpcore.http11 - send_request_body.complete
2026-04-09 10:37:31 [DEBUG] httpcore.http11 - receive_response_headers.started request=<Request [b'POST']>
2026-04-09 10:37:33 [DEBUG] httpcore.http11 - receive_response_headers.complete return_value=(b'HTTP/1.1', 200, b'OK', [(b'X-Content-Type-Options', b'nosniff'), (b'Referrer-Policy', b'no-referrer'), (b'Permissions-Policy', b'camera=(), microphone=(), geolocation=()'), (b'Content-Type', b'application/json; charset=utf-8'), (b'Date', b'Thu, 09 Apr 2026 02:37:33 GMT'), (b'Connection', b'keep-alive'), (b'Keep-Alive', b'timeout=5'), (b'Content-Length', b'275')])
2026-04-09 10:37:33 [INFO] httpx - HTTP Request: POST http://127.0.0.1:18789/tools/invoke "HTTP/1.1 200 OK"
2026-04-09 10:37:33 [DEBUG] httpcore.http11 - receive_response_body.started request=<Request [b'POST']>
2026-04-09 10:37:33 [DEBUG] httpcore.http11 - receive_response_body.complete
2026-04-09 10:37:33 [DEBUG] httpcore.http11 - response_closed.started
2026-04-09 10:37:33 [DEBUG] httpcore.http11 - response_closed.complete
2026-04-09 10:37:33 [INFO] openclaw_alpha.openclaw.cron_utils - 轮询 HTTP 调用: job_id=1c909e0b-9267-4fbd-8528-474820c5b1e6, poll_count=19, poll_elapsed=2.46s
2026-04-09 10:37:33 [INFO] openclaw_alpha.openclaw.cron_utils - 轮询响应: ok=True, entries_count=0
2026-04-09 10:37:43 [DEBUG] httpcore.connection - close.started
2026-04-09 10:37:43 [DEBUG] httpcore.connection - close.complete
2026-04-09 10:37:43 [DEBUG] httpcore.connection - connect_tcp.started host='127.0.0.1' port=18789 local_address=None timeout=10.0 socket_options=None
2026-04-09 10:37:43 [DEBUG] httpcore.connection - connect_tcp.complete return_value=<httpcore._backends.anyio.AnyIOStream object at 0x738b790ebbb0>
2026-04-09 10:37:43 [DEBUG] httpcore.http11 - send_request_headers.started request=<Request [b'POST']>
2026-04-09 10:37:43 [DEBUG] httpcore.http11 - send_request_headers.complete
2026-04-09 10:37:43 [DEBUG] httpcore.http11 - send_request_body.started request=<Request [b'POST']>
2026-04-09 10:37:43 [DEBUG] httpcore.http11 - send_request_body.complete
2026-04-09 10:37:43 [DEBUG] httpcore.http11 - receive_response_headers.started request=<Request [b'POST']>
2026-04-09 10:37:45 [DEBUG] httpcore.http11 - receive_response_headers.complete return_value=(b'HTTP/1.1', 200, b'OK', [(b'X-Content-Type-Options', b'nosniff'), (b'Referrer-Policy', b'no-referrer'), (b'Permissions-Policy', b'camera=(), microphone=(), geolocation=()'), (b'Content-Type', b'application/json; charset=utf-8'), (b'Date', b'Thu, 09 Apr 2026 02:37:45 GMT'), (b'Connection', b'keep-alive'), (b'Keep-Alive', b'timeout=5'), (b'Content-Length', b'275')])
2026-04-09 10:37:45 [INFO] httpx - HTTP Request: POST http://127.0.0.1:18789/tools/invoke "HTTP/1.1 200 OK"
2026-04-09 10:37:45 [DEBUG] httpcore.http11 - receive_response_body.started request=<Request [b'POST']>
2026-04-09 10:37:45 [DEBUG] httpcore.http11 - receive_response_body.complete
2026-04-09 10:37:45 [DEBUG] httpcore.http11 - response_closed.started
2026-04-09 10:37:45 [DEBUG] httpcore.http11 - response_closed.complete
2026-04-09 10:37:45 [INFO] openclaw_alpha.openclaw.cron_utils - 轮询 HTTP 调用: job_id=1c909e0b-9267-4fbd-8528-474820c5b1e6, poll_count=20, poll_elapsed=1.59s
2026-04-09 10:37:45 [INFO] openclaw_alpha.openclaw.cron_utils - 轮询响应: ok=True, entries_count=0
2026-04-09 10:37:55 [DEBUG] httpcore.connection - close.started
2026-04-09 10:37:55 [DEBUG] httpcore.connection - close.complete
2026-04-09 10:37:55 [DEBUG] httpcore.connection - connect_tcp.started host='127.0.0.1' port=18789 local_address=None timeout=10.0 socket_options=None
2026-04-09 10:37:55 [DEBUG] httpcore.connection - connect_tcp.complete return_value=<httpcore._backends.anyio.AnyIOStream object at 0x738b790eb9d0>
2026-04-09 10:37:55 [DEBUG] httpcore.http11 - send_request_headers.started request=<Request [b'POST']>
2026-04-09 10:37:55 [DEBUG] httpcore.http11 - send_request_headers.complete
2026-04-09 10:37:55 [DEBUG] httpcore.http11 - send_request_body.started request=<Request [b'POST']>
2026-04-09 10:37:55 [DEBUG] httpcore.http11 - send_request_body.complete
2026-04-09 10:37:55 [DEBUG] httpcore.http11 - receive_response_headers.started request=<Request [b'POST']>
2026-04-09 10:37:58 [DEBUG] httpcore.http11 - receive_response_headers.complete return_value=(b'HTTP/1.1', 200, b'OK', [(b'X-Content-Type-Options', b'nosniff'), (b'Referrer-Policy', b'no-referrer'), (b'Permissions-Policy', b'camera=(), microphone=(), geolocation=()'), (b'Content-Type', b'application/json; charset=utf-8'), (b'Date', b'Thu, 09 Apr 2026 02:37:58 GMT'), (b'Connection', b'keep-alive'), (b'Keep-Alive', b'timeout=5'), (b'Content-Length', b'275')])
2026-04-09 10:37:58 [INFO] httpx - HTTP Request: POST http://127.0.0.1:18789/tools/invoke "HTTP/1.1 200 OK"
2026-04-09 10:37:58 [DEBUG] httpcore.http11 - receive_response_body.started request=<Request [b'POST']>
2026-04-09 10:37:58 [DEBUG] httpcore.http11 - receive_response_body.complete
2026-04-09 10:37:58 [DEBUG] httpcore.http11 - response_closed.started
2026-04-09 10:37:58 [DEBUG] httpcore.http11 - response_closed.complete
2026-04-09 10:37:58 [INFO] openclaw_alpha.openclaw.cron_utils - 轮询 HTTP 调用: job_id=1c909e0b-9267-4fbd-8528-474820c5b1e6, poll_count=21, poll_elapsed=3.68s
2026-04-09 10:37:58 [INFO] openclaw_alpha.openclaw.cron_utils - 轮询响应: ok=True, entries_count=0
2026-04-09 10:38:08 [DEBUG] httpcore.connection - close.started
2026-04-09 10:38:08 [DEBUG] httpcore.connection - close.complete
2026-04-09 10:38:08 [DEBUG] httpcore.connection - connect_tcp.started host='127.0.0.1' port=18789 local_address=None timeout=10.0 socket_options=None
2026-04-09 10:38:08 [DEBUG] httpcore.connection - connect_tcp.complete return_value=<httpcore._backends.anyio.AnyIOStream object at 0x738b7905b0b0>
2026-04-09 10:38:08 [DEBUG] httpcore.http11 - send_request_headers.started request=<Request [b'POST']>
2026-04-09 10:38:08 [DEBUG] httpcore.http11 - send_request_headers.complete
2026-04-09 10:38:08 [DEBUG] httpcore.http11 - send_request_body.started request=<Request [b'POST']>
2026-04-09 10:38:08 [DEBUG] httpcore.http11 - send_request_body.complete
2026-04-09 10:38:08 [DEBUG] httpcore.http11 - receive_response_headers.started request=<Request [b'POST']>
2026-04-09 10:38:10 [DEBUG] httpcore.http11 - receive_response_headers.complete return_value=(b'HTTP/1.1', 200, b'OK', [(b'X-Content-Type-Options', b'nosniff'), (b'Referrer-Policy', b'no-referrer'), (b'Permissions-Policy', b'camera=(), microphone=(), geolocation=()'), (b'Content-Type', b'application/json; charset=utf-8'), (b'Date', b'Thu, 09 Apr 2026 02:38:10 GMT'), (b'Connection', b'keep-alive'), (b'Keep-Alive', b'timeout=5'), (b'Content-Length', b'275')])
2026-04-09 10:38:10 [INFO] httpx - HTTP Request: POST http://127.0.0.1:18789/tools/invoke "HTTP/1.1 200 OK"
2026-04-09 10:38:10 [DEBUG] httpcore.http11 - receive_response_body.started request=<Request [b'POST']>
2026-04-09 10:38:10 [DEBUG] httpcore.http11 - receive_response_body.complete
2026-04-09 10:38:10 [DEBUG] httpcore.http11 - response_closed.started
2026-04-09 10:38:10 [DEBUG] httpcore.http11 - response_closed.complete
2026-04-09 10:38:10 [INFO] openclaw_alpha.openclaw.cron_utils - 轮询 HTTP 调用: job_id=1c909e0b-9267-4fbd-8528-474820c5b1e6, poll_count=22, poll_elapsed=1.61s
2026-04-09 10:38:10 [INFO] openclaw_alpha.openclaw.cron_utils - 轮询响应: ok=True, entries_count=0
2026-04-09 10:38:20 [DEBUG] httpcore.connection - close.started
2026-04-09 10:38:20 [DEBUG] httpcore.connection - close.complete
2026-04-09 10:38:20 [DEBUG] httpcore.connection - connect_tcp.started host='127.0.0.1' port=18789 local_address=None timeout=10.0 socket_options=None
2026-04-09 10:38:20 [DEBUG] httpcore.connection - connect_tcp.complete return_value=<httpcore._backends.anyio.AnyIOStream object at 0x738b790efed0>
2026-04-09 10:38:20 [DEBUG] httpcore.http11 - send_request_headers.started request=<Request [b'POST']>
2026-04-09 10:38:20 [DEBUG] httpcore.http11 - send_request_headers.complete
2026-04-09 10:38:20 [DEBUG] httpcore.http11 - send_request_body.started request=<Request [b'POST']>
2026-04-09 10:38:20 [DEBUG] httpcore.http11 - send_request_body.complete
2026-04-09 10:38:20 [DEBUG] httpcore.http11 - receive_response_headers.started request=<Request [b'POST']>
2026-04-09 10:38:22 [DEBUG] httpcore.http11 - receive_response_headers.complete return_value=(b'HTTP/1.1', 200, b'OK', [(b'X-Content-Type-Options', b'nosniff'), (b'Referrer-Policy', b'no-referrer'), (b'Permissions-Policy', b'camera=(), microphone=(), geolocation=()'), (b'Content-Type', b'application/json; charset=utf-8'), (b'Date', b'Thu, 09 Apr 2026 02:38:22 GMT'), (b'Connection', b'keep-alive'), (b'Keep-Alive', b'timeout=5'), (b'Content-Length', b'275')])
2026-04-09 10:38:22 [INFO] httpx - HTTP Request: POST http://127.0.0.1:18789/tools/invoke "HTTP/1.1 200 OK"
2026-04-09 10:38:22 [DEBUG] httpcore.http11 - receive_response_body.started request=<Request [b'POST']>
2026-04-09 10:38:22 [DEBUG] httpcore.http11 - receive_response_body.complete
2026-04-09 10:38:22 [DEBUG] httpcore.http11 - response_closed.started
2026-04-09 10:38:22 [DEBUG] httpcore.http11 - response_closed.complete
2026-04-09 10:38:22 [INFO] openclaw_alpha.openclaw.cron_utils - 轮询 HTTP 调用: job_id=1c909e0b-9267-4fbd-8528-474820c5b1e6, poll_count=23, poll_elapsed=2.48s
2026-04-09 10:38:22 [INFO] openclaw_alpha.openclaw.cron_utils - 轮询响应: ok=True, entries_count=0
2026-04-09 10:38:32 [DEBUG] httpcore.connection - close.started
2026-04-09 10:38:32 [DEBUG] httpcore.connection - close.complete
2026-04-09 10:38:32 [DEBUG] httpcore.connection - connect_tcp.started host='127.0.0.1' port=18789 local_address=None timeout=10.0 socket_options=None
2026-04-09 10:38:32 [DEBUG] httpcore.connection - connect_tcp.complete return_value=<httpcore._backends.anyio.AnyIOStream object at 0x738b790efa50>
2026-04-09 10:38:32 [DEBUG] httpcore.http11 - send_request_headers.started request=<Request [b'POST']>
2026-04-09 10:38:32 [DEBUG] httpcore.http11 - send_request_headers.complete
2026-04-09 10:38:32 [DEBUG] httpcore.http11 - send_request_body.started request=<Request [b'POST']>
2026-04-09 10:38:32 [DEBUG] httpcore.http11 - send_request_body.complete
2026-04-09 10:38:32 [DEBUG] httpcore.http11 - receive_response_headers.started request=<Request [b'POST']>
2026-04-09 10:38:34 [DEBUG] httpcore.http11 - receive_response_headers.complete return_value=(b'HTTP/1.1', 200, b'OK', [(b'X-Content-Type-Options', b'nosniff'), (b'Referrer-Policy', b'no-referrer'), (b'Permissions-Policy', b'camera=(), microphone=(), geolocation=()'), (b'Content-Type', b'application/json; charset=utf-8'), (b'Date', b'Thu, 09 Apr 2026 02:38:34 GMT'), (b'Connection', b'keep-alive'), (b'Keep-Alive', b'timeout=5'), (b'Content-Length', b'275')])
2026-04-09 10:38:34 [INFO] httpx - HTTP Request: POST http://127.0.0.1:18789/tools/invoke "HTTP/1.1 200 OK"
2026-04-09 10:38:34 [DEBUG] httpcore.http11 - receive_response_body.started request=<Request [b'POST']>
2026-04-09 10:38:34 [DEBUG] httpcore.http11 - receive_response_body.complete
2026-04-09 10:38:34 [DEBUG] httpcore.http11 - response_closed.started
2026-04-09 10:38:34 [DEBUG] httpcore.http11 - response_closed.complete
2026-04-09 10:38:34 [INFO] openclaw_alpha.openclaw.cron_utils - 轮询 HTTP 调用: job_id=1c909e0b-9267-4fbd-8528-474820c5b1e6, poll_count=24, poll_elapsed=1.59s
2026-04-09 10:38:34 [INFO] openclaw_alpha.openclaw.cron_utils - 轮询响应: ok=True, entries_count=0
2026-04-09 10:38:44 [DEBUG] httpcore.connection - close.started
2026-04-09 10:38:44 [DEBUG] httpcore.connection - close.complete
2026-04-09 10:38:44 [DEBUG] httpcore.connection - connect_tcp.started host='127.0.0.1' port=18789 local_address=None timeout=10.0 socket_options=None
2026-04-09 10:38:44 [DEBUG] httpcore.connection - connect_tcp.complete return_value=<httpcore._backends.anyio.AnyIOStream object at 0x738b79b4a660>
2026-04-09 10:38:44 [DEBUG] httpcore.http11 - send_request_headers.started request=<Request [b'POST']>
2026-04-09 10:38:44 [DEBUG] httpcore.http11 - send_request_headers.complete
2026-04-09 10:38:44 [DEBUG] httpcore.http11 - send_request_body.started request=<Request [b'POST']>
2026-04-09 10:38:44 [DEBUG] httpcore.http11 - send_request_body.complete
2026-04-09 10:38:44 [DEBUG] httpcore.http11 - receive_response_headers.started request=<Request [b'POST']>
2026-04-09 10:38:48 [DEBUG] httpcore.http11 - receive_response_headers.complete return_value=(b'HTTP/1.1', 200, b'OK', [(b'X-Content-Type-Options', b'nosniff'), (b'Referrer-Policy', b'no-referrer'), (b'Permissions-Policy', b'camera=(), microphone=(), geolocation=()'), (b'Content-Type', b'application/json; charset=utf-8'), (b'Date', b'Thu, 09 Apr 2026 02:38:48 GMT'), (b'Connection', b'keep-alive'), (b'Keep-Alive', b'timeout=5'), (b'Content-Length', b'275')])
2026-04-09 10:38:48 [INFO] httpx - HTTP Request: POST http://127.0.0.1:18789/tools/invoke "HTTP/1.1 200 OK"
2026-04-09 10:38:48 [DEBUG] httpcore.http11 - receive_response_body.started request=<Request [b'POST']>
2026-04-09 10:38:48 [DEBUG] httpcore.http11 - receive_response_body.complete
2026-04-09 10:38:48 [DEBUG] httpcore.http11 - response_closed.started
2026-04-09 10:38:48 [DEBUG] httpcore.http11 - response_closed.complete
2026-04-09 10:38:48 [INFO] openclaw_alpha.openclaw.cron_utils - 轮询 HTTP 调用: job_id=1c909e0b-9267-4fbd-8528-474820c5b1e6, poll_count=25, poll_elapsed=3.59s
2026-04-09 10:38:48 [INFO] openclaw_alpha.openclaw.cron_utils - 轮询响应: ok=True, entries_count=0
2026-04-09 10:38:58 [DEBUG] httpcore.connection - close.started
2026-04-09 10:38:58 [DEBUG] httpcore.connection - close.complete
2026-04-09 10:38:58 [DEBUG] httpcore.connection - connect_tcp.started host='127.0.0.1' port=18789 local_address=None timeout=10.0 socket_options=None
2026-04-09 10:38:58 [DEBUG] httpcore.connection - connect_tcp.complete return_value=<httpcore._backends.anyio.AnyIOStream object at 0x738b79b4b8c0>
2026-04-09 10:38:58 [DEBUG] httpcore.http11 - send_request_headers.started request=<Request [b'POST']>
2026-04-09 10:38:58 [DEBUG] httpcore.http11 - send_request_headers.complete
2026-04-09 10:38:58 [DEBUG] httpcore.http11 - send_request_body.started request=<Request [b'POST']>
2026-04-09 10:38:58 [DEBUG] httpcore.http11 - send_request_body.complete
2026-04-09 10:38:58 [DEBUG] httpcore.http11 - receive_response_headers.started request=<Request [b'POST']>
2026-04-09 10:38:59 [DEBUG] httpcore.http11 - receive_response_headers.complete return_value=(b'HTTP/1.1', 200, b'OK', [(b'X-Content-Type-Options', b'nosniff'), (b'Referrer-Policy', b'no-referrer'), (b'Permissions-Policy', b'camera=(), microphone=(), geolocation=()'), (b'Content-Type', b'application/json; charset=utf-8'), (b'Date', b'Thu, 09 Apr 2026 02:38:59 GMT'), (b'Connection', b'keep-alive'), (b'Keep-Alive', b'timeout=5'), (b'Content-Length', b'4322')])
2026-04-09 10:38:59 [INFO] httpx - HTTP Request: POST http://127.0.0.1:18789/tools/invoke "HTTP/1.1 200 OK"
2026-04-09 10:38:59 [DEBUG] httpcore.http11 - receive_response_body.started request=<Request [b'POST']>
2026-04-09 10:38:59 [DEBUG] httpcore.http11 - receive_response_body.complete
2026-04-09 10:38:59 [DEBUG] httpcore.http11 - response_closed.started
2026-04-09 10:38:59 [DEBUG] httpcore.http11 - response_closed.complete
2026-04-09 10:38:59 [INFO] openclaw_alpha.openclaw.cron_utils - 轮询 HTTP 调用: job_id=1c909e0b-9267-4fbd-8528-474820c5b1e6, poll_count=26, poll_elapsed=1.53s
2026-04-09 10:38:59 [INFO] openclaw_alpha.openclaw.cron_utils - 轮询响应: ok=True, entries_count=1
2026-04-09 10:38:59 [INFO] openclaw_alpha.openclaw.cron_utils - 轮询结果: status=ok, durationMs=309739, sessionId=cee10bbb-c682-4d41-a8e3-47f1e790a494
2026-04-09 10:38:59 [INFO] openclaw_alpha.openclaw.cron_utils - 任务完成: ok（耗时 309739ms）
2026-04-09 10:38:59 [INFO] openclaw_alpha.openclaw.cron_utils - 任务运行完成: sessionId=cee10bbb-c682-4d41-a8e3-47f1e790a494
2026-04-09 10:38:59 [DEBUG] httpcore.http11 - send_request_headers.started request=<Request [b'POST']>
2026-04-09 10:38:59 [DEBUG] httpcore.http11 - send_request_headers.complete
2026-04-09 10:38:59 [DEBUG] httpcore.http11 - send_request_body.started request=<Request [b'POST']>
2026-04-09 10:38:59 [DEBUG] httpcore.http11 - send_request_body.complete
2026-04-09 10:38:59 [DEBUG] httpcore.http11 - receive_response_headers.started request=<Request [b'POST']>
2026-04-09 10:39:01 [DEBUG] httpcore.http11 - receive_response_headers.complete return_value=(b'HTTP/1.1', 200, b'OK', [(b'X-Content-Type-Options', b'nosniff'), (b'Referrer-Policy', b'no-referrer'), (b'Permissions-Policy', b'camera=(), microphone=(), geolocation=()'), (b'Content-Type', b'application/json; charset=utf-8'), (b'Date', b'Thu, 09 Apr 2026 02:39:01 GMT'), (b'Connection', b'keep-alive'), (b'Keep-Alive', b'timeout=5'), (b'Content-Length', b'141')])
2026-04-09 10:39:01 [INFO] httpx - HTTP Request: POST http://127.0.0.1:18789/tools/invoke "HTTP/1.1 200 OK"
2026-04-09 10:39:01 [DEBUG] httpcore.http11 - receive_response_body.started request=<Request [b'POST']>
2026-04-09 10:39:01 [DEBUG] httpcore.http11 - receive_response_body.complete
2026-04-09 10:39:01 [DEBUG] httpcore.http11 - response_closed.started
2026-04-09 10:39:01 [DEBUG] httpcore.http11 - response_closed.complete
2026-04-09 10:39:01 [INFO] openclaw_alpha.openclaw.cron_utils - 任务已删除: 1c909e0b-9267-4fbd-8528-474820c5b1e6
2026-04-09 10:39:01 [INFO] openclaw_alpha.backend.quick_news.task_executor - 任务已完成: 1c909e0b-9267-4fbd-8528-474820c5b1e6, sessionId: cee10bbb-c682-4d41-a8e3-47f1e790a494
2026-04-09 10:39:01 [INFO] openclaw_alpha.backend.quick_news.task_executor - 第 1 次轮询: analysis 字段已写入
2026-04-09 10:39:01 [INFO] openclaw_alpha.backend.quick_news.task_executor - 已读取分析结果并追加 session 字段: jin10_jin10:index:20260408214816525800
2026-04-09 10:39:01 [DEBUG] httpcore.http11 - send_request_headers.started request=<Request [b'POST']>
2026-04-09 10:39:01 [DEBUG] httpcore.http11 - send_request_headers.complete
2026-04-09 10:39:01 [DEBUG] httpcore.http11 - send_request_body.started request=<Request [b'POST']>
2026-04-09 10:39:01 [DEBUG] httpcore.http11 - send_request_body.complete
2026-04-09 10:39:01 [DEBUG] httpcore.http11 - receive_response_headers.started request=<Request [b'POST']>
2026-04-09 10:39:02 [DEBUG] httpcore.http11 - receive_response_headers.complete return_value=(b'HTTP/1.1', 200, b'OK', [(b'X-Content-Type-Options', b'nosniff'), (b'Referrer-Policy', b'no-referrer'), (b'Permissions-Policy', b'camera=(), microphone=(), geolocation=()'), (b'Content-Type', b'application/json; charset=utf-8'), (b'Date', b'Thu, 09 Apr 2026 02:39:02 GMT'), (b'Connection', b'keep-alive'), (b'Keep-Alive', b'timeout=5'), (b'Content-Length', b'457')])
2026-04-09 10:39:02 [INFO] httpx - HTTP Request: POST http://127.0.0.1:18789/tools/invoke "HTTP/1.1 200 OK"
2026-04-09 10:39:02 [DEBUG] httpcore.http11 - receive_response_body.started request=<Request [b'POST']>
2026-04-09 10:39:02 [DEBUG] httpcore.http11 - receive_response_body.complete
2026-04-09 10:39:02 [DEBUG] httpcore.http11 - response_closed.started
2026-04-09 10:39:02 [DEBUG] httpcore.http11 - response_closed.complete
2026-04-09 10:39:02 [INFO] openclaw_alpha.backend.quick_news.task_executor - 已推送到 wecom: Momojie
2026-04-09 10:39:02 [INFO] openclaw_alpha.backend.quick_news.task_executor - submit_analysis 完成: news_id=jin10_jin10:index:20260408214816525800, success=True, worth_deep=False, error=None
2026-04-09 10:39:02 [INFO] openclaw_alpha.backend.quick_news.jobs - 分析完成: jin10_jin10:index:20260408214816525800, 值得深度分析: True
2026-04-09 10:39:02 [INFO] openclaw_alpha.backend.quick_news.jobs - 新闻处理完成: 1/1 成功
2026-04-09 10:39:02 [INFO] openclaw_alpha.backend.quick_news.jobs - 准备发送汇总通知: 1 个接收人
2026-04-09 10:39:02 [DEBUG] httpcore.http11 - send_request_headers.started request=<Request [b'POST']>
2026-04-09 10:39:02 [DEBUG] httpcore.http11 - send_request_headers.complete
2026-04-09 10:39:02 [DEBUG] httpcore.http11 - send_request_body.started request=<Request [b'POST']>
2026-04-09 10:39:02 [DEBUG] httpcore.http11 - send_request_body.complete
2026-04-09 10:39:02 [DEBUG] httpcore.http11 - receive_response_headers.started request=<Request [b'POST']>
2026-04-09 10:39:02 [DEBUG] httpcore.http11 - receive_response_headers.complete return_value=(b'HTTP/1.1', 200, b'OK', [(b'X-Content-Type-Options', b'nosniff'), (b'Referrer-Policy', b'no-referrer'), (b'Permissions-Policy', b'camera=(), microphone=(), geolocation=()'), (b'Content-Type', b'application/json; charset=utf-8'), (b'Date', b'Thu, 09 Apr 2026 02:39:02 GMT'), (b'Connection', b'keep-alive'), (b'Keep-Alive', b'timeout=5'), (b'Content-Length', b'457')])
2026-04-09 10:39:02 [INFO] httpx - HTTP Request: POST http://127.0.0.1:18789/tools/invoke "HTTP/1.1 200 OK"
2026-04-09 10:39:02 [DEBUG] httpcore.http11 - receive_response_body.started request=<Request [b'POST']>
2026-04-09 10:39:02 [DEBUG] httpcore.http11 - receive_response_body.complete
2026-04-09 10:39:02 [DEBUG] httpcore.http11 - response_closed.started
2026-04-09 10:39:02 [DEBUG] httpcore.http11 - response_closed.complete
2026-04-09 10:39:02 [INFO] openclaw_alpha.backend.quick_news.jobs - 汇总通知已发送: Momojie
2026-04-09 10:39:02 [INFO] news.trigger - === trigger 完成 ===
2026-04-09 10:44:04 [INFO] news.trigger - === trigger 开始 (limit=1) ===
2026-04-09 10:44:04 [DEBUG] asyncio - Using selector: EpollSelector
2026-04-09 10:44:04 [INFO] openclaw_alpha.backend.quick_news.jobs - 拉取新闻源: cls_telegraph (/cls/telegraph)
2026-04-09 10:44:04 [DEBUG] openclaw_alpha.rsshub.fetcher - 尝试拉取: https://rsshub.liumingye.cn/cls/telegraph
2026-04-09 10:44:06 [DEBUG] openclaw_alpha.rsshub.fetcher - 拉取成功: https://rsshub.liumingye.cn/cls/telegraph, 获取 20 条
2026-04-09 10:44:06 [INFO] openclaw_alpha.backend.quick_news.jobs -   cls_telegraph: saved=7, skipped=13
2026-04-09 10:44:06 [INFO] openclaw_alpha.backend.quick_news.jobs - 拉取新闻源: jin10 (/jin10)
2026-04-09 10:44:06 [DEBUG] openclaw_alpha.rsshub.fetcher - 尝试拉取: https://rsshub.liumingye.cn/jin10
2026-04-09 10:44:09 [DEBUG] openclaw_alpha.rsshub.fetcher - 拉取成功: https://rsshub.liumingye.cn/jin10, 获取 21 条
2026-04-09 10:44:09 [INFO] openclaw_alpha.backend.quick_news.jobs -   jin10: saved=8, skipped=13
2026-04-09 10:44:09 [INFO] openclaw_alpha.backend.quick_news.jobs - 拉取新闻源: wallstreetcn_news (/wallstreetcn/news)
2026-04-09 10:44:09 [DEBUG] openclaw_alpha.rsshub.fetcher - 尝试拉取: https://rsshub.liumingye.cn/wallstreetcn/news
2026-04-09 10:44:14 [DEBUG] openclaw_alpha.rsshub.fetcher - 拉取成功: https://rsshub.liumingye.cn/wallstreetcn/news, 获取 28 条
2026-04-09 10:44:14 [INFO] openclaw_alpha.backend.quick_news.jobs -   wallstreetcn_news: saved=1, skipped=27
2026-04-09 10:44:14 [INFO] openclaw_alpha.backend.quick_news.jobs - 拉取新闻源: yicai_brief (/yicai/brief)
2026-04-09 10:44:14 [DEBUG] openclaw_alpha.rsshub.fetcher - 尝试拉取: https://rsshub.liumingye.cn/yicai/brief
2026-04-09 10:44:16 [DEBUG] openclaw_alpha.rsshub.fetcher - 拉取成功: https://rsshub.liumingye.cn/yicai/brief, 获取 50 条
2026-04-09 10:44:16 [INFO] openclaw_alpha.backend.quick_news.jobs -   yicai_brief: saved=8, skipped=42
2026-04-09 10:44:16 [INFO] openclaw_alpha.backend.quick_news.jobs - 拉取完成: 4 个源, saved=24, skipped=95
2026-04-09 10:44:16 [INFO] openclaw_alpha.backend.quick_news.jobs - 发现 210 条待分析新闻
2026-04-09 10:44:16 [INFO] openclaw_alpha.backend.quick_news.jobs - 应用 limit=1，处理前 1 条
2026-04-09 10:44:16 [INFO] openclaw_alpha.backend.quick_news.jobs - 处理新闻: 金十图示：2026年04月08日（周三）全球股市指数-美洲市场（盘初） (jin10_jin10:index:20260408220204108800)
2026-04-09 10:44:16 [INFO] openclaw_alpha.backend.quick_news.task_executor - 提交快速分析任务: 金十图示：2026年04月08日（周三）全球股市指数-美洲市场（盘初） (jin10_jin10:index:20260408220204108800)
2026-04-09 10:44:16 [INFO] openclaw_alpha.backend.quick_news.task_executor -   agent_id=main, model=openrouter/anthropic/claude-3.5-sonnet
2026-04-09 10:44:16 [INFO] openclaw_alpha.backend.quick_news.task_executor -   timeout=900s, session_poll_timeout=900s
2026-04-09 10:44:16 [DEBUG] openclaw_alpha.openclaw.cron_utils - cron.add 参数: news-analysis-jin10_jin10:index:20260408220204108800
2026-04-09 10:44:16 [DEBUG] httpcore.connection - connect_tcp.started host='127.0.0.1' port=18789 local_address=None timeout=30.0 socket_options=None
2026-04-09 10:44:16 [DEBUG] httpcore.connection - connect_tcp.complete return_value=<httpcore._backends.anyio.AnyIOStream object at 0x7d9b8926ea50>
2026-04-09 10:44:16 [DEBUG] httpcore.http11 - send_request_headers.started request=<Request [b'POST']>
2026-04-09 10:44:16 [DEBUG] httpcore.http11 - send_request_headers.complete
2026-04-09 10:44:16 [DEBUG] httpcore.http11 - send_request_body.started request=<Request [b'POST']>
2026-04-09 10:44:16 [DEBUG] httpcore.http11 - send_request_body.complete
2026-04-09 10:44:16 [DEBUG] httpcore.http11 - receive_response_headers.started request=<Request [b'POST']>
2026-04-09 10:44:18 [DEBUG] httpcore.http11 - receive_response_headers.complete return_value=(b'HTTP/1.1', 200, b'OK', [(b'X-Content-Type-Options', b'nosniff'), (b'Referrer-Policy', b'no-referrer'), (b'Permissions-Policy', b'camera=(), microphone=(), geolocation=()'), (b'Content-Type', b'application/json; charset=utf-8'), (b'Date', b'Thu, 09 Apr 2026 02:44:18 GMT'), (b'Connection', b'keep-alive'), (b'Keep-Alive', b'timeout=5'), (b'Content-Length', b'7767')])
2026-04-09 10:44:18 [INFO] httpx - HTTP Request: POST http://127.0.0.1:18789/tools/invoke "HTTP/1.1 200 OK"
2026-04-09 10:44:18 [DEBUG] httpcore.http11 - receive_response_body.started request=<Request [b'POST']>
2026-04-09 10:44:18 [DEBUG] httpcore.http11 - receive_response_body.complete
2026-04-09 10:44:18 [DEBUG] httpcore.http11 - response_closed.started
2026-04-09 10:44:18 [DEBUG] httpcore.http11 - response_closed.complete
2026-04-09 10:44:18 [INFO] openclaw_alpha.openclaw.cron_utils - 任务创建成功: 4df3406c-63a6-4e52-ab0f-31ab2238902f
2026-04-09 10:44:18 [INFO] openclaw_alpha.openclaw.cron_utils - 触发任务: 4df3406c-63a6-4e52-ab0f-31ab2238902f
2026-04-09 10:44:18 [INFO] openclaw_alpha.openclaw.cron_utils - 开始轮询任务完成状态: 4df3406c-63a6-4e52-ab0f-31ab2238902f（超时 900s）
2026-04-09 10:44:18 [DEBUG] httpcore.http11 - send_request_headers.started request=<Request [b'POST']>
2026-04-09 10:44:18 [DEBUG] httpcore.http11 - send_request_headers.complete
2026-04-09 10:44:18 [DEBUG] httpcore.http11 - send_request_body.started request=<Request [b'POST']>
2026-04-09 10:44:18 [DEBUG] httpcore.http11 - send_request_body.complete
2026-04-09 10:44:18 [DEBUG] httpcore.http11 - receive_response_headers.started request=<Request [b'POST']>
2026-04-09 10:44:20 [DEBUG] httpcore.http11 - receive_response_headers.complete return_value=(b'HTTP/1.1', 200, b'OK', [(b'X-Content-Type-Options', b'nosniff'), (b'Referrer-Policy', b'no-referrer'), (b'Permissions-Policy', b'camera=(), microphone=(), geolocation=()'), (b'Content-Type', b'application/json; charset=utf-8'), (b'Date', b'Thu, 09 Apr 2026 02:44:20 GMT'), (b'Connection', b'keep-alive'), (b'Keep-Alive', b'timeout=5'), (b'Content-Length', b'290')])
2026-04-09 10:44:20 [INFO] httpx - HTTP Request: POST http://127.0.0.1:18789/tools/invoke "HTTP/1.1 200 OK"
2026-04-09 10:44:20 [DEBUG] httpcore.http11 - receive_response_body.started request=<Request [b'POST']>
2026-04-09 10:44:20 [DEBUG] httpcore.http11 - receive_response_body.complete
2026-04-09 10:44:20 [DEBUG] httpcore.http11 - response_closed.started
2026-04-09 10:44:20 [DEBUG] httpcore.http11 - response_closed.complete
2026-04-09 10:44:21 [DEBUG] httpcore.http11 - send_request_headers.started request=<Request [b'POST']>
2026-04-09 10:44:21 [DEBUG] httpcore.http11 - send_request_headers.complete
2026-04-09 10:44:21 [DEBUG] httpcore.http11 - send_request_body.started request=<Request [b'POST']>
2026-04-09 10:44:21 [DEBUG] httpcore.http11 - send_request_body.complete
2026-04-09 10:44:21 [DEBUG] httpcore.http11 - receive_response_headers.started request=<Request [b'POST']>
2026-04-09 10:44:22 [DEBUG] httpcore.http11 - receive_response_headers.complete return_value=(b'HTTP/1.1', 200, b'OK', [(b'X-Content-Type-Options', b'nosniff'), (b'Referrer-Policy', b'no-referrer'), (b'Permissions-Policy', b'camera=(), microphone=(), geolocation=()'), (b'Content-Type', b'application/json; charset=utf-8'), (b'Date', b'Thu, 09 Apr 2026 02:44:22 GMT'), (b'Connection', b'keep-alive'), (b'Keep-Alive', b'timeout=5'), (b'Content-Length', b'275')])
2026-04-09 10:44:22 [INFO] httpx - HTTP Request: POST http://127.0.0.1:18789/tools/invoke "HTTP/1.1 200 OK"
2026-04-09 10:44:22 [DEBUG] httpcore.http11 - receive_response_body.started request=<Request [b'POST']>
2026-04-09 10:44:22 [DEBUG] httpcore.http11 - receive_response_body.complete
2026-04-09 10:44:22 [DEBUG] httpcore.http11 - response_closed.started
2026-04-09 10:44:22 [DEBUG] httpcore.http11 - response_closed.complete
2026-04-09 10:44:22 [INFO] openclaw_alpha.openclaw.cron_utils - 轮询 HTTP 调用: job_id=4df3406c-63a6-4e52-ab0f-31ab2238902f, poll_count=1, poll_elapsed=1.69s
2026-04-09 10:44:22 [INFO] openclaw_alpha.openclaw.cron_utils - 轮询响应: ok=True, entries_count=0
2026-04-09 10:44:32 [DEBUG] httpcore.connection - close.started
2026-04-09 10:44:32 [DEBUG] httpcore.connection - close.complete
2026-04-09 10:44:32 [DEBUG] httpcore.connection - connect_tcp.started host='127.0.0.1' port=18789 local_address=None timeout=10.0 socket_options=None
2026-04-09 10:44:32 [DEBUG] httpcore.connection - connect_tcp.complete return_value=<httpcore._backends.anyio.AnyIOStream object at 0x7d9b892c2710>
2026-04-09 10:44:32 [DEBUG] httpcore.http11 - send_request_headers.started request=<Request [b'POST']>
2026-04-09 10:44:32 [DEBUG] httpcore.http11 - send_request_headers.complete
2026-04-09 10:44:32 [DEBUG] httpcore.http11 - send_request_body.started request=<Request [b'POST']>
2026-04-09 10:44:32 [DEBUG] httpcore.http11 - send_request_body.complete
2026-04-09 10:44:32 [DEBUG] httpcore.http11 - receive_response_headers.started request=<Request [b'POST']>
2026-04-09 10:44:36 [DEBUG] httpcore.http11 - receive_response_headers.complete return_value=(b'HTTP/1.1', 200, b'OK', [(b'X-Content-Type-Options', b'nosniff'), (b'Referrer-Policy', b'no-referrer'), (b'Permissions-Policy', b'camera=(), microphone=(), geolocation=()'), (b'Content-Type', b'application/json; charset=utf-8'), (b'Date', b'Thu, 09 Apr 2026 02:44:36 GMT'), (b'Connection', b'keep-alive'), (b'Keep-Alive', b'timeout=5'), (b'Content-Length', b'275')])
2026-04-09 10:44:36 [INFO] httpx - HTTP Request: POST http://127.0.0.1:18789/tools/invoke "HTTP/1.1 200 OK"
2026-04-09 10:44:36 [DEBUG] httpcore.http11 - receive_response_body.started request=<Request [b'POST']>
2026-04-09 10:44:36 [DEBUG] httpcore.http11 - receive_response_body.complete
2026-04-09 10:44:36 [DEBUG] httpcore.http11 - response_closed.started
2026-04-09 10:44:36 [DEBUG] httpcore.http11 - response_closed.complete
2026-04-09 10:44:36 [INFO] openclaw_alpha.openclaw.cron_utils - 轮询 HTTP 调用: job_id=4df3406c-63a6-4e52-ab0f-31ab2238902f, poll_count=2, poll_elapsed=3.55s
2026-04-09 10:44:36 [INFO] openclaw_alpha.openclaw.cron_utils - 轮询响应: ok=True, entries_count=0
2026-04-09 10:44:46 [DEBUG] httpcore.connection - close.started
2026-04-09 10:44:46 [DEBUG] httpcore.connection - close.complete
2026-04-09 10:44:46 [DEBUG] httpcore.connection - connect_tcp.started host='127.0.0.1' port=18789 local_address=None timeout=10.0 socket_options=None
2026-04-09 10:44:46 [DEBUG] httpcore.connection - connect_tcp.complete return_value=<httpcore._backends.anyio.AnyIOStream object at 0x7d9b892c3250>
2026-04-09 10:44:46 [DEBUG] httpcore.http11 - send_request_headers.started request=<Request [b'POST']>
2026-04-09 10:44:46 [DEBUG] httpcore.http11 - send_request_headers.complete
2026-04-09 10:44:46 [DEBUG] httpcore.http11 - send_request_body.started request=<Request [b'POST']>
2026-04-09 10:44:46 [DEBUG] httpcore.http11 - send_request_body.complete
2026-04-09 10:44:46 [DEBUG] httpcore.http11 - receive_response_headers.started request=<Request [b'POST']>
2026-04-09 10:44:48 [DEBUG] httpcore.http11 - receive_response_headers.complete return_value=(b'HTTP/1.1', 200, b'OK', [(b'X-Content-Type-Options', b'nosniff'), (b'Referrer-Policy', b'no-referrer'), (b'Permissions-Policy', b'camera=(), microphone=(), geolocation=()'), (b'Content-Type', b'application/json; charset=utf-8'), (b'Date', b'Thu, 09 Apr 2026 02:44:48 GMT'), (b'Connection', b'keep-alive'), (b'Keep-Alive', b'timeout=5'), (b'Content-Length', b'275')])
2026-04-09 10:44:48 [INFO] httpx - HTTP Request: POST http://127.0.0.1:18789/tools/invoke "HTTP/1.1 200 OK"
2026-04-09 10:44:48 [DEBUG] httpcore.http11 - receive_response_body.started request=<Request [b'POST']>
2026-04-09 10:44:48 [DEBUG] httpcore.http11 - receive_response_body.complete
2026-04-09 10:44:48 [DEBUG] httpcore.http11 - response_closed.started
2026-04-09 10:44:48 [DEBUG] httpcore.http11 - response_closed.complete
2026-04-09 10:44:48 [INFO] openclaw_alpha.openclaw.cron_utils - 轮询 HTTP 调用: job_id=4df3406c-63a6-4e52-ab0f-31ab2238902f, poll_count=3, poll_elapsed=2.18s
2026-04-09 10:44:48 [INFO] openclaw_alpha.openclaw.cron_utils - 轮询响应: ok=True, entries_count=0
2026-04-09 10:44:58 [DEBUG] httpcore.connection - close.started
2026-04-09 10:44:58 [DEBUG] httpcore.connection - close.complete
2026-04-09 10:44:58 [DEBUG] httpcore.connection - connect_tcp.started host='127.0.0.1' port=18789 local_address=None timeout=10.0 socket_options=None
2026-04-09 10:44:58 [DEBUG] httpcore.connection - connect_tcp.complete return_value=<httpcore._backends.anyio.AnyIOStream object at 0x7d9b892f0050>
2026-04-09 10:44:58 [DEBUG] httpcore.http11 - send_request_headers.started request=<Request [b'POST']>
2026-04-09 10:44:58 [DEBUG] httpcore.http11 - send_request_headers.complete
2026-04-09 10:44:58 [DEBUG] httpcore.http11 - send_request_body.started request=<Request [b'POST']>
2026-04-09 10:44:58 [DEBUG] httpcore.http11 - send_request_body.complete
2026-04-09 10:44:58 [DEBUG] httpcore.http11 - receive_response_headers.started request=<Request [b'POST']>
2026-04-09 10:45:00 [DEBUG] httpcore.http11 - receive_response_headers.complete return_value=(b'HTTP/1.1', 200, b'OK', [(b'X-Content-Type-Options', b'nosniff'), (b'Referrer-Policy', b'no-referrer'), (b'Permissions-Policy', b'camera=(), microphone=(), geolocation=()'), (b'Content-Type', b'application/json; charset=utf-8'), (b'Date', b'Thu, 09 Apr 2026 02:45:00 GMT'), (b'Connection', b'keep-alive'), (b'Keep-Alive', b'timeout=5'), (b'Content-Length', b'275')])
2026-04-09 10:45:00 [INFO] httpx - HTTP Request: POST http://127.0.0.1:18789/tools/invoke "HTTP/1.1 200 OK"
2026-04-09 10:45:00 [DEBUG] httpcore.http11 - receive_response_body.started request=<Request [b'POST']>
2026-04-09 10:45:00 [DEBUG] httpcore.http11 - receive_response_body.complete
2026-04-09 10:45:00 [DEBUG] httpcore.http11 - response_closed.started
2026-04-09 10:45:00 [DEBUG] httpcore.http11 - response_closed.complete
2026-04-09 10:45:00 [INFO] openclaw_alpha.openclaw.cron_utils - 轮询 HTTP 调用: job_id=4df3406c-63a6-4e52-ab0f-31ab2238902f, poll_count=4, poll_elapsed=1.93s
2026-04-09 10:45:00 [INFO] openclaw_alpha.openclaw.cron_utils - 轮询响应: ok=True, entries_count=0
2026-04-09 10:45:10 [DEBUG] httpcore.connection - close.started
2026-04-09 10:45:10 [DEBUG] httpcore.connection - close.complete
2026-04-09 10:45:10 [DEBUG] httpcore.connection - connect_tcp.started host='127.0.0.1' port=18789 local_address=None timeout=10.0 socket_options=None
2026-04-09 10:45:10 [DEBUG] httpcore.connection - connect_tcp.complete return_value=<httpcore._backends.anyio.AnyIOStream object at 0x7d9b892f09d0>
2026-04-09 10:45:10 [DEBUG] httpcore.http11 - send_request_headers.started request=<Request [b'POST']>
2026-04-09 10:45:10 [DEBUG] httpcore.http11 - send_request_headers.complete
2026-04-09 10:45:10 [DEBUG] httpcore.http11 - send_request_body.started request=<Request [b'POST']>
2026-04-09 10:45:10 [DEBUG] httpcore.http11 - send_request_body.complete
2026-04-09 10:45:10 [DEBUG] httpcore.http11 - receive_response_headers.started request=<Request [b'POST']>
2026-04-09 10:45:12 [DEBUG] httpcore.http11 - receive_response_headers.complete return_value=(b'HTTP/1.1', 200, b'OK', [(b'X-Content-Type-Options', b'nosniff'), (b'Referrer-Policy', b'no-referrer'), (b'Permissions-Policy', b'camera=(), microphone=(), geolocation=()'), (b'Content-Type', b'application/json; charset=utf-8'), (b'Date', b'Thu, 09 Apr 2026 02:45:12 GMT'), (b'Connection', b'keep-alive'), (b'Keep-Alive', b'timeout=5'), (b'Content-Length', b'275')])
2026-04-09 10:45:12 [INFO] httpx - HTTP Request: POST http://127.0.0.1:18789/tools/invoke "HTTP/1.1 200 OK"
2026-04-09 10:45:12 [DEBUG] httpcore.http11 - receive_response_body.started request=<Request [b'POST']>
2026-04-09 10:45:12 [DEBUG] httpcore.http11 - receive_response_body.complete
2026-04-09 10:45:12 [DEBUG] httpcore.http11 - response_closed.started
2026-04-09 10:45:12 [DEBUG] httpcore.http11 - response_closed.complete
2026-04-09 10:45:12 [INFO] openclaw_alpha.openclaw.cron_utils - 轮询 HTTP 调用: job_id=4df3406c-63a6-4e52-ab0f-31ab2238902f, poll_count=5, poll_elapsed=1.56s
2026-04-09 10:45:12 [INFO] openclaw_alpha.openclaw.cron_utils - 轮询响应: ok=True, entries_count=0
2026-04-09 10:45:22 [DEBUG] httpcore.connection - close.started
2026-04-09 10:45:22 [DEBUG] httpcore.connection - close.complete
2026-04-09 10:45:22 [DEBUG] httpcore.connection - connect_tcp.started host='127.0.0.1' port=18789 local_address=None timeout=10.0 socket_options=None
2026-04-09 10:45:22 [DEBUG] httpcore.connection - connect_tcp.complete return_value=<httpcore._backends.anyio.AnyIOStream object at 0x7d9b892cd5b0>
2026-04-09 10:45:22 [DEBUG] httpcore.http11 - send_request_headers.started request=<Request [b'POST']>
2026-04-09 10:45:22 [DEBUG] httpcore.http11 - send_request_headers.complete
2026-04-09 10:45:22 [DEBUG] httpcore.http11 - send_request_body.started request=<Request [b'POST']>
2026-04-09 10:45:22 [DEBUG] httpcore.http11 - send_request_body.complete
2026-04-09 10:45:22 [DEBUG] httpcore.http11 - receive_response_headers.started request=<Request [b'POST']>
2026-04-09 10:45:26 [DEBUG] httpcore.http11 - receive_response_headers.complete return_value=(b'HTTP/1.1', 200, b'OK', [(b'X-Content-Type-Options', b'nosniff'), (b'Referrer-Policy', b'no-referrer'), (b'Permissions-Policy', b'camera=(), microphone=(), geolocation=()'), (b'Content-Type', b'application/json; charset=utf-8'), (b'Date', b'Thu, 09 Apr 2026 02:45:26 GMT'), (b'Connection', b'keep-alive'), (b'Keep-Alive', b'timeout=5'), (b'Content-Length', b'275')])
2026-04-09 10:45:26 [INFO] httpx - HTTP Request: POST http://127.0.0.1:18789/tools/invoke "HTTP/1.1 200 OK"
2026-04-09 10:45:26 [DEBUG] httpcore.http11 - receive_response_body.started request=<Request [b'POST']>
2026-04-09 10:45:26 [DEBUG] httpcore.http11 - receive_response_body.complete
2026-04-09 10:45:26 [DEBUG] httpcore.http11 - response_closed.started
2026-04-09 10:45:26 [DEBUG] httpcore.http11 - response_closed.complete
2026-04-09 10:45:26 [INFO] openclaw_alpha.openclaw.cron_utils - 轮询 HTTP 调用: job_id=4df3406c-63a6-4e52-ab0f-31ab2238902f, poll_count=6, poll_elapsed=4.16s
2026-04-09 10:45:26 [INFO] openclaw_alpha.openclaw.cron_utils - 轮询响应: ok=True, entries_count=0
2026-04-09 10:45:36 [DEBUG] httpcore.connection - close.started
2026-04-09 10:45:36 [DEBUG] httpcore.connection - close.complete
2026-04-09 10:45:36 [DEBUG] httpcore.connection - connect_tcp.started host='127.0.0.1' port=18789 local_address=None timeout=10.0 socket_options=None
2026-04-09 10:45:36 [DEBUG] httpcore.connection - connect_tcp.complete return_value=<httpcore._backends.anyio.AnyIOStream object at 0x7d9b8929f460>
2026-04-09 10:45:36 [DEBUG] httpcore.http11 - send_request_headers.started request=<Request [b'POST']>
2026-04-09 10:45:36 [DEBUG] httpcore.http11 - send_request_headers.complete
2026-04-09 10:45:36 [DEBUG] httpcore.http11 - send_request_body.started request=<Request [b'POST']>
2026-04-09 10:45:36 [DEBUG] httpcore.http11 - send_request_body.complete
2026-04-09 10:45:36 [DEBUG] httpcore.http11 - receive_response_headers.started request=<Request [b'POST']>
2026-04-09 10:45:37 [DEBUG] httpcore.http11 - receive_response_headers.complete return_value=(b'HTTP/1.1', 200, b'OK', [(b'X-Content-Type-Options', b'nosniff'), (b'Referrer-Policy', b'no-referrer'), (b'Permissions-Policy', b'camera=(), microphone=(), geolocation=()'), (b'Content-Type', b'application/json; charset=utf-8'), (b'Date', b'Thu, 09 Apr 2026 02:45:37 GMT'), (b'Connection', b'keep-alive'), (b'Keep-Alive', b'timeout=5'), (b'Content-Length', b'275')])
2026-04-09 10:45:37 [INFO] httpx - HTTP Request: POST http://127.0.0.1:18789/tools/invoke "HTTP/1.1 200 OK"
2026-04-09 10:45:37 [DEBUG] httpcore.http11 - receive_response_body.started request=<Request [b'POST']>
2026-04-09 10:45:37 [DEBUG] httpcore.http11 - receive_response_body.complete
2026-04-09 10:45:37 [DEBUG] httpcore.http11 - response_closed.started
2026-04-09 10:45:37 [DEBUG] httpcore.http11 - response_closed.complete
2026-04-09 10:45:37 [INFO] openclaw_alpha.openclaw.cron_utils - 轮询 HTTP 调用: job_id=4df3406c-63a6-4e52-ab0f-31ab2238902f, poll_count=7, poll_elapsed=1.56s
2026-04-09 10:45:37 [INFO] openclaw_alpha.openclaw.cron_utils - 轮询响应: ok=True, entries_count=0
2026-04-09 10:45:47 [DEBUG] httpcore.connection - close.started
2026-04-09 10:45:47 [DEBUG] httpcore.connection - close.complete
2026-04-09 10:45:47 [DEBUG] httpcore.connection - connect_tcp.started host='127.0.0.1' port=18789 local_address=None timeout=10.0 socket_options=None
2026-04-09 10:45:47 [DEBUG] httpcore.connection - connect_tcp.complete return_value=<httpcore._backends.anyio.AnyIOStream object at 0x7d9b8929fce0>
2026-04-09 10:45:47 [DEBUG] httpcore.http11 - send_request_headers.started request=<Request [b'POST']>
2026-04-09 10:45:47 [DEBUG] httpcore.http11 - send_request_headers.complete
2026-04-09 10:45:47 [DEBUG] httpcore.http11 - send_request_body.started request=<Request [b'POST']>
2026-04-09 10:45:47 [DEBUG] httpcore.http11 - send_request_body.complete
2026-04-09 10:45:47 [DEBUG] httpcore.http11 - receive_response_headers.started request=<Request [b'POST']>
2026-04-09 10:45:49 [DEBUG] httpcore.http11 - receive_response_headers.complete return_value=(b'HTTP/1.1', 200, b'OK', [(b'X-Content-Type-Options', b'nosniff'), (b'Referrer-Policy', b'no-referrer'), (b'Permissions-Policy', b'camera=(), microphone=(), geolocation=()'), (b'Content-Type', b'application/json; charset=utf-8'), (b'Date', b'Thu, 09 Apr 2026 02:45:49 GMT'), (b'Connection', b'keep-alive'), (b'Keep-Alive', b'timeout=5'), (b'Content-Length', b'275')])
2026-04-09 10:45:49 [INFO] httpx - HTTP Request: POST http://127.0.0.1:18789/tools/invoke "HTTP/1.1 200 OK"
2026-04-09 10:45:49 [DEBUG] httpcore.http11 - receive_response_body.started request=<Request [b'POST']>
2026-04-09 10:45:49 [DEBUG] httpcore.http11 - receive_response_body.complete
2026-04-09 10:45:49 [DEBUG] httpcore.http11 - response_closed.started
2026-04-09 10:45:49 [DEBUG] httpcore.http11 - response_closed.complete
2026-04-09 10:45:49 [INFO] openclaw_alpha.openclaw.cron_utils - 轮询 HTTP 调用: job_id=4df3406c-63a6-4e52-ab0f-31ab2238902f, poll_count=8, poll_elapsed=1.53s
2026-04-09 10:45:49 [INFO] openclaw_alpha.openclaw.cron_utils - 轮询响应: ok=True, entries_count=0
2026-04-09 10:45:59 [DEBUG] httpcore.connection - close.started
2026-04-09 10:45:59 [DEBUG] httpcore.connection - close.complete
2026-04-09 10:45:59 [DEBUG] httpcore.connection - connect_tcp.started host='127.0.0.1' port=18789 local_address=None timeout=10.0 socket_options=None
2026-04-09 10:45:59 [DEBUG] httpcore.connection - connect_tcp.complete return_value=<httpcore._backends.anyio.AnyIOStream object at 0x7d9b892ab950>
2026-04-09 10:45:59 [DEBUG] httpcore.http11 - send_request_headers.started request=<Request [b'POST']>
2026-04-09 10:45:59 [DEBUG] httpcore.http11 - send_request_headers.complete
2026-04-09 10:45:59 [DEBUG] httpcore.http11 - send_request_body.started request=<Request [b'POST']>
2026-04-09 10:45:59 [DEBUG] httpcore.http11 - send_request_body.complete
2026-04-09 10:45:59 [DEBUG] httpcore.http11 - receive_response_headers.started request=<Request [b'POST']>
2026-04-09 10:46:01 [DEBUG] httpcore.http11 - receive_response_headers.complete return_value=(b'HTTP/1.1', 200, b'OK', [(b'X-Content-Type-Options', b'nosniff'), (b'Referrer-Policy', b'no-referrer'), (b'Permissions-Policy', b'camera=(), microphone=(), geolocation=()'), (b'Content-Type', b'application/json; charset=utf-8'), (b'Date', b'Thu, 09 Apr 2026 02:46:01 GMT'), (b'Connection', b'keep-alive'), (b'Keep-Alive', b'timeout=5'), (b'Content-Length', b'275')])
2026-04-09 10:46:01 [INFO] httpx - HTTP Request: POST http://127.0.0.1:18789/tools/invoke "HTTP/1.1 200 OK"
2026-04-09 10:46:01 [DEBUG] httpcore.http11 - receive_response_body.started request=<Request [b'POST']>
2026-04-09 10:46:01 [DEBUG] httpcore.http11 - receive_response_body.complete
2026-04-09 10:46:01 [DEBUG] httpcore.http11 - response_closed.started
2026-04-09 10:46:01 [DEBUG] httpcore.http11 - response_closed.complete
2026-04-09 10:46:01 [INFO] openclaw_alpha.openclaw.cron_utils - 轮询 HTTP 调用: job_id=4df3406c-63a6-4e52-ab0f-31ab2238902f, poll_count=9, poll_elapsed=1.62s
2026-04-09 10:46:01 [INFO] openclaw_alpha.openclaw.cron_utils - 轮询响应: ok=True, entries_count=0
2026-04-09 10:46:11 [DEBUG] httpcore.connection - close.started
2026-04-09 10:46:11 [DEBUG] httpcore.connection - close.complete
2026-04-09 10:46:11 [DEBUG] httpcore.connection - connect_tcp.started host='127.0.0.1' port=18789 local_address=None timeout=10.0 socket_options=None
2026-04-09 10:46:11 [DEBUG] httpcore.connection - connect_tcp.complete return_value=<httpcore._backends.anyio.AnyIOStream object at 0x7d9b892aba50>
2026-04-09 10:46:11 [DEBUG] httpcore.http11 - send_request_headers.started request=<Request [b'POST']>
2026-04-09 10:46:11 [DEBUG] httpcore.http11 - send_request_headers.complete
2026-04-09 10:46:11 [DEBUG] httpcore.http11 - send_request_body.started request=<Request [b'POST']>
2026-04-09 10:46:11 [DEBUG] httpcore.http11 - send_request_body.complete
2026-04-09 10:46:11 [DEBUG] httpcore.http11 - receive_response_headers.started request=<Request [b'POST']>
2026-04-09 10:46:15 [DEBUG] httpcore.http11 - receive_response_headers.complete return_value=(b'HTTP/1.1', 200, b'OK', [(b'X-Content-Type-Options', b'nosniff'), (b'Referrer-Policy', b'no-referrer'), (b'Permissions-Policy', b'camera=(), microphone=(), geolocation=()'), (b'Content-Type', b'application/json; charset=utf-8'), (b'Date', b'Thu, 09 Apr 2026 02:46:15 GMT'), (b'Connection', b'keep-alive'), (b'Keep-Alive', b'timeout=5'), (b'Content-Length', b'275')])
2026-04-09 10:46:15 [INFO] httpx - HTTP Request: POST http://127.0.0.1:18789/tools/invoke "HTTP/1.1 200 OK"
2026-04-09 10:46:15 [DEBUG] httpcore.http11 - receive_response_body.started request=<Request [b'POST']>
2026-04-09 10:46:15 [DEBUG] httpcore.http11 - receive_response_body.complete
2026-04-09 10:46:15 [DEBUG] httpcore.http11 - response_closed.started
2026-04-09 10:46:15 [DEBUG] httpcore.http11 - response_closed.complete
2026-04-09 10:46:15 [INFO] openclaw_alpha.openclaw.cron_utils - 轮询 HTTP 调用: job_id=4df3406c-63a6-4e52-ab0f-31ab2238902f, poll_count=10, poll_elapsed=4.43s
2026-04-09 10:46:15 [INFO] openclaw_alpha.openclaw.cron_utils - 轮询响应: ok=True, entries_count=0
2026-04-09 10:46:25 [DEBUG] httpcore.connection - close.started
2026-04-09 10:46:25 [DEBUG] httpcore.connection - close.complete
2026-04-09 10:46:25 [DEBUG] httpcore.connection - connect_tcp.started host='127.0.0.1' port=18789 local_address=None timeout=10.0 socket_options=None
2026-04-09 10:46:25 [DEBUG] httpcore.connection - connect_tcp.complete return_value=<httpcore._backends.anyio.AnyIOStream object at 0x7d9b892fb890>
2026-04-09 10:46:25 [DEBUG] httpcore.http11 - send_request_headers.started request=<Request [b'POST']>
2026-04-09 10:46:25 [DEBUG] httpcore.http11 - send_request_headers.complete
2026-04-09 10:46:25 [DEBUG] httpcore.http11 - send_request_body.started request=<Request [b'POST']>
2026-04-09 10:46:25 [DEBUG] httpcore.http11 - send_request_body.complete
2026-04-09 10:46:25 [DEBUG] httpcore.http11 - receive_response_headers.started request=<Request [b'POST']>
2026-04-09 10:46:27 [DEBUG] httpcore.http11 - receive_response_headers.complete return_value=(b'HTTP/1.1', 200, b'OK', [(b'X-Content-Type-Options', b'nosniff'), (b'Referrer-Policy', b'no-referrer'), (b'Permissions-Policy', b'camera=(), microphone=(), geolocation=()'), (b'Content-Type', b'application/json; charset=utf-8'), (b'Date', b'Thu, 09 Apr 2026 02:46:27 GMT'), (b'Connection', b'keep-alive'), (b'Keep-Alive', b'timeout=5'), (b'Content-Length', b'275')])
2026-04-09 10:46:27 [INFO] httpx - HTTP Request: POST http://127.0.0.1:18789/tools/invoke "HTTP/1.1 200 OK"
2026-04-09 10:46:27 [DEBUG] httpcore.http11 - receive_response_body.started request=<Request [b'POST']>
2026-04-09 10:46:27 [DEBUG] httpcore.http11 - receive_response_body.complete
2026-04-09 10:46:27 [DEBUG] httpcore.http11 - response_closed.started
2026-04-09 10:46:27 [DEBUG] httpcore.http11 - response_closed.complete
2026-04-09 10:46:27 [INFO] openclaw_alpha.openclaw.cron_utils - 轮询 HTTP 调用: job_id=4df3406c-63a6-4e52-ab0f-31ab2238902f, poll_count=11, poll_elapsed=2.16s
2026-04-09 10:46:27 [INFO] openclaw_alpha.openclaw.cron_utils - 轮询响应: ok=True, entries_count=0
2026-04-09 10:46:37 [DEBUG] httpcore.connection - close.started
2026-04-09 10:46:37 [DEBUG] httpcore.connection - close.complete
2026-04-09 10:46:37 [DEBUG] httpcore.connection - connect_tcp.started host='127.0.0.1' port=18789 local_address=None timeout=10.0 socket_options=None
2026-04-09 10:46:37 [DEBUG] httpcore.connection - connect_tcp.complete return_value=<httpcore._backends.anyio.AnyIOStream object at 0x7d9b893106e0>
2026-04-09 10:46:37 [DEBUG] httpcore.http11 - send_request_headers.started request=<Request [b'POST']>
2026-04-09 10:46:37 [DEBUG] httpcore.http11 - send_request_headers.complete
2026-04-09 10:46:37 [DEBUG] httpcore.http11 - send_request_body.started request=<Request [b'POST']>
2026-04-09 10:46:37 [DEBUG] httpcore.http11 - send_request_body.complete
2026-04-09 10:46:37 [DEBUG] httpcore.http11 - receive_response_headers.started request=<Request [b'POST']>
2026-04-09 10:46:39 [DEBUG] httpcore.http11 - receive_response_headers.complete return_value=(b'HTTP/1.1', 200, b'OK', [(b'X-Content-Type-Options', b'nosniff'), (b'Referrer-Policy', b'no-referrer'), (b'Permissions-Policy', b'camera=(), microphone=(), geolocation=()'), (b'Content-Type', b'application/json; charset=utf-8'), (b'Date', b'Thu, 09 Apr 2026 02:46:39 GMT'), (b'Connection', b'keep-alive'), (b'Keep-Alive', b'timeout=5'), (b'Content-Length', b'275')])
2026-04-09 10:46:39 [INFO] httpx - HTTP Request: POST http://127.0.0.1:18789/tools/invoke "HTTP/1.1 200 OK"
2026-04-09 10:46:39 [DEBUG] httpcore.http11 - receive_response_body.started request=<Request [b'POST']>
2026-04-09 10:46:39 [DEBUG] httpcore.http11 - receive_response_body.complete
2026-04-09 10:46:39 [DEBUG] httpcore.http11 - response_closed.started
2026-04-09 10:46:39 [DEBUG] httpcore.http11 - response_closed.complete
2026-04-09 10:46:39 [INFO] openclaw_alpha.openclaw.cron_utils - 轮询 HTTP 调用: job_id=4df3406c-63a6-4e52-ab0f-31ab2238902f, poll_count=12, poll_elapsed=1.83s
2026-04-09 10:46:39 [INFO] openclaw_alpha.openclaw.cron_utils - 轮询响应: ok=True, entries_count=0
2026-04-09 10:46:49 [DEBUG] httpcore.connection - close.started
2026-04-09 10:46:49 [DEBUG] httpcore.connection - close.complete
2026-04-09 10:46:49 [DEBUG] httpcore.connection - connect_tcp.started host='127.0.0.1' port=18789 local_address=None timeout=10.0 socket_options=None
2026-04-09 10:46:49 [DEBUG] httpcore.connection - connect_tcp.complete return_value=<httpcore._backends.anyio.AnyIOStream object at 0x7d9b892c7770>
2026-04-09 10:46:49 [DEBUG] httpcore.http11 - send_request_headers.started request=<Request [b'POST']>
2026-04-09 10:46:49 [DEBUG] httpcore.http11 - send_request_headers.complete
2026-04-09 10:46:49 [DEBUG] httpcore.http11 - send_request_body.started request=<Request [b'POST']>
2026-04-09 10:46:49 [DEBUG] httpcore.http11 - send_request_body.complete
2026-04-09 10:46:49 [DEBUG] httpcore.http11 - receive_response_headers.started request=<Request [b'POST']>
2026-04-09 10:46:51 [DEBUG] httpcore.http11 - receive_response_headers.complete return_value=(b'HTTP/1.1', 200, b'OK', [(b'X-Content-Type-Options', b'nosniff'), (b'Referrer-Policy', b'no-referrer'), (b'Permissions-Policy', b'camera=(), microphone=(), geolocation=()'), (b'Content-Type', b'application/json; charset=utf-8'), (b'Date', b'Thu, 09 Apr 2026 02:46:51 GMT'), (b'Connection', b'keep-alive'), (b'Keep-Alive', b'timeout=5'), (b'Content-Length', b'275')])
2026-04-09 10:46:51 [INFO] httpx - HTTP Request: POST http://127.0.0.1:18789/tools/invoke "HTTP/1.1 200 OK"
2026-04-09 10:46:51 [DEBUG] httpcore.http11 - receive_response_body.started request=<Request [b'POST']>
2026-04-09 10:46:51 [DEBUG] httpcore.http11 - receive_response_body.complete
2026-04-09 10:46:51 [DEBUG] httpcore.http11 - response_closed.started
2026-04-09 10:46:51 [DEBUG] httpcore.http11 - response_closed.complete
2026-04-09 10:46:51 [INFO] openclaw_alpha.openclaw.cron_utils - 轮询 HTTP 调用: job_id=4df3406c-63a6-4e52-ab0f-31ab2238902f, poll_count=13, poll_elapsed=1.57s
2026-04-09 10:46:51 [INFO] openclaw_alpha.openclaw.cron_utils - 轮询响应: ok=True, entries_count=0
2026-04-09 10:47:01 [DEBUG] httpcore.connection - close.started
2026-04-09 10:47:01 [DEBUG] httpcore.connection - close.complete
2026-04-09 10:47:01 [DEBUG] httpcore.connection - connect_tcp.started host='127.0.0.1' port=18789 local_address=None timeout=10.0 socket_options=None
2026-04-09 10:47:01 [DEBUG] httpcore.connection - connect_tcp.complete return_value=<httpcore._backends.anyio.AnyIOStream object at 0x7d9b89318130>
2026-04-09 10:47:01 [DEBUG] httpcore.http11 - send_request_headers.started request=<Request [b'POST']>
2026-04-09 10:47:01 [DEBUG] httpcore.http11 - send_request_headers.complete
2026-04-09 10:47:01 [DEBUG] httpcore.http11 - send_request_body.started request=<Request [b'POST']>
2026-04-09 10:47:01 [DEBUG] httpcore.http11 - send_request_body.complete
2026-04-09 10:47:01 [DEBUG] httpcore.http11 - receive_response_headers.started request=<Request [b'POST']>
2026-04-09 10:47:05 [DEBUG] httpcore.http11 - receive_response_headers.complete return_value=(b'HTTP/1.1', 200, b'OK', [(b'X-Content-Type-Options', b'nosniff'), (b'Referrer-Policy', b'no-referrer'), (b'Permissions-Policy', b'camera=(), microphone=(), geolocation=()'), (b'Content-Type', b'application/json; charset=utf-8'), (b'Date', b'Thu, 09 Apr 2026 02:47:05 GMT'), (b'Connection', b'keep-alive'), (b'Keep-Alive', b'timeout=5'), (b'Content-Length', b'275')])
2026-04-09 10:47:05 [INFO] httpx - HTTP Request: POST http://127.0.0.1:18789/tools/invoke "HTTP/1.1 200 OK"
2026-04-09 10:47:05 [DEBUG] httpcore.http11 - receive_response_body.started request=<Request [b'POST']>
2026-04-09 10:47:05 [DEBUG] httpcore.http11 - receive_response_body.complete
2026-04-09 10:47:05 [DEBUG] httpcore.http11 - response_closed.started
2026-04-09 10:47:05 [DEBUG] httpcore.http11 - response_closed.complete
2026-04-09 10:47:05 [INFO] openclaw_alpha.openclaw.cron_utils - 轮询 HTTP 调用: job_id=4df3406c-63a6-4e52-ab0f-31ab2238902f, poll_count=14, poll_elapsed=4.35s
2026-04-09 10:47:05 [INFO] openclaw_alpha.openclaw.cron_utils - 轮询响应: ok=True, entries_count=0
2026-04-09 10:47:15 [DEBUG] httpcore.connection - close.started
2026-04-09 10:47:15 [DEBUG] httpcore.connection - close.complete
2026-04-09 10:47:15 [DEBUG] httpcore.connection - connect_tcp.started host='127.0.0.1' port=18789 local_address=None timeout=10.0 socket_options=None
2026-04-09 10:47:15 [DEBUG] httpcore.connection - connect_tcp.complete return_value=<httpcore._backends.anyio.AnyIOStream object at 0x7d9b892b4d50>
2026-04-09 10:47:15 [DEBUG] httpcore.http11 - send_request_headers.started request=<Request [b'POST']>
2026-04-09 10:47:15 [DEBUG] httpcore.http11 - send_request_headers.complete
2026-04-09 10:47:15 [DEBUG] httpcore.http11 - send_request_body.started request=<Request [b'POST']>
2026-04-09 10:47:15 [DEBUG] httpcore.http11 - send_request_body.complete
2026-04-09 10:47:15 [DEBUG] httpcore.http11 - receive_response_headers.started request=<Request [b'POST']>
2026-04-09 10:47:16 [DEBUG] httpcore.http11 - receive_response_headers.complete return_value=(b'HTTP/1.1', 200, b'OK', [(b'X-Content-Type-Options', b'nosniff'), (b'Referrer-Policy', b'no-referrer'), (b'Permissions-Policy', b'camera=(), microphone=(), geolocation=()'), (b'Content-Type', b'application/json; charset=utf-8'), (b'Date', b'Thu, 09 Apr 2026 02:47:16 GMT'), (b'Connection', b'keep-alive'), (b'Keep-Alive', b'timeout=5'), (b'Content-Length', b'275')])
2026-04-09 10:47:16 [INFO] httpx - HTTP Request: POST http://127.0.0.1:18789/tools/invoke "HTTP/1.1 200 OK"
2026-04-09 10:47:16 [DEBUG] httpcore.http11 - receive_response_body.started request=<Request [b'POST']>
2026-04-09 10:47:16 [DEBUG] httpcore.http11 - receive_response_body.complete
2026-04-09 10:47:16 [DEBUG] httpcore.http11 - response_closed.started
2026-04-09 10:47:16 [DEBUG] httpcore.http11 - response_closed.complete
2026-04-09 10:47:16 [INFO] openclaw_alpha.openclaw.cron_utils - 轮询 HTTP 调用: job_id=4df3406c-63a6-4e52-ab0f-31ab2238902f, poll_count=15, poll_elapsed=1.53s
2026-04-09 10:47:16 [INFO] openclaw_alpha.openclaw.cron_utils - 轮询响应: ok=True, entries_count=0
2026-04-09 10:47:26 [DEBUG] httpcore.connection - close.started
2026-04-09 10:47:26 [DEBUG] httpcore.connection - close.complete
2026-04-09 10:47:26 [DEBUG] httpcore.connection - connect_tcp.started host='127.0.0.1' port=18789 local_address=None timeout=10.0 socket_options=None
2026-04-09 10:47:26 [DEBUG] httpcore.connection - connect_tcp.complete return_value=<httpcore._backends.anyio.AnyIOStream object at 0x7d9b8931cd10>
2026-04-09 10:47:26 [DEBUG] httpcore.http11 - send_request_headers.started request=<Request [b'POST']>
2026-04-09 10:47:26 [DEBUG] httpcore.http11 - send_request_headers.complete
2026-04-09 10:47:26 [DEBUG] httpcore.http11 - send_request_body.started request=<Request [b'POST']>
2026-04-09 10:47:26 [DEBUG] httpcore.http11 - send_request_body.complete
2026-04-09 10:47:26 [DEBUG] httpcore.http11 - receive_response_headers.started request=<Request [b'POST']>
2026-04-09 10:47:29 [DEBUG] httpcore.http11 - receive_response_headers.complete return_value=(b'HTTP/1.1', 200, b'OK', [(b'X-Content-Type-Options', b'nosniff'), (b'Referrer-Policy', b'no-referrer'), (b'Permissions-Policy', b'camera=(), microphone=(), geolocation=()'), (b'Content-Type', b'application/json; charset=utf-8'), (b'Date', b'Thu, 09 Apr 2026 02:47:29 GMT'), (b'Connection', b'keep-alive'), (b'Keep-Alive', b'timeout=5'), (b'Content-Length', b'275')])
2026-04-09 10:47:29 [INFO] httpx - HTTP Request: POST http://127.0.0.1:18789/tools/invoke "HTTP/1.1 200 OK"
2026-04-09 10:47:29 [DEBUG] httpcore.http11 - receive_response_body.started request=<Request [b'POST']>
2026-04-09 10:47:29 [DEBUG] httpcore.http11 - receive_response_body.complete
2026-04-09 10:47:29 [DEBUG] httpcore.http11 - response_closed.started
2026-04-09 10:47:29 [DEBUG] httpcore.http11 - response_closed.complete
2026-04-09 10:47:29 [INFO] openclaw_alpha.openclaw.cron_utils - 轮询 HTTP 调用: job_id=4df3406c-63a6-4e52-ab0f-31ab2238902f, poll_count=16, poll_elapsed=2.23s
2026-04-09 10:47:29 [INFO] openclaw_alpha.openclaw.cron_utils - 轮询响应: ok=True, entries_count=0
2026-04-09 10:47:39 [DEBUG] httpcore.connection - close.started
2026-04-09 10:47:39 [DEBUG] httpcore.connection - close.complete
2026-04-09 10:47:39 [DEBUG] httpcore.connection - connect_tcp.started host='127.0.0.1' port=18789 local_address=None timeout=10.0 socket_options=None
2026-04-09 10:47:39 [DEBUG] httpcore.connection - connect_tcp.complete return_value=<httpcore._backends.anyio.AnyIOStream object at 0x7d9b8931d3d0>
2026-04-09 10:47:39 [DEBUG] httpcore.http11 - send_request_headers.started request=<Request [b'POST']>
2026-04-09 10:47:39 [DEBUG] httpcore.http11 - send_request_headers.complete
2026-04-09 10:47:39 [DEBUG] httpcore.http11 - send_request_body.started request=<Request [b'POST']>
2026-04-09 10:47:39 [DEBUG] httpcore.http11 - send_request_body.complete
2026-04-09 10:47:39 [DEBUG] httpcore.http11 - receive_response_headers.started request=<Request [b'POST']>
2026-04-09 10:47:40 [DEBUG] httpcore.http11 - receive_response_headers.complete return_value=(b'HTTP/1.1', 200, b'OK', [(b'X-Content-Type-Options', b'nosniff'), (b'Referrer-Policy', b'no-referrer'), (b'Permissions-Policy', b'camera=(), microphone=(), geolocation=()'), (b'Content-Type', b'application/json; charset=utf-8'), (b'Date', b'Thu, 09 Apr 2026 02:47:40 GMT'), (b'Connection', b'keep-alive'), (b'Keep-Alive', b'timeout=5'), (b'Content-Length', b'275')])
2026-04-09 10:47:40 [INFO] httpx - HTTP Request: POST http://127.0.0.1:18789/tools/invoke "HTTP/1.1 200 OK"
2026-04-09 10:47:40 [DEBUG] httpcore.http11 - receive_response_body.started request=<Request [b'POST']>
2026-04-09 10:47:40 [DEBUG] httpcore.http11 - receive_response_body.complete
2026-04-09 10:47:40 [DEBUG] httpcore.http11 - response_closed.started
2026-04-09 10:47:40 [DEBUG] httpcore.http11 - response_closed.complete
2026-04-09 10:47:40 [INFO] openclaw_alpha.openclaw.cron_utils - 轮询 HTTP 调用: job_id=4df3406c-63a6-4e52-ab0f-31ab2238902f, poll_count=17, poll_elapsed=1.57s
2026-04-09 10:47:40 [INFO] openclaw_alpha.openclaw.cron_utils - 轮询响应: ok=True, entries_count=0
2026-04-09 10:47:50 [DEBUG] httpcore.connection - close.started
2026-04-09 10:47:50 [DEBUG] httpcore.connection - close.complete
2026-04-09 10:47:50 [DEBUG] httpcore.connection - connect_tcp.started host='127.0.0.1' port=18789 local_address=None timeout=10.0 socket_options=None
2026-04-09 10:47:50 [DEBUG] httpcore.connection - connect_tcp.complete return_value=<httpcore._backends.anyio.AnyIOStream object at 0x7d9b892b85d0>
2026-04-09 10:47:50 [DEBUG] httpcore.http11 - send_request_headers.started request=<Request [b'POST']>
2026-04-09 10:47:50 [DEBUG] httpcore.http11 - send_request_headers.complete
2026-04-09 10:47:50 [DEBUG] httpcore.http11 - send_request_body.started request=<Request [b'POST']>
2026-04-09 10:47:50 [DEBUG] httpcore.http11 - send_request_body.complete
2026-04-09 10:47:50 [DEBUG] httpcore.http11 - receive_response_headers.started request=<Request [b'POST']>
2026-04-09 10:47:55 [DEBUG] httpcore.http11 - receive_response_headers.complete return_value=(b'HTTP/1.1', 200, b'OK', [(b'X-Content-Type-Options', b'nosniff'), (b'Referrer-Policy', b'no-referrer'), (b'Permissions-Policy', b'camera=(), microphone=(), geolocation=()'), (b'Content-Type', b'application/json; charset=utf-8'), (b'Date', b'Thu, 09 Apr 2026 02:47:55 GMT'), (b'Connection', b'keep-alive'), (b'Keep-Alive', b'timeout=5'), (b'Content-Length', b'275')])
2026-04-09 10:47:55 [INFO] httpx - HTTP Request: POST http://127.0.0.1:18789/tools/invoke "HTTP/1.1 200 OK"
2026-04-09 10:47:55 [DEBUG] httpcore.http11 - receive_response_body.started request=<Request [b'POST']>
2026-04-09 10:47:55 [DEBUG] httpcore.http11 - receive_response_body.complete
2026-04-09 10:47:55 [DEBUG] httpcore.http11 - response_closed.started
2026-04-09 10:47:55 [DEBUG] httpcore.http11 - response_closed.complete
2026-04-09 10:47:55 [INFO] openclaw_alpha.openclaw.cron_utils - 轮询 HTTP 调用: job_id=4df3406c-63a6-4e52-ab0f-31ab2238902f, poll_count=18, poll_elapsed=4.30s
2026-04-09 10:47:55 [INFO] openclaw_alpha.openclaw.cron_utils - 轮询响应: ok=True, entries_count=0
2026-04-09 10:48:05 [DEBUG] httpcore.connection - close.started
2026-04-09 10:48:05 [DEBUG] httpcore.connection - close.complete
2026-04-09 10:48:05 [DEBUG] httpcore.connection - connect_tcp.started host='127.0.0.1' port=18789 local_address=None timeout=10.0 socket_options=None
2026-04-09 10:48:05 [DEBUG] httpcore.connection - connect_tcp.complete return_value=<httpcore._backends.anyio.AnyIOStream object at 0x7d9b892b8e10>
2026-04-09 10:48:05 [DEBUG] httpcore.http11 - send_request_headers.started request=<Request [b'POST']>
2026-04-09 10:48:05 [DEBUG] httpcore.http11 - send_request_headers.complete
2026-04-09 10:48:05 [DEBUG] httpcore.http11 - send_request_body.started request=<Request [b'POST']>
2026-04-09 10:48:05 [DEBUG] httpcore.http11 - send_request_body.complete
2026-04-09 10:48:05 [DEBUG] httpcore.http11 - receive_response_headers.started request=<Request [b'POST']>
2026-04-09 10:48:06 [DEBUG] httpcore.http11 - receive_response_headers.complete return_value=(b'HTTP/1.1', 200, b'OK', [(b'X-Content-Type-Options', b'nosniff'), (b'Referrer-Policy', b'no-referrer'), (b'Permissions-Policy', b'camera=(), microphone=(), geolocation=()'), (b'Content-Type', b'application/json; charset=utf-8'), (b'Date', b'Thu, 09 Apr 2026 02:48:06 GMT'), (b'Connection', b'keep-alive'), (b'Keep-Alive', b'timeout=5'), (b'Content-Length', b'275')])
2026-04-09 10:48:06 [INFO] httpx - HTTP Request: POST http://127.0.0.1:18789/tools/invoke "HTTP/1.1 200 OK"
2026-04-09 10:48:06 [DEBUG] httpcore.http11 - receive_response_body.started request=<Request [b'POST']>
2026-04-09 10:48:06 [DEBUG] httpcore.http11 - receive_response_body.complete
2026-04-09 10:48:06 [DEBUG] httpcore.http11 - response_closed.started
2026-04-09 10:48:06 [DEBUG] httpcore.http11 - response_closed.complete
2026-04-09 10:48:06 [INFO] openclaw_alpha.openclaw.cron_utils - 轮询 HTTP 调用: job_id=4df3406c-63a6-4e52-ab0f-31ab2238902f, poll_count=19, poll_elapsed=1.59s
2026-04-09 10:48:06 [INFO] openclaw_alpha.openclaw.cron_utils - 轮询响应: ok=True, entries_count=0
2026-04-09 10:48:16 [DEBUG] httpcore.connection - close.started
2026-04-09 10:48:16 [DEBUG] httpcore.connection - close.complete
2026-04-09 10:48:16 [DEBUG] httpcore.connection - connect_tcp.started host='127.0.0.1' port=18789 local_address=None timeout=10.0 socket_options=None
2026-04-09 10:48:16 [DEBUG] httpcore.connection - connect_tcp.complete return_value=<httpcore._backends.anyio.AnyIOStream object at 0x7d9b892e79d0>
2026-04-09 10:48:16 [DEBUG] httpcore.http11 - send_request_headers.started request=<Request [b'POST']>
2026-04-09 10:48:16 [DEBUG] httpcore.http11 - send_request_headers.complete
2026-04-09 10:48:16 [DEBUG] httpcore.http11 - send_request_body.started request=<Request [b'POST']>
2026-04-09 10:48:16 [DEBUG] httpcore.http11 - send_request_body.complete
2026-04-09 10:48:16 [DEBUG] httpcore.http11 - receive_response_headers.started request=<Request [b'POST']>
2026-04-09 10:48:18 [DEBUG] httpcore.http11 - receive_response_headers.complete return_value=(b'HTTP/1.1', 200, b'OK', [(b'X-Content-Type-Options', b'nosniff'), (b'Referrer-Policy', b'no-referrer'), (b'Permissions-Policy', b'camera=(), microphone=(), geolocation=()'), (b'Content-Type', b'application/json; charset=utf-8'), (b'Date', b'Thu, 09 Apr 2026 02:48:18 GMT'), (b'Connection', b'keep-alive'), (b'Keep-Alive', b'timeout=5'), (b'Content-Length', b'275')])
2026-04-09 10:48:18 [INFO] httpx - HTTP Request: POST http://127.0.0.1:18789/tools/invoke "HTTP/1.1 200 OK"
2026-04-09 10:48:18 [DEBUG] httpcore.http11 - receive_response_body.started request=<Request [b'POST']>
2026-04-09 10:48:18 [DEBUG] httpcore.http11 - receive_response_body.complete
2026-04-09 10:48:18 [DEBUG] httpcore.http11 - response_closed.started
2026-04-09 10:48:18 [DEBUG] httpcore.http11 - response_closed.complete
2026-04-09 10:48:18 [INFO] openclaw_alpha.openclaw.cron_utils - 轮询 HTTP 调用: job_id=4df3406c-63a6-4e52-ab0f-31ab2238902f, poll_count=20, poll_elapsed=1.54s
2026-04-09 10:48:18 [INFO] openclaw_alpha.openclaw.cron_utils - 轮询响应: ok=True, entries_count=0
2026-04-09 10:48:28 [DEBUG] httpcore.connection - close.started
2026-04-09 10:48:28 [DEBUG] httpcore.connection - close.complete
2026-04-09 10:48:28 [DEBUG] httpcore.connection - connect_tcp.started host='127.0.0.1' port=18789 local_address=None timeout=10.0 socket_options=None
2026-04-09 10:48:28 [DEBUG] httpcore.connection - connect_tcp.complete return_value=<httpcore._backends.anyio.AnyIOStream object at 0x7d9b892e7c50>
2026-04-09 10:48:28 [DEBUG] httpcore.http11 - send_request_headers.started request=<Request [b'POST']>
2026-04-09 10:48:28 [DEBUG] httpcore.http11 - send_request_headers.complete
2026-04-09 10:48:28 [DEBUG] httpcore.http11 - send_request_body.started request=<Request [b'POST']>
2026-04-09 10:48:28 [DEBUG] httpcore.http11 - send_request_body.complete
2026-04-09 10:48:28 [DEBUG] httpcore.http11 - receive_response_headers.started request=<Request [b'POST']>
2026-04-09 10:48:29 [DEBUG] httpcore.http11 - receive_response_headers.complete return_value=(b'HTTP/1.1', 200, b'OK', [(b'X-Content-Type-Options', b'nosniff'), (b'Referrer-Policy', b'no-referrer'), (b'Permissions-Policy', b'camera=(), microphone=(), geolocation=()'), (b'Content-Type', b'application/json; charset=utf-8'), (b'Date', b'Thu, 09 Apr 2026 02:48:29 GMT'), (b'Connection', b'keep-alive'), (b'Keep-Alive', b'timeout=5'), (b'Content-Length', b'275')])
2026-04-09 10:48:29 [INFO] httpx - HTTP Request: POST http://127.0.0.1:18789/tools/invoke "HTTP/1.1 200 OK"
2026-04-09 10:48:29 [DEBUG] httpcore.http11 - receive_response_body.started request=<Request [b'POST']>
2026-04-09 10:48:29 [DEBUG] httpcore.http11 - receive_response_body.complete
2026-04-09 10:48:29 [DEBUG] httpcore.http11 - response_closed.started
2026-04-09 10:48:29 [DEBUG] httpcore.http11 - response_closed.complete
2026-04-09 10:48:29 [INFO] openclaw_alpha.openclaw.cron_utils - 轮询 HTTP 调用: job_id=4df3406c-63a6-4e52-ab0f-31ab2238902f, poll_count=21, poll_elapsed=1.61s
2026-04-09 10:48:29 [INFO] openclaw_alpha.openclaw.cron_utils - 轮询响应: ok=True, entries_count=0
2026-04-09 10:48:39 [DEBUG] httpcore.connection - close.started
2026-04-09 10:48:39 [DEBUG] httpcore.connection - close.complete
2026-04-09 10:48:39 [DEBUG] httpcore.connection - connect_tcp.started host='127.0.0.1' port=18789 local_address=None timeout=10.0 socket_options=None
2026-04-09 10:48:39 [DEBUG] httpcore.connection - connect_tcp.complete return_value=<httpcore._backends.anyio.AnyIOStream object at 0x7d9b89c530b0>
2026-04-09 10:48:39 [DEBUG] httpcore.http11 - send_request_headers.started request=<Request [b'POST']>
2026-04-09 10:48:39 [DEBUG] httpcore.http11 - send_request_headers.complete
2026-04-09 10:48:39 [DEBUG] httpcore.http11 - send_request_body.started request=<Request [b'POST']>
2026-04-09 10:48:39 [DEBUG] httpcore.http11 - send_request_body.complete
2026-04-09 10:48:39 [DEBUG] httpcore.http11 - receive_response_headers.started request=<Request [b'POST']>
2026-04-09 10:48:44 [DEBUG] httpcore.http11 - receive_response_headers.complete return_value=(b'HTTP/1.1', 200, b'OK', [(b'X-Content-Type-Options', b'nosniff'), (b'Referrer-Policy', b'no-referrer'), (b'Permissions-Policy', b'camera=(), microphone=(), geolocation=()'), (b'Content-Type', b'application/json; charset=utf-8'), (b'Date', b'Thu, 09 Apr 2026 02:48:44 GMT'), (b'Connection', b'keep-alive'), (b'Keep-Alive', b'timeout=5'), (b'Content-Length', b'275')])
2026-04-09 10:48:44 [INFO] httpx - HTTP Request: POST http://127.0.0.1:18789/tools/invoke "HTTP/1.1 200 OK"
2026-04-09 10:48:44 [DEBUG] httpcore.http11 - receive_response_body.started request=<Request [b'POST']>
2026-04-09 10:48:44 [DEBUG] httpcore.http11 - receive_response_body.complete
2026-04-09 10:48:44 [DEBUG] httpcore.http11 - response_closed.started
2026-04-09 10:48:44 [DEBUG] httpcore.http11 - response_closed.complete
2026-04-09 10:48:44 [INFO] openclaw_alpha.openclaw.cron_utils - 轮询 HTTP 调用: job_id=4df3406c-63a6-4e52-ab0f-31ab2238902f, poll_count=22, poll_elapsed=4.70s
2026-04-09 10:48:44 [INFO] openclaw_alpha.openclaw.cron_utils - 轮询响应: ok=True, entries_count=0
2026-04-09 10:48:54 [DEBUG] httpcore.connection - close.started
2026-04-09 10:48:54 [DEBUG] httpcore.connection - close.complete
2026-04-09 10:48:54 [DEBUG] httpcore.connection - connect_tcp.started host='127.0.0.1' port=18789 local_address=None timeout=10.0 socket_options=None
2026-04-09 10:48:54 [DEBUG] httpcore.connection - connect_tcp.complete return_value=<httpcore._backends.anyio.AnyIOStream object at 0x7d9b892efe50>
2026-04-09 10:48:54 [DEBUG] httpcore.http11 - send_request_headers.started request=<Request [b'POST']>
2026-04-09 10:48:54 [DEBUG] httpcore.http11 - send_request_headers.complete
2026-04-09 10:48:54 [DEBUG] httpcore.http11 - send_request_body.started request=<Request [b'POST']>
2026-04-09 10:48:54 [DEBUG] httpcore.http11 - send_request_body.complete
2026-04-09 10:48:54 [DEBUG] httpcore.http11 - receive_response_headers.started request=<Request [b'POST']>
2026-04-09 10:48:57 [DEBUG] httpcore.http11 - receive_response_headers.complete return_value=(b'HTTP/1.1', 200, b'OK', [(b'X-Content-Type-Options', b'nosniff'), (b'Referrer-Policy', b'no-referrer'), (b'Permissions-Policy', b'camera=(), microphone=(), geolocation=()'), (b'Content-Type', b'application/json; charset=utf-8'), (b'Date', b'Thu, 09 Apr 2026 02:48:57 GMT'), (b'Connection', b'keep-alive'), (b'Keep-Alive', b'timeout=5'), (b'Content-Length', b'275')])
2026-04-09 10:48:57 [INFO] httpx - HTTP Request: POST http://127.0.0.1:18789/tools/invoke "HTTP/1.1 200 OK"
2026-04-09 10:48:57 [DEBUG] httpcore.http11 - receive_response_body.started request=<Request [b'POST']>
2026-04-09 10:48:57 [DEBUG] httpcore.http11 - receive_response_body.complete
2026-04-09 10:48:57 [DEBUG] httpcore.http11 - response_closed.started
2026-04-09 10:48:57 [DEBUG] httpcore.http11 - response_closed.complete
2026-04-09 10:48:57 [INFO] openclaw_alpha.openclaw.cron_utils - 轮询 HTTP 调用: job_id=4df3406c-63a6-4e52-ab0f-31ab2238902f, poll_count=23, poll_elapsed=2.44s
2026-04-09 10:48:57 [INFO] openclaw_alpha.openclaw.cron_utils - 轮询响应: ok=True, entries_count=0
2026-04-09 10:49:07 [DEBUG] httpcore.connection - close.started
2026-04-09 10:49:07 [DEBUG] httpcore.connection - close.complete
2026-04-09 10:49:07 [DEBUG] httpcore.connection - connect_tcp.started host='127.0.0.1' port=18789 local_address=None timeout=10.0 socket_options=None
2026-04-09 10:49:07 [DEBUG] httpcore.connection - connect_tcp.complete return_value=<httpcore._backends.anyio.AnyIOStream object at 0x7d9b892ef1d0>
2026-04-09 10:49:07 [DEBUG] httpcore.http11 - send_request_headers.started request=<Request [b'POST']>
2026-04-09 10:49:07 [DEBUG] httpcore.http11 - send_request_headers.complete
2026-04-09 10:49:07 [DEBUG] httpcore.http11 - send_request_body.started request=<Request [b'POST']>
2026-04-09 10:49:07 [DEBUG] httpcore.http11 - send_request_body.complete
2026-04-09 10:49:07 [DEBUG] httpcore.http11 - receive_response_headers.started request=<Request [b'POST']>
2026-04-09 10:49:09 [DEBUG] httpcore.http11 - receive_response_headers.complete return_value=(b'HTTP/1.1', 200, b'OK', [(b'X-Content-Type-Options', b'nosniff'), (b'Referrer-Policy', b'no-referrer'), (b'Permissions-Policy', b'camera=(), microphone=(), geolocation=()'), (b'Content-Type', b'application/json; charset=utf-8'), (b'Date', b'Thu, 09 Apr 2026 02:49:09 GMT'), (b'Connection', b'keep-alive'), (b'Keep-Alive', b'timeout=5'), (b'Content-Length', b'275')])
2026-04-09 10:49:09 [INFO] httpx - HTTP Request: POST http://127.0.0.1:18789/tools/invoke "HTTP/1.1 200 OK"
2026-04-09 10:49:09 [DEBUG] httpcore.http11 - receive_response_body.started request=<Request [b'POST']>
2026-04-09 10:49:09 [DEBUG] httpcore.http11 - receive_response_body.complete
2026-04-09 10:49:09 [DEBUG] httpcore.http11 - response_closed.started
2026-04-09 10:49:09 [DEBUG] httpcore.http11 - response_closed.complete
2026-04-09 10:49:09 [INFO] openclaw_alpha.openclaw.cron_utils - 轮询 HTTP 调用: job_id=4df3406c-63a6-4e52-ab0f-31ab2238902f, poll_count=24, poll_elapsed=2.20s
2026-04-09 10:49:09 [INFO] openclaw_alpha.openclaw.cron_utils - 轮询响应: ok=True, entries_count=0
2026-04-09 10:49:19 [DEBUG] httpcore.connection - close.started
2026-04-09 10:49:19 [DEBUG] httpcore.connection - close.complete
2026-04-09 10:49:19 [DEBUG] httpcore.connection - connect_tcp.started host='127.0.0.1' port=18789 local_address=None timeout=10.0 socket_options=None
2026-04-09 10:49:19 [DEBUG] httpcore.connection - connect_tcp.complete return_value=<httpcore._backends.anyio.AnyIOStream object at 0x7d9b89d4af90>
2026-04-09 10:49:19 [DEBUG] httpcore.http11 - send_request_headers.started request=<Request [b'POST']>
2026-04-09 10:49:19 [DEBUG] httpcore.http11 - send_request_headers.complete
2026-04-09 10:49:19 [DEBUG] httpcore.http11 - send_request_body.started request=<Request [b'POST']>
2026-04-09 10:49:19 [DEBUG] httpcore.http11 - send_request_body.complete
2026-04-09 10:49:19 [DEBUG] httpcore.http11 - receive_response_headers.started request=<Request [b'POST']>
2026-04-09 10:49:20 [DEBUG] httpcore.http11 - receive_response_headers.complete return_value=(b'HTTP/1.1', 200, b'OK', [(b'X-Content-Type-Options', b'nosniff'), (b'Referrer-Policy', b'no-referrer'), (b'Permissions-Policy', b'camera=(), microphone=(), geolocation=()'), (b'Content-Type', b'application/json; charset=utf-8'), (b'Date', b'Thu, 09 Apr 2026 02:49:20 GMT'), (b'Connection', b'keep-alive'), (b'Keep-Alive', b'timeout=5'), (b'Content-Length', b'275')])
2026-04-09 10:49:20 [INFO] httpx - HTTP Request: POST http://127.0.0.1:18789/tools/invoke "HTTP/1.1 200 OK"
2026-04-09 10:49:20 [DEBUG] httpcore.http11 - receive_response_body.started request=<Request [b'POST']>
2026-04-09 10:49:20 [DEBUG] httpcore.http11 - receive_response_body.complete
2026-04-09 10:49:20 [DEBUG] httpcore.http11 - response_closed.started
2026-04-09 10:49:20 [DEBUG] httpcore.http11 - response_closed.complete
2026-04-09 10:49:20 [INFO] openclaw_alpha.openclaw.cron_utils - 轮询 HTTP 调用: job_id=4df3406c-63a6-4e52-ab0f-31ab2238902f, poll_count=25, poll_elapsed=1.62s
2026-04-09 10:49:20 [INFO] openclaw_alpha.openclaw.cron_utils - 轮询响应: ok=True, entries_count=0
2026-04-09 10:49:30 [DEBUG] httpcore.connection - close.started
2026-04-09 10:49:30 [DEBUG] httpcore.connection - close.complete
2026-04-09 10:49:30 [DEBUG] httpcore.connection - connect_tcp.started host='127.0.0.1' port=18789 local_address=None timeout=10.0 socket_options=None
2026-04-09 10:49:30 [DEBUG] httpcore.connection - connect_tcp.complete return_value=<httpcore._backends.anyio.AnyIOStream object at 0x7d9b89d4a510>
2026-04-09 10:49:30 [DEBUG] httpcore.http11 - send_request_headers.started request=<Request [b'POST']>
2026-04-09 10:49:30 [DEBUG] httpcore.http11 - send_request_headers.complete
2026-04-09 10:49:30 [DEBUG] httpcore.http11 - send_request_body.started request=<Request [b'POST']>
2026-04-09 10:49:30 [DEBUG] httpcore.http11 - send_request_body.complete
2026-04-09 10:49:30 [DEBUG] httpcore.http11 - receive_response_headers.started request=<Request [b'POST']>
2026-04-09 10:49:35 [DEBUG] httpcore.http11 - receive_response_headers.complete return_value=(b'HTTP/1.1', 200, b'OK', [(b'X-Content-Type-Options', b'nosniff'), (b'Referrer-Policy', b'no-referrer'), (b'Permissions-Policy', b'camera=(), microphone=(), geolocation=()'), (b'Content-Type', b'application/json; charset=utf-8'), (b'Date', b'Thu, 09 Apr 2026 02:49:35 GMT'), (b'Connection', b'keep-alive'), (b'Keep-Alive', b'timeout=5'), (b'Content-Length', b'275')])
2026-04-09 10:49:35 [INFO] httpx - HTTP Request: POST http://127.0.0.1:18789/tools/invoke "HTTP/1.1 200 OK"
2026-04-09 10:49:35 [DEBUG] httpcore.http11 - receive_response_body.started request=<Request [b'POST']>
2026-04-09 10:49:35 [DEBUG] httpcore.http11 - receive_response_body.complete
2026-04-09 10:49:35 [DEBUG] httpcore.http11 - response_closed.started
2026-04-09 10:49:35 [DEBUG] httpcore.http11 - response_closed.complete
2026-04-09 10:49:35 [INFO] openclaw_alpha.openclaw.cron_utils - 轮询 HTTP 调用: job_id=4df3406c-63a6-4e52-ab0f-31ab2238902f, poll_count=26, poll_elapsed=4.26s
2026-04-09 10:49:35 [INFO] openclaw_alpha.openclaw.cron_utils - 轮询响应: ok=True, entries_count=0
2026-04-09 10:49:45 [DEBUG] httpcore.connection - close.started
2026-04-09 10:49:45 [DEBUG] httpcore.connection - close.complete
2026-04-09 10:49:45 [DEBUG] httpcore.connection - connect_tcp.started host='127.0.0.1' port=18789 local_address=None timeout=10.0 socket_options=None
2026-04-09 10:49:45 [DEBUG] httpcore.connection - connect_tcp.complete return_value=<httpcore._backends.anyio.AnyIOStream object at 0x7d9b89be4950>
2026-04-09 10:49:45 [DEBUG] httpcore.http11 - send_request_headers.started request=<Request [b'POST']>
2026-04-09 10:49:45 [DEBUG] httpcore.http11 - send_request_headers.complete
2026-04-09 10:49:45 [DEBUG] httpcore.http11 - send_request_body.started request=<Request [b'POST']>
2026-04-09 10:49:45 [DEBUG] httpcore.http11 - send_request_body.complete
2026-04-09 10:49:45 [DEBUG] httpcore.http11 - receive_response_headers.started request=<Request [b'POST']>
2026-04-09 10:49:46 [DEBUG] httpcore.http11 - receive_response_headers.complete return_value=(b'HTTP/1.1', 200, b'OK', [(b'X-Content-Type-Options', b'nosniff'), (b'Referrer-Policy', b'no-referrer'), (b'Permissions-Policy', b'camera=(), microphone=(), geolocation=()'), (b'Content-Type', b'application/json; charset=utf-8'), (b'Date', b'Thu, 09 Apr 2026 02:49:46 GMT'), (b'Connection', b'keep-alive'), (b'Keep-Alive', b'timeout=5'), (b'Content-Length', b'275')])
2026-04-09 10:49:46 [INFO] httpx - HTTP Request: POST http://127.0.0.1:18789/tools/invoke "HTTP/1.1 200 OK"
2026-04-09 10:49:46 [DEBUG] httpcore.http11 - receive_response_body.started request=<Request [b'POST']>
2026-04-09 10:49:46 [DEBUG] httpcore.http11 - receive_response_body.complete
2026-04-09 10:49:46 [DEBUG] httpcore.http11 - response_closed.started
2026-04-09 10:49:46 [DEBUG] httpcore.http11 - response_closed.complete
2026-04-09 10:49:46 [INFO] openclaw_alpha.openclaw.cron_utils - 轮询 HTTP 调用: job_id=4df3406c-63a6-4e52-ab0f-31ab2238902f, poll_count=27, poll_elapsed=1.60s
2026-04-09 10:49:46 [INFO] openclaw_alpha.openclaw.cron_utils - 轮询响应: ok=True, entries_count=0
2026-04-09 10:49:56 [DEBUG] httpcore.connection - close.started
2026-04-09 10:49:56 [DEBUG] httpcore.connection - close.complete
2026-04-09 10:49:56 [DEBUG] httpcore.connection - connect_tcp.started host='127.0.0.1' port=18789 local_address=None timeout=10.0 socket_options=None
2026-04-09 10:49:56 [DEBUG] httpcore.connection - connect_tcp.complete return_value=<httpcore._backends.anyio.AnyIOStream object at 0x7d9b89be7fb0>
2026-04-09 10:49:56 [DEBUG] httpcore.http11 - send_request_headers.started request=<Request [b'POST']>
2026-04-09 10:49:56 [DEBUG] httpcore.http11 - send_request_headers.complete
2026-04-09 10:49:56 [DEBUG] httpcore.http11 - send_request_body.started request=<Request [b'POST']>
2026-04-09 10:49:56 [DEBUG] httpcore.http11 - send_request_body.complete
2026-04-09 10:49:56 [DEBUG] httpcore.http11 - receive_response_headers.started request=<Request [b'POST']>
2026-04-09 10:49:59 [DEBUG] httpcore.http11 - receive_response_headers.complete return_value=(b'HTTP/1.1', 200, b'OK', [(b'X-Content-Type-Options', b'nosniff'), (b'Referrer-Policy', b'no-referrer'), (b'Permissions-Policy', b'camera=(), microphone=(), geolocation=()'), (b'Content-Type', b'application/json; charset=utf-8'), (b'Date', b'Thu, 09 Apr 2026 02:49:59 GMT'), (b'Connection', b'keep-alive'), (b'Keep-Alive', b'timeout=5'), (b'Content-Length', b'275')])
2026-04-09 10:49:59 [INFO] httpx - HTTP Request: POST http://127.0.0.1:18789/tools/invoke "HTTP/1.1 200 OK"
2026-04-09 10:49:59 [DEBUG] httpcore.http11 - receive_response_body.started request=<Request [b'POST']>
2026-04-09 10:49:59 [DEBUG] httpcore.http11 - receive_response_body.complete
2026-04-09 10:49:59 [DEBUG] httpcore.http11 - response_closed.started
2026-04-09 10:49:59 [DEBUG] httpcore.http11 - response_closed.complete
2026-04-09 10:49:59 [INFO] openclaw_alpha.openclaw.cron_utils - 轮询 HTTP 调用: job_id=4df3406c-63a6-4e52-ab0f-31ab2238902f, poll_count=28, poll_elapsed=2.29s
2026-04-09 10:49:59 [INFO] openclaw_alpha.openclaw.cron_utils - 轮询响应: ok=True, entries_count=0
2026-04-09 10:50:09 [DEBUG] httpcore.connection - close.started
2026-04-09 10:50:09 [DEBUG] httpcore.connection - close.complete
2026-04-09 10:50:09 [DEBUG] httpcore.connection - connect_tcp.started host='127.0.0.1' port=18789 local_address=None timeout=10.0 socket_options=None
2026-04-09 10:50:09 [DEBUG] httpcore.connection - connect_tcp.complete return_value=<httpcore._backends.anyio.AnyIOStream object at 0x7d9b892bf5c0>
2026-04-09 10:50:09 [DEBUG] httpcore.http11 - send_request_headers.started request=<Request [b'POST']>
2026-04-09 10:50:09 [DEBUG] httpcore.http11 - send_request_headers.complete
2026-04-09 10:50:09 [DEBUG] httpcore.http11 - send_request_body.started request=<Request [b'POST']>
2026-04-09 10:50:09 [DEBUG] httpcore.http11 - send_request_body.complete
2026-04-09 10:50:09 [DEBUG] httpcore.http11 - receive_response_headers.started request=<Request [b'POST']>
2026-04-09 10:50:10 [DEBUG] httpcore.http11 - receive_response_headers.complete return_value=(b'HTTP/1.1', 200, b'OK', [(b'X-Content-Type-Options', b'nosniff'), (b'Referrer-Policy', b'no-referrer'), (b'Permissions-Policy', b'camera=(), microphone=(), geolocation=()'), (b'Content-Type', b'application/json; charset=utf-8'), (b'Date', b'Thu, 09 Apr 2026 02:50:10 GMT'), (b'Connection', b'keep-alive'), (b'Keep-Alive', b'timeout=5'), (b'Content-Length', b'275')])
2026-04-09 10:50:10 [INFO] httpx - HTTP Request: POST http://127.0.0.1:18789/tools/invoke "HTTP/1.1 200 OK"
2026-04-09 10:50:10 [DEBUG] httpcore.http11 - receive_response_body.started request=<Request [b'POST']>
2026-04-09 10:50:10 [DEBUG] httpcore.http11 - receive_response_body.complete
2026-04-09 10:50:10 [DEBUG] httpcore.http11 - response_closed.started
2026-04-09 10:50:10 [DEBUG] httpcore.http11 - response_closed.complete
2026-04-09 10:50:10 [INFO] openclaw_alpha.openclaw.cron_utils - 轮询 HTTP 调用: job_id=4df3406c-63a6-4e52-ab0f-31ab2238902f, poll_count=29, poll_elapsed=1.54s
2026-04-09 10:50:10 [INFO] openclaw_alpha.openclaw.cron_utils - 轮询响应: ok=True, entries_count=0
2026-04-09 10:50:20 [DEBUG] httpcore.connection - close.started
2026-04-09 10:50:20 [DEBUG] httpcore.connection - close.complete
2026-04-09 10:50:20 [DEBUG] httpcore.connection - connect_tcp.started host='127.0.0.1' port=18789 local_address=None timeout=10.0 socket_options=None
2026-04-09 10:50:20 [DEBUG] httpcore.connection - connect_tcp.complete return_value=<httpcore._backends.anyio.AnyIOStream object at 0x7d9b892bf750>
2026-04-09 10:50:20 [DEBUG] httpcore.http11 - send_request_headers.started request=<Request [b'POST']>
2026-04-09 10:50:20 [DEBUG] httpcore.http11 - send_request_headers.complete
2026-04-09 10:50:20 [DEBUG] httpcore.http11 - send_request_body.started request=<Request [b'POST']>
2026-04-09 10:50:20 [DEBUG] httpcore.http11 - send_request_body.complete
2026-04-09 10:50:20 [DEBUG] httpcore.http11 - receive_response_headers.started request=<Request [b'POST']>
2026-04-09 10:50:24 [DEBUG] httpcore.http11 - receive_response_headers.complete return_value=(b'HTTP/1.1', 200, b'OK', [(b'X-Content-Type-Options', b'nosniff'), (b'Referrer-Policy', b'no-referrer'), (b'Permissions-Policy', b'camera=(), microphone=(), geolocation=()'), (b'Content-Type', b'application/json; charset=utf-8'), (b'Date', b'Thu, 09 Apr 2026 02:50:24 GMT'), (b'Connection', b'keep-alive'), (b'Keep-Alive', b'timeout=5'), (b'Content-Length', b'275')])
2026-04-09 10:50:24 [INFO] httpx - HTTP Request: POST http://127.0.0.1:18789/tools/invoke "HTTP/1.1 200 OK"
2026-04-09 10:50:24 [DEBUG] httpcore.http11 - receive_response_body.started request=<Request [b'POST']>
2026-04-09 10:50:24 [DEBUG] httpcore.http11 - receive_response_body.complete
2026-04-09 10:50:24 [DEBUG] httpcore.http11 - response_closed.started
2026-04-09 10:50:24 [DEBUG] httpcore.http11 - response_closed.complete
2026-04-09 10:50:24 [INFO] openclaw_alpha.openclaw.cron_utils - 轮询 HTTP 调用: job_id=4df3406c-63a6-4e52-ab0f-31ab2238902f, poll_count=30, poll_elapsed=3.53s
2026-04-09 10:50:24 [INFO] openclaw_alpha.openclaw.cron_utils - 轮询响应: ok=True, entries_count=0
2026-04-09 10:50:34 [DEBUG] httpcore.connection - close.started
2026-04-09 10:50:34 [DEBUG] httpcore.connection - close.complete
2026-04-09 10:50:34 [DEBUG] httpcore.connection - connect_tcp.started host='127.0.0.1' port=18789 local_address=None timeout=10.0 socket_options=None
2026-04-09 10:50:34 [DEBUG] httpcore.connection - connect_tcp.complete return_value=<httpcore._backends.anyio.AnyIOStream object at 0x7d9b892bf7f0>
2026-04-09 10:50:34 [DEBUG] httpcore.http11 - send_request_headers.started request=<Request [b'POST']>
2026-04-09 10:50:34 [DEBUG] httpcore.http11 - send_request_headers.complete
2026-04-09 10:50:34 [DEBUG] httpcore.http11 - send_request_body.started request=<Request [b'POST']>
2026-04-09 10:50:34 [DEBUG] httpcore.http11 - send_request_body.complete
2026-04-09 10:50:34 [DEBUG] httpcore.http11 - receive_response_headers.started request=<Request [b'POST']>
2026-04-09 10:50:35 [DEBUG] httpcore.http11 - receive_response_headers.complete return_value=(b'HTTP/1.1', 200, b'OK', [(b'X-Content-Type-Options', b'nosniff'), (b'Referrer-Policy', b'no-referrer'), (b'Permissions-Policy', b'camera=(), microphone=(), geolocation=()'), (b'Content-Type', b'application/json; charset=utf-8'), (b'Date', b'Thu, 09 Apr 2026 02:50:35 GMT'), (b'Connection', b'keep-alive'), (b'Keep-Alive', b'timeout=5'), (b'Content-Length', b'275')])
2026-04-09 10:50:35 [INFO] httpx - HTTP Request: POST http://127.0.0.1:18789/tools/invoke "HTTP/1.1 200 OK"
2026-04-09 10:50:35 [DEBUG] httpcore.http11 - receive_response_body.started request=<Request [b'POST']>
2026-04-09 10:50:35 [DEBUG] httpcore.http11 - receive_response_body.complete
2026-04-09 10:50:35 [DEBUG] httpcore.http11 - response_closed.started
2026-04-09 10:50:35 [DEBUG] httpcore.http11 - response_closed.complete
2026-04-09 10:50:35 [INFO] openclaw_alpha.openclaw.cron_utils - 轮询 HTTP 调用: job_id=4df3406c-63a6-4e52-ab0f-31ab2238902f, poll_count=31, poll_elapsed=1.62s
2026-04-09 10:50:35 [INFO] openclaw_alpha.openclaw.cron_utils - 轮询响应: ok=True, entries_count=0
2026-04-09 10:50:45 [DEBUG] httpcore.connection - close.started
2026-04-09 10:50:45 [DEBUG] httpcore.connection - close.complete
2026-04-09 10:50:45 [DEBUG] httpcore.connection - connect_tcp.started host='127.0.0.1' port=18789 local_address=None timeout=10.0 socket_options=None
2026-04-09 10:50:45 [DEBUG] httpcore.connection - connect_tcp.complete return_value=<httpcore._backends.anyio.AnyIOStream object at 0x7d9b892bf1b0>
2026-04-09 10:50:45 [DEBUG] httpcore.http11 - send_request_headers.started request=<Request [b'POST']>
2026-04-09 10:50:45 [DEBUG] httpcore.http11 - send_request_headers.complete
2026-04-09 10:50:45 [DEBUG] httpcore.http11 - send_request_body.started request=<Request [b'POST']>
2026-04-09 10:50:45 [DEBUG] httpcore.http11 - send_request_body.complete
2026-04-09 10:50:45 [DEBUG] httpcore.http11 - receive_response_headers.started request=<Request [b'POST']>
2026-04-09 10:50:47 [DEBUG] httpcore.http11 - receive_response_headers.complete return_value=(b'HTTP/1.1', 200, b'OK', [(b'X-Content-Type-Options', b'nosniff'), (b'Referrer-Policy', b'no-referrer'), (b'Permissions-Policy', b'camera=(), microphone=(), geolocation=()'), (b'Content-Type', b'application/json; charset=utf-8'), (b'Date', b'Thu, 09 Apr 2026 02:50:47 GMT'), (b'Connection', b'keep-alive'), (b'Keep-Alive', b'timeout=5'), (b'Content-Length', b'275')])
2026-04-09 10:50:47 [INFO] httpx - HTTP Request: POST http://127.0.0.1:18789/tools/invoke "HTTP/1.1 200 OK"
2026-04-09 10:50:47 [DEBUG] httpcore.http11 - receive_response_body.started request=<Request [b'POST']>
2026-04-09 10:50:47 [DEBUG] httpcore.http11 - receive_response_body.complete
2026-04-09 10:50:47 [DEBUG] httpcore.http11 - response_closed.started
2026-04-09 10:50:47 [DEBUG] httpcore.http11 - response_closed.complete
2026-04-09 10:50:47 [INFO] openclaw_alpha.openclaw.cron_utils - 轮询 HTTP 调用: job_id=4df3406c-63a6-4e52-ab0f-31ab2238902f, poll_count=32, poll_elapsed=1.49s
2026-04-09 10:50:47 [INFO] openclaw_alpha.openclaw.cron_utils - 轮询响应: ok=True, entries_count=0
2026-04-09 10:50:57 [DEBUG] httpcore.connection - close.started
2026-04-09 10:50:57 [DEBUG] httpcore.connection - close.complete
2026-04-09 10:50:57 [DEBUG] httpcore.connection - connect_tcp.started host='127.0.0.1' port=18789 local_address=None timeout=10.0 socket_options=None
2026-04-09 10:50:57 [DEBUG] httpcore.connection - connect_tcp.complete return_value=<httpcore._backends.anyio.AnyIOStream object at 0x7d9b893284b0>
2026-04-09 10:50:57 [DEBUG] httpcore.http11 - send_request_headers.started request=<Request [b'POST']>
2026-04-09 10:50:57 [DEBUG] httpcore.http11 - send_request_headers.complete
2026-04-09 10:50:57 [DEBUG] httpcore.http11 - send_request_body.started request=<Request [b'POST']>
2026-04-09 10:50:57 [DEBUG] httpcore.http11 - send_request_body.complete
2026-04-09 10:50:57 [DEBUG] httpcore.http11 - receive_response_headers.started request=<Request [b'POST']>
2026-04-09 10:50:58 [DEBUG] httpcore.http11 - receive_response_headers.complete return_value=(b'HTTP/1.1', 200, b'OK', [(b'X-Content-Type-Options', b'nosniff'), (b'Referrer-Policy', b'no-referrer'), (b'Permissions-Policy', b'camera=(), microphone=(), geolocation=()'), (b'Content-Type', b'application/json; charset=utf-8'), (b'Date', b'Thu, 09 Apr 2026 02:50:58 GMT'), (b'Connection', b'keep-alive'), (b'Keep-Alive', b'timeout=5'), (b'Content-Length', b'275')])
2026-04-09 10:50:58 [INFO] httpx - HTTP Request: POST http://127.0.0.1:18789/tools/invoke "HTTP/1.1 200 OK"
2026-04-09 10:50:58 [DEBUG] httpcore.http11 - receive_response_body.started request=<Request [b'POST']>
2026-04-09 10:50:58 [DEBUG] httpcore.http11 - receive_response_body.complete
2026-04-09 10:50:58 [DEBUG] httpcore.http11 - response_closed.started
2026-04-09 10:50:58 [DEBUG] httpcore.http11 - response_closed.complete
2026-04-09 10:50:58 [INFO] openclaw_alpha.openclaw.cron_utils - 轮询 HTTP 调用: job_id=4df3406c-63a6-4e52-ab0f-31ab2238902f, poll_count=33, poll_elapsed=1.59s
2026-04-09 10:50:58 [INFO] openclaw_alpha.openclaw.cron_utils - 轮询响应: ok=True, entries_count=0
2026-04-09 10:51:08 [DEBUG] httpcore.connection - close.started
2026-04-09 10:51:08 [DEBUG] httpcore.connection - close.complete
2026-04-09 10:51:08 [DEBUG] httpcore.connection - connect_tcp.started host='127.0.0.1' port=18789 local_address=None timeout=10.0 socket_options=None
2026-04-09 10:51:08 [DEBUG] httpcore.connection - connect_tcp.complete return_value=<httpcore._backends.anyio.AnyIOStream object at 0x7d9b89328730>
2026-04-09 10:51:08 [DEBUG] httpcore.http11 - send_request_headers.started request=<Request [b'POST']>
2026-04-09 10:51:08 [DEBUG] httpcore.http11 - send_request_headers.complete
2026-04-09 10:51:08 [DEBUG] httpcore.http11 - send_request_body.started request=<Request [b'POST']>
2026-04-09 10:51:08 [DEBUG] httpcore.http11 - send_request_body.complete
2026-04-09 10:51:08 [DEBUG] httpcore.http11 - receive_response_headers.started request=<Request [b'POST']>
2026-04-09 10:51:12 [DEBUG] httpcore.http11 - receive_response_headers.complete return_value=(b'HTTP/1.1', 200, b'OK', [(b'X-Content-Type-Options', b'nosniff'), (b'Referrer-Policy', b'no-referrer'), (b'Permissions-Policy', b'camera=(), microphone=(), geolocation=()'), (b'Content-Type', b'application/json; charset=utf-8'), (b'Date', b'Thu, 09 Apr 2026 02:51:12 GMT'), (b'Connection', b'keep-alive'), (b'Keep-Alive', b'timeout=5'), (b'Content-Length', b'275')])
2026-04-09 10:51:12 [INFO] httpx - HTTP Request: POST http://127.0.0.1:18789/tools/invoke "HTTP/1.1 200 OK"
2026-04-09 10:51:12 [DEBUG] httpcore.http11 - receive_response_body.started request=<Request [b'POST']>
2026-04-09 10:51:12 [DEBUG] httpcore.http11 - receive_response_body.complete
2026-04-09 10:51:12 [DEBUG] httpcore.http11 - response_closed.started
2026-04-09 10:51:12 [DEBUG] httpcore.http11 - response_closed.complete
2026-04-09 10:51:12 [INFO] openclaw_alpha.openclaw.cron_utils - 轮询 HTTP 调用: job_id=4df3406c-63a6-4e52-ab0f-31ab2238902f, poll_count=34, poll_elapsed=3.68s
2026-04-09 10:51:12 [INFO] openclaw_alpha.openclaw.cron_utils - 轮询响应: ok=True, entries_count=0
2026-04-09 11:53:57 [INFO] news.trigger - === trigger 开始 (limit=1) ===
2026-04-09 11:53:57 [DEBUG] asyncio - Using selector: EpollSelector
2026-04-09 11:53:57 [INFO] openclaw_alpha.backend.quick_news.jobs - 拉取新闻源: cls_telegraph (/cls/telegraph)
2026-04-09 11:53:57 [DEBUG] openclaw_alpha.rsshub.fetcher - 尝试拉取: https://rsshub.liumingye.cn/cls/telegraph
2026-04-09 11:53:58 [DEBUG] openclaw_alpha.rsshub.fetcher - 拉取成功: https://rsshub.liumingye.cn/cls/telegraph, 获取 20 条
2026-04-09 11:53:58 [INFO] openclaw_alpha.backend.quick_news.jobs -   cls_telegraph: saved=20, skipped=0
2026-04-09 11:53:58 [INFO] openclaw_alpha.backend.quick_news.jobs - 拉取新闻源: jin10 (/jin10)
2026-04-09 11:53:58 [DEBUG] openclaw_alpha.rsshub.fetcher - 尝试拉取: https://rsshub.liumingye.cn/jin10
2026-04-09 11:54:00 [DEBUG] openclaw_alpha.rsshub.fetcher - 拉取成功: https://rsshub.liumingye.cn/jin10, 获取 21 条
2026-04-09 11:54:00 [INFO] openclaw_alpha.backend.quick_news.jobs -   jin10: saved=21, skipped=0
2026-04-09 11:54:00 [INFO] openclaw_alpha.backend.quick_news.jobs - 拉取新闻源: wallstreetcn_news (/wallstreetcn/news)
2026-04-09 11:54:00 [DEBUG] openclaw_alpha.rsshub.fetcher - 尝试拉取: https://rsshub.liumingye.cn/wallstreetcn/news
2026-04-09 11:54:02 [DEBUG] openclaw_alpha.rsshub.fetcher - 拉取成功: https://rsshub.liumingye.cn/wallstreetcn/news, 获取 29 条
2026-04-09 11:54:02 [INFO] openclaw_alpha.backend.quick_news.jobs -   wallstreetcn_news: saved=5, skipped=24
2026-04-09 11:54:02 [INFO] openclaw_alpha.backend.quick_news.jobs - 拉取新闻源: yicai_brief (/yicai/brief)
2026-04-09 11:54:02 [DEBUG] openclaw_alpha.rsshub.fetcher - 尝试拉取: https://rsshub.liumingye.cn/yicai/brief
2026-04-09 11:54:05 [DEBUG] openclaw_alpha.rsshub.fetcher - 拉取成功: https://rsshub.liumingye.cn/yicai/brief, 获取 50 条
2026-04-09 11:54:05 [INFO] openclaw_alpha.backend.quick_news.jobs -   yicai_brief: saved=25, skipped=25
2026-04-09 11:54:05 [INFO] openclaw_alpha.backend.quick_news.jobs - 拉取完成: 4 个源, saved=71, skipped=49
2026-04-09 11:54:05 [INFO] openclaw_alpha.backend.quick_news.jobs - 发现 236 条待分析新闻
2026-04-09 11:54:05 [INFO] openclaw_alpha.backend.quick_news.jobs - 应用 limit=1，处理前 1 条
2026-04-09 11:54:05 [INFO] openclaw_alpha.backend.quick_news.jobs - 处理新闻: 金十图示：2026年04月08日（周三）全球股市指数-美洲市场（盘初） (jin10_jin10:index:20260408220204108800)
2026-04-09 11:54:05 [INFO] openclaw_alpha.backend.quick_news.task_executor - 提交快速分析任务: 金十图示：2026年04月08日（周三）全球股市指数-美洲市场（盘初） (jin10_jin10:index:20260408220204108800)
2026-04-09 11:54:05 [INFO] openclaw_alpha.backend.quick_news.task_executor -   agent_id=main, model=openrouter/nvidia/nemotron-3-super-120b-a12b:free
2026-04-09 11:54:05 [INFO] openclaw_alpha.backend.quick_news.task_executor -   timeout=900s, session_poll_timeout=900s
2026-04-09 11:54:05 [DEBUG] openclaw_alpha.openclaw.cron_utils - cron.add 参数: news-analysis-jin10_jin10:index:20260408220204108800
2026-04-09 11:54:05 [DEBUG] httpcore.connection - connect_tcp.started host='127.0.0.1' port=18789 local_address=None timeout=30.0 socket_options=None
2026-04-09 11:54:05 [DEBUG] httpcore.connection - connect_tcp.complete return_value=<httpcore._backends.anyio.AnyIOStream object at 0x7ae86e486a50>
2026-04-09 11:54:05 [DEBUG] httpcore.http11 - send_request_headers.started request=<Request [b'POST']>
2026-04-09 11:54:05 [DEBUG] httpcore.http11 - send_request_headers.complete
2026-04-09 11:54:05 [DEBUG] httpcore.http11 - send_request_body.started request=<Request [b'POST']>
2026-04-09 11:54:05 [DEBUG] httpcore.http11 - send_request_body.complete
2026-04-09 11:54:05 [DEBUG] httpcore.http11 - receive_response_headers.started request=<Request [b'POST']>
2026-04-09 11:54:07 [DEBUG] httpcore.http11 - receive_response_headers.complete return_value=(b'HTTP/1.1', 200, b'OK', [(b'X-Content-Type-Options', b'nosniff'), (b'Referrer-Policy', b'no-referrer'), (b'Permissions-Policy', b'camera=(), microphone=(), geolocation=()'), (b'Content-Type', b'application/json; charset=utf-8'), (b'Date', b'Thu, 09 Apr 2026 03:54:07 GMT'), (b'Connection', b'keep-alive'), (b'Keep-Alive', b'timeout=5'), (b'Content-Length', b'8371')])
2026-04-09 11:54:07 [INFO] httpx - HTTP Request: POST http://127.0.0.1:18789/tools/invoke "HTTP/1.1 200 OK"
2026-04-09 11:54:07 [DEBUG] httpcore.http11 - receive_response_body.started request=<Request [b'POST']>
2026-04-09 11:54:07 [DEBUG] httpcore.http11 - receive_response_body.complete
2026-04-09 11:54:07 [DEBUG] httpcore.http11 - response_closed.started
2026-04-09 11:54:07 [DEBUG] httpcore.http11 - response_closed.complete
2026-04-09 11:54:07 [INFO] openclaw_alpha.openclaw.cron_utils - 任务创建成功: 95ca0e92-97ba-43a3-ad33-147f2b187c26
2026-04-09 11:54:07 [INFO] openclaw_alpha.openclaw.cron_utils - 触发任务: 95ca0e92-97ba-43a3-ad33-147f2b187c26
2026-04-09 11:54:07 [INFO] openclaw_alpha.openclaw.cron_utils - 开始轮询任务完成状态: 95ca0e92-97ba-43a3-ad33-147f2b187c26（超时 900s）
2026-04-09 11:54:07 [DEBUG] httpcore.http11 - send_request_headers.started request=<Request [b'POST']>
2026-04-09 11:54:07 [DEBUG] httpcore.http11 - send_request_headers.complete
2026-04-09 11:54:07 [DEBUG] httpcore.http11 - send_request_body.started request=<Request [b'POST']>
2026-04-09 11:54:07 [DEBUG] httpcore.http11 - send_request_body.complete
2026-04-09 11:54:07 [DEBUG] httpcore.http11 - receive_response_headers.started request=<Request [b'POST']>
2026-04-09 11:54:08 [DEBUG] httpcore.http11 - receive_response_headers.complete return_value=(b'HTTP/1.1', 200, b'OK', [(b'X-Content-Type-Options', b'nosniff'), (b'Referrer-Policy', b'no-referrer'), (b'Permissions-Policy', b'camera=(), microphone=(), geolocation=()'), (b'Content-Type', b'application/json; charset=utf-8'), (b'Date', b'Thu, 09 Apr 2026 03:54:08 GMT'), (b'Connection', b'keep-alive'), (b'Keep-Alive', b'timeout=5'), (b'Content-Length', b'290')])
2026-04-09 11:54:08 [INFO] httpx - HTTP Request: POST http://127.0.0.1:18789/tools/invoke "HTTP/1.1 200 OK"
2026-04-09 11:54:08 [DEBUG] httpcore.http11 - receive_response_body.started request=<Request [b'POST']>
2026-04-09 11:54:08 [DEBUG] httpcore.http11 - receive_response_body.complete
2026-04-09 11:54:08 [DEBUG] httpcore.http11 - response_closed.started
2026-04-09 11:54:08 [DEBUG] httpcore.http11 - response_closed.complete
2026-04-09 11:54:10 [DEBUG] httpcore.http11 - send_request_headers.started request=<Request [b'POST']>
2026-04-09 11:54:10 [DEBUG] httpcore.http11 - send_request_headers.complete
2026-04-09 11:54:10 [DEBUG] httpcore.http11 - send_request_body.started request=<Request [b'POST']>
2026-04-09 11:54:10 [DEBUG] httpcore.http11 - send_request_body.complete
2026-04-09 11:54:10 [DEBUG] httpcore.http11 - receive_response_headers.started request=<Request [b'POST']>
2026-04-09 11:54:11 [DEBUG] httpcore.http11 - receive_response_headers.complete return_value=(b'HTTP/1.1', 200, b'OK', [(b'X-Content-Type-Options', b'nosniff'), (b'Referrer-Policy', b'no-referrer'), (b'Permissions-Policy', b'camera=(), microphone=(), geolocation=()'), (b'Content-Type', b'application/json; charset=utf-8'), (b'Date', b'Thu, 09 Apr 2026 03:54:11 GMT'), (b'Connection', b'keep-alive'), (b'Keep-Alive', b'timeout=5'), (b'Content-Length', b'275')])
2026-04-09 11:54:11 [INFO] httpx - HTTP Request: POST http://127.0.0.1:18789/tools/invoke "HTTP/1.1 200 OK"
2026-04-09 11:54:11 [DEBUG] httpcore.http11 - receive_response_body.started request=<Request [b'POST']>
2026-04-09 11:54:11 [DEBUG] httpcore.http11 - receive_response_body.complete
2026-04-09 11:54:11 [DEBUG] httpcore.http11 - response_closed.started
2026-04-09 11:54:11 [DEBUG] httpcore.http11 - response_closed.complete
2026-04-09 11:54:11 [INFO] openclaw_alpha.openclaw.cron_utils - 轮询 HTTP 调用: job_id=95ca0e92-97ba-43a3-ad33-147f2b187c26, poll_count=1, poll_elapsed=1.64s
2026-04-09 11:54:11 [INFO] openclaw_alpha.openclaw.cron_utils - 轮询响应: ok=True, entries_count=0
2026-04-09 11:54:21 [DEBUG] httpcore.connection - close.started
2026-04-09 11:54:21 [DEBUG] httpcore.connection - close.complete
2026-04-09 11:54:21 [DEBUG] httpcore.connection - connect_tcp.started host='127.0.0.1' port=18789 local_address=None timeout=10.0 socket_options=None
2026-04-09 11:54:21 [DEBUG] httpcore.connection - connect_tcp.complete return_value=<httpcore._backends.anyio.AnyIOStream object at 0x7ae86ee12710>
2026-04-09 11:54:21 [DEBUG] httpcore.http11 - send_request_headers.started request=<Request [b'POST']>
2026-04-09 11:54:21 [DEBUG] httpcore.http11 - send_request_headers.complete
2026-04-09 11:54:21 [DEBUG] httpcore.http11 - send_request_body.started request=<Request [b'POST']>
2026-04-09 11:54:21 [DEBUG] httpcore.http11 - send_request_body.complete
2026-04-09 11:54:21 [DEBUG] httpcore.http11 - receive_response_headers.started request=<Request [b'POST']>
2026-04-09 11:54:23 [DEBUG] httpcore.http11 - receive_response_headers.complete return_value=(b'HTTP/1.1', 200, b'OK', [(b'X-Content-Type-Options', b'nosniff'), (b'Referrer-Policy', b'no-referrer'), (b'Permissions-Policy', b'camera=(), microphone=(), geolocation=()'), (b'Content-Type', b'application/json; charset=utf-8'), (b'Date', b'Thu, 09 Apr 2026 03:54:23 GMT'), (b'Connection', b'keep-alive'), (b'Keep-Alive', b'timeout=5'), (b'Content-Length', b'275')])
2026-04-09 11:54:23 [INFO] httpx - HTTP Request: POST http://127.0.0.1:18789/tools/invoke "HTTP/1.1 200 OK"
2026-04-09 11:54:23 [DEBUG] httpcore.http11 - receive_response_body.started request=<Request [b'POST']>
2026-04-09 11:54:23 [DEBUG] httpcore.http11 - receive_response_body.complete
2026-04-09 11:54:23 [DEBUG] httpcore.http11 - response_closed.started
2026-04-09 11:54:23 [DEBUG] httpcore.http11 - response_closed.complete
2026-04-09 11:54:23 [INFO] openclaw_alpha.openclaw.cron_utils - 轮询 HTTP 调用: job_id=95ca0e92-97ba-43a3-ad33-147f2b187c26, poll_count=2, poll_elapsed=1.65s
2026-04-09 11:54:23 [INFO] openclaw_alpha.openclaw.cron_utils - 轮询响应: ok=True, entries_count=0
2026-04-09 11:54:33 [DEBUG] httpcore.connection - close.started
2026-04-09 11:54:33 [DEBUG] httpcore.connection - close.complete
2026-04-09 11:54:33 [DEBUG] httpcore.connection - connect_tcp.started host='127.0.0.1' port=18789 local_address=None timeout=10.0 socket_options=None
2026-04-09 11:54:33 [DEBUG] httpcore.connection - connect_tcp.complete return_value=<httpcore._backends.anyio.AnyIOStream object at 0x7ae86ee13250>
2026-04-09 11:54:33 [DEBUG] httpcore.http11 - send_request_headers.started request=<Request [b'POST']>
2026-04-09 11:54:33 [DEBUG] httpcore.http11 - send_request_headers.complete
2026-04-09 11:54:33 [DEBUG] httpcore.http11 - send_request_body.started request=<Request [b'POST']>
2026-04-09 11:54:33 [DEBUG] httpcore.http11 - send_request_body.complete
2026-04-09 11:54:33 [DEBUG] httpcore.http11 - receive_response_headers.started request=<Request [b'POST']>
2026-04-09 11:54:35 [DEBUG] httpcore.http11 - receive_response_headers.complete return_value=(b'HTTP/1.1', 200, b'OK', [(b'X-Content-Type-Options', b'nosniff'), (b'Referrer-Policy', b'no-referrer'), (b'Permissions-Policy', b'camera=(), microphone=(), geolocation=()'), (b'Content-Type', b'application/json; charset=utf-8'), (b'Date', b'Thu, 09 Apr 2026 03:54:35 GMT'), (b'Connection', b'keep-alive'), (b'Keep-Alive', b'timeout=5'), (b'Content-Length', b'275')])
2026-04-09 11:54:35 [INFO] httpx - HTTP Request: POST http://127.0.0.1:18789/tools/invoke "HTTP/1.1 200 OK"
2026-04-09 11:54:35 [DEBUG] httpcore.http11 - receive_response_body.started request=<Request [b'POST']>
2026-04-09 11:54:35 [DEBUG] httpcore.http11 - receive_response_body.complete
2026-04-09 11:54:35 [DEBUG] httpcore.http11 - response_closed.started
2026-04-09 11:54:35 [DEBUG] httpcore.http11 - response_closed.complete
2026-04-09 11:54:35 [INFO] openclaw_alpha.openclaw.cron_utils - 轮询 HTTP 调用: job_id=95ca0e92-97ba-43a3-ad33-147f2b187c26, poll_count=3, poll_elapsed=1.85s
2026-04-09 11:54:35 [INFO] openclaw_alpha.openclaw.cron_utils - 轮询响应: ok=True, entries_count=0
2026-04-09 11:54:45 [DEBUG] httpcore.connection - close.started
2026-04-09 11:54:45 [DEBUG] httpcore.connection - close.complete
2026-04-09 11:54:45 [DEBUG] httpcore.connection - connect_tcp.started host='127.0.0.1' port=18789 local_address=None timeout=10.0 socket_options=None
2026-04-09 11:54:45 [DEBUG] httpcore.connection - connect_tcp.complete return_value=<httpcore._backends.anyio.AnyIOStream object at 0x7ae86e4f4050>
2026-04-09 11:54:45 [DEBUG] httpcore.http11 - send_request_headers.started request=<Request [b'POST']>
2026-04-09 11:54:45 [DEBUG] httpcore.http11 - send_request_headers.complete
2026-04-09 11:54:45 [DEBUG] httpcore.http11 - send_request_body.started request=<Request [b'POST']>
2026-04-09 11:54:45 [DEBUG] httpcore.http11 - send_request_body.complete
2026-04-09 11:54:45 [DEBUG] httpcore.http11 - receive_response_headers.started request=<Request [b'POST']>
2026-04-09 11:54:47 [DEBUG] httpcore.http11 - receive_response_headers.complete return_value=(b'HTTP/1.1', 200, b'OK', [(b'X-Content-Type-Options', b'nosniff'), (b'Referrer-Policy', b'no-referrer'), (b'Permissions-Policy', b'camera=(), microphone=(), geolocation=()'), (b'Content-Type', b'application/json; charset=utf-8'), (b'Date', b'Thu, 09 Apr 2026 03:54:47 GMT'), (b'Connection', b'keep-alive'), (b'Keep-Alive', b'timeout=5'), (b'Content-Length', b'275')])
2026-04-09 11:54:47 [INFO] httpx - HTTP Request: POST http://127.0.0.1:18789/tools/invoke "HTTP/1.1 200 OK"
2026-04-09 11:54:47 [DEBUG] httpcore.http11 - receive_response_body.started request=<Request [b'POST']>
2026-04-09 11:54:47 [DEBUG] httpcore.http11 - receive_response_body.complete
2026-04-09 11:54:47 [DEBUG] httpcore.http11 - response_closed.started
2026-04-09 11:54:47 [DEBUG] httpcore.http11 - response_closed.complete
2026-04-09 11:54:47 [INFO] openclaw_alpha.openclaw.cron_utils - 轮询 HTTP 调用: job_id=95ca0e92-97ba-43a3-ad33-147f2b187c26, poll_count=4, poll_elapsed=1.97s
2026-04-09 11:54:47 [INFO] openclaw_alpha.openclaw.cron_utils - 轮询响应: ok=True, entries_count=0
2026-04-09 11:54:57 [DEBUG] httpcore.connection - close.started
2026-04-09 11:54:57 [DEBUG] httpcore.connection - close.complete
2026-04-09 11:54:57 [DEBUG] httpcore.connection - connect_tcp.started host='127.0.0.1' port=18789 local_address=None timeout=10.0 socket_options=None
2026-04-09 11:54:57 [DEBUG] httpcore.connection - connect_tcp.complete return_value=<httpcore._backends.anyio.AnyIOStream object at 0x7ae86e4f49d0>
2026-04-09 11:54:57 [DEBUG] httpcore.http11 - send_request_headers.started request=<Request [b'POST']>
2026-04-09 11:54:57 [DEBUG] httpcore.http11 - send_request_headers.complete
2026-04-09 11:54:57 [DEBUG] httpcore.http11 - send_request_body.started request=<Request [b'POST']>
2026-04-09 11:54:57 [DEBUG] httpcore.http11 - send_request_body.complete
2026-04-09 11:54:57 [DEBUG] httpcore.http11 - receive_response_headers.started request=<Request [b'POST']>
2026-04-09 11:55:02 [DEBUG] httpcore.http11 - receive_response_headers.complete return_value=(b'HTTP/1.1', 200, b'OK', [(b'X-Content-Type-Options', b'nosniff'), (b'Referrer-Policy', b'no-referrer'), (b'Permissions-Policy', b'camera=(), microphone=(), geolocation=()'), (b'Content-Type', b'application/json; charset=utf-8'), (b'Date', b'Thu, 09 Apr 2026 03:55:02 GMT'), (b'Connection', b'keep-alive'), (b'Keep-Alive', b'timeout=5'), (b'Content-Length', b'275')])
2026-04-09 11:55:02 [INFO] httpx - HTTP Request: POST http://127.0.0.1:18789/tools/invoke "HTTP/1.1 200 OK"
2026-04-09 11:55:02 [DEBUG] httpcore.http11 - receive_response_body.started request=<Request [b'POST']>
2026-04-09 11:55:02 [DEBUG] httpcore.http11 - receive_response_body.complete
2026-04-09 11:55:02 [DEBUG] httpcore.http11 - response_closed.started
2026-04-09 11:55:02 [DEBUG] httpcore.http11 - response_closed.complete
2026-04-09 11:55:02 [INFO] openclaw_alpha.openclaw.cron_utils - 轮询 HTTP 调用: job_id=95ca0e92-97ba-43a3-ad33-147f2b187c26, poll_count=5, poll_elapsed=5.01s
2026-04-09 11:55:02 [INFO] openclaw_alpha.openclaw.cron_utils - 轮询响应: ok=True, entries_count=0
2026-04-09 11:55:12 [DEBUG] httpcore.connection - close.started
2026-04-09 11:55:12 [DEBUG] httpcore.connection - close.complete
2026-04-09 11:55:12 [DEBUG] httpcore.connection - connect_tcp.started host='127.0.0.1' port=18789 local_address=None timeout=10.0 socket_options=None
2026-04-09 11:55:12 [DEBUG] httpcore.connection - connect_tcp.complete return_value=<httpcore._backends.anyio.AnyIOStream object at 0x7ae86e4d55b0>
2026-04-09 11:55:12 [DEBUG] httpcore.http11 - send_request_headers.started request=<Request [b'POST']>
2026-04-09 11:55:12 [DEBUG] httpcore.http11 - send_request_headers.complete
2026-04-09 11:55:12 [DEBUG] httpcore.http11 - send_request_body.started request=<Request [b'POST']>
2026-04-09 11:55:12 [DEBUG] httpcore.http11 - send_request_body.complete
2026-04-09 11:55:12 [DEBUG] httpcore.http11 - receive_response_headers.started request=<Request [b'POST']>
2026-04-09 11:55:13 [DEBUG] httpcore.http11 - receive_response_headers.complete return_value=(b'HTTP/1.1', 200, b'OK', [(b'X-Content-Type-Options', b'nosniff'), (b'Referrer-Policy', b'no-referrer'), (b'Permissions-Policy', b'camera=(), microphone=(), geolocation=()'), (b'Content-Type', b'application/json; charset=utf-8'), (b'Date', b'Thu, 09 Apr 2026 03:55:13 GMT'), (b'Connection', b'keep-alive'), (b'Keep-Alive', b'timeout=5'), (b'Content-Length', b'275')])
2026-04-09 11:55:13 [INFO] httpx - HTTP Request: POST http://127.0.0.1:18789/tools/invoke "HTTP/1.1 200 OK"
2026-04-09 11:55:13 [DEBUG] httpcore.http11 - receive_response_body.started request=<Request [b'POST']>
2026-04-09 11:55:13 [DEBUG] httpcore.http11 - receive_response_body.complete
2026-04-09 11:55:13 [DEBUG] httpcore.http11 - response_closed.started
2026-04-09 11:55:13 [DEBUG] httpcore.http11 - response_closed.complete
2026-04-09 11:55:13 [INFO] openclaw_alpha.openclaw.cron_utils - 轮询 HTTP 调用: job_id=95ca0e92-97ba-43a3-ad33-147f2b187c26, poll_count=6, poll_elapsed=1.61s
2026-04-09 11:55:13 [INFO] openclaw_alpha.openclaw.cron_utils - 轮询响应: ok=True, entries_count=0
2026-04-09 11:55:23 [DEBUG] httpcore.connection - close.started
2026-04-09 11:55:23 [DEBUG] httpcore.connection - close.complete
2026-04-09 11:55:23 [DEBUG] httpcore.connection - connect_tcp.started host='127.0.0.1' port=18789 local_address=None timeout=10.0 socket_options=None
2026-04-09 11:55:23 [DEBUG] httpcore.connection - connect_tcp.complete return_value=<httpcore._backends.anyio.AnyIOStream object at 0x7ae86e4a7460>
2026-04-09 11:55:23 [DEBUG] httpcore.http11 - send_request_headers.started request=<Request [b'POST']>
2026-04-09 11:55:23 [DEBUG] httpcore.http11 - send_request_headers.complete
2026-04-09 11:55:23 [DEBUG] httpcore.http11 - send_request_body.started request=<Request [b'POST']>
2026-04-09 11:55:23 [DEBUG] httpcore.http11 - send_request_body.complete
2026-04-09 11:55:23 [DEBUG] httpcore.http11 - receive_response_headers.started request=<Request [b'POST']>
2026-04-09 11:55:25 [DEBUG] httpcore.http11 - receive_response_headers.complete return_value=(b'HTTP/1.1', 200, b'OK', [(b'X-Content-Type-Options', b'nosniff'), (b'Referrer-Policy', b'no-referrer'), (b'Permissions-Policy', b'camera=(), microphone=(), geolocation=()'), (b'Content-Type', b'application/json; charset=utf-8'), (b'Date', b'Thu, 09 Apr 2026 03:55:25 GMT'), (b'Connection', b'keep-alive'), (b'Keep-Alive', b'timeout=5'), (b'Content-Length', b'275')])
2026-04-09 11:55:25 [INFO] httpx - HTTP Request: POST http://127.0.0.1:18789/tools/invoke "HTTP/1.1 200 OK"
2026-04-09 11:55:25 [DEBUG] httpcore.http11 - receive_response_body.started request=<Request [b'POST']>
2026-04-09 11:55:25 [DEBUG] httpcore.http11 - receive_response_body.complete
2026-04-09 11:55:25 [DEBUG] httpcore.http11 - response_closed.started
2026-04-09 11:55:25 [DEBUG] httpcore.http11 - response_closed.complete
2026-04-09 11:55:25 [INFO] openclaw_alpha.openclaw.cron_utils - 轮询 HTTP 调用: job_id=95ca0e92-97ba-43a3-ad33-147f2b187c26, poll_count=7, poll_elapsed=2.10s
2026-04-09 11:55:25 [INFO] openclaw_alpha.openclaw.cron_utils - 轮询响应: ok=True, entries_count=0
2026-04-09 11:55:35 [DEBUG] httpcore.connection - close.started
2026-04-09 11:55:35 [DEBUG] httpcore.connection - close.complete
2026-04-09 11:55:35 [DEBUG] httpcore.connection - connect_tcp.started host='127.0.0.1' port=18789 local_address=None timeout=10.0 socket_options=None
2026-04-09 11:55:35 [DEBUG] httpcore.connection - connect_tcp.complete return_value=<httpcore._backends.anyio.AnyIOStream object at 0x7ae86e4a7ce0>
2026-04-09 11:55:35 [DEBUG] httpcore.http11 - send_request_headers.started request=<Request [b'POST']>
2026-04-09 11:55:35 [DEBUG] httpcore.http11 - send_request_headers.complete
2026-04-09 11:55:35 [DEBUG] httpcore.http11 - send_request_body.started request=<Request [b'POST']>
2026-04-09 11:55:35 [DEBUG] httpcore.http11 - send_request_body.complete
2026-04-09 11:55:35 [DEBUG] httpcore.http11 - receive_response_headers.started request=<Request [b'POST']>
2026-04-09 11:55:37 [DEBUG] httpcore.http11 - receive_response_headers.complete return_value=(b'HTTP/1.1', 200, b'OK', [(b'X-Content-Type-Options', b'nosniff'), (b'Referrer-Policy', b'no-referrer'), (b'Permissions-Policy', b'camera=(), microphone=(), geolocation=()'), (b'Content-Type', b'application/json; charset=utf-8'), (b'Date', b'Thu, 09 Apr 2026 03:55:37 GMT'), (b'Connection', b'keep-alive'), (b'Keep-Alive', b'timeout=5'), (b'Content-Length', b'275')])
2026-04-09 11:55:37 [INFO] httpx - HTTP Request: POST http://127.0.0.1:18789/tools/invoke "HTTP/1.1 200 OK"
2026-04-09 11:55:37 [DEBUG] httpcore.http11 - receive_response_body.started request=<Request [b'POST']>
2026-04-09 11:55:37 [DEBUG] httpcore.http11 - receive_response_body.complete
2026-04-09 11:55:37 [DEBUG] httpcore.http11 - response_closed.started
2026-04-09 11:55:37 [DEBUG] httpcore.http11 - response_closed.complete
2026-04-09 11:55:37 [INFO] openclaw_alpha.openclaw.cron_utils - 轮询 HTTP 调用: job_id=95ca0e92-97ba-43a3-ad33-147f2b187c26, poll_count=8, poll_elapsed=1.53s
2026-04-09 11:55:37 [INFO] openclaw_alpha.openclaw.cron_utils - 轮询响应: ok=True, entries_count=0
2026-04-09 11:55:47 [DEBUG] httpcore.connection - close.started
2026-04-09 11:55:47 [DEBUG] httpcore.connection - close.complete
2026-04-09 11:55:47 [DEBUG] httpcore.connection - connect_tcp.started host='127.0.0.1' port=18789 local_address=None timeout=10.0 socket_options=None
2026-04-09 11:55:47 [DEBUG] httpcore.connection - connect_tcp.complete return_value=<httpcore._backends.anyio.AnyIOStream object at 0x7ae86e4b3950>
2026-04-09 11:55:47 [DEBUG] httpcore.http11 - send_request_headers.started request=<Request [b'POST']>
2026-04-09 11:55:47 [DEBUG] httpcore.http11 - send_request_headers.complete
2026-04-09 11:55:47 [DEBUG] httpcore.http11 - send_request_body.started request=<Request [b'POST']>
2026-04-09 11:55:47 [DEBUG] httpcore.http11 - send_request_body.complete
2026-04-09 11:55:47 [DEBUG] httpcore.http11 - receive_response_headers.started request=<Request [b'POST']>
2026-04-09 11:55:51 [DEBUG] httpcore.http11 - receive_response_headers.complete return_value=(b'HTTP/1.1', 200, b'OK', [(b'X-Content-Type-Options', b'nosniff'), (b'Referrer-Policy', b'no-referrer'), (b'Permissions-Policy', b'camera=(), microphone=(), geolocation=()'), (b'Content-Type', b'application/json; charset=utf-8'), (b'Date', b'Thu, 09 Apr 2026 03:55:51 GMT'), (b'Connection', b'keep-alive'), (b'Keep-Alive', b'timeout=5'), (b'Content-Length', b'275')])
2026-04-09 11:55:51 [INFO] httpx - HTTP Request: POST http://127.0.0.1:18789/tools/invoke "HTTP/1.1 200 OK"
2026-04-09 11:55:51 [DEBUG] httpcore.http11 - receive_response_body.started request=<Request [b'POST']>
2026-04-09 11:55:51 [DEBUG] httpcore.http11 - receive_response_body.complete
2026-04-09 11:55:51 [DEBUG] httpcore.http11 - response_closed.started
2026-04-09 11:55:51 [DEBUG] httpcore.http11 - response_closed.complete
2026-04-09 11:55:51 [INFO] openclaw_alpha.openclaw.cron_utils - 轮询 HTTP 调用: job_id=95ca0e92-97ba-43a3-ad33-147f2b187c26, poll_count=9, poll_elapsed=4.08s
2026-04-09 11:55:51 [INFO] openclaw_alpha.openclaw.cron_utils - 轮询响应: ok=True, entries_count=0
2026-04-09 11:56:01 [DEBUG] httpcore.connection - close.started
2026-04-09 11:56:01 [DEBUG] httpcore.connection - close.complete
2026-04-09 11:56:01 [DEBUG] httpcore.connection - connect_tcp.started host='127.0.0.1' port=18789 local_address=None timeout=10.0 socket_options=None
2026-04-09 11:56:01 [DEBUG] httpcore.connection - connect_tcp.complete return_value=<httpcore._backends.anyio.AnyIOStream object at 0x7ae86e4b3a50>
2026-04-09 11:56:01 [DEBUG] httpcore.http11 - send_request_headers.started request=<Request [b'POST']>
2026-04-09 11:56:01 [DEBUG] httpcore.http11 - send_request_headers.complete
2026-04-09 11:56:01 [DEBUG] httpcore.http11 - send_request_body.started request=<Request [b'POST']>
2026-04-09 11:56:01 [DEBUG] httpcore.http11 - send_request_body.complete
2026-04-09 11:56:01 [DEBUG] httpcore.http11 - receive_response_headers.started request=<Request [b'POST']>
2026-04-09 11:56:06 [DEBUG] httpcore.http11 - receive_response_headers.complete return_value=(b'HTTP/1.1', 200, b'OK', [(b'X-Content-Type-Options', b'nosniff'), (b'Referrer-Policy', b'no-referrer'), (b'Permissions-Policy', b'camera=(), microphone=(), geolocation=()'), (b'Content-Type', b'application/json; charset=utf-8'), (b'Date', b'Thu, 09 Apr 2026 03:56:06 GMT'), (b'Connection', b'keep-alive'), (b'Keep-Alive', b'timeout=5'), (b'Content-Length', b'275')])
2026-04-09 11:56:06 [INFO] httpx - HTTP Request: POST http://127.0.0.1:18789/tools/invoke "HTTP/1.1 200 OK"
2026-04-09 11:56:06 [DEBUG] httpcore.http11 - receive_response_body.started request=<Request [b'POST']>
2026-04-09 11:56:06 [DEBUG] httpcore.http11 - receive_response_body.complete
2026-04-09 11:56:06 [DEBUG] httpcore.http11 - response_closed.started
2026-04-09 11:56:06 [DEBUG] httpcore.http11 - response_closed.complete
2026-04-09 11:56:06 [INFO] openclaw_alpha.openclaw.cron_utils - 轮询 HTTP 调用: job_id=95ca0e92-97ba-43a3-ad33-147f2b187c26, poll_count=10, poll_elapsed=4.46s
2026-04-09 11:56:06 [INFO] openclaw_alpha.openclaw.cron_utils - 轮询响应: ok=True, entries_count=0
2026-04-09 11:56:16 [DEBUG] httpcore.connection - close.started
2026-04-09 11:56:16 [DEBUG] httpcore.connection - close.complete
2026-04-09 11:56:16 [DEBUG] httpcore.connection - connect_tcp.started host='127.0.0.1' port=18789 local_address=None timeout=10.0 socket_options=None
2026-04-09 11:56:16 [DEBUG] httpcore.connection - connect_tcp.complete return_value=<httpcore._backends.anyio.AnyIOStream object at 0x7ae86e4ff890>
2026-04-09 11:56:16 [DEBUG] httpcore.http11 - send_request_headers.started request=<Request [b'POST']>
2026-04-09 11:56:16 [DEBUG] httpcore.http11 - send_request_headers.complete
2026-04-09 11:56:16 [DEBUG] httpcore.http11 - send_request_body.started request=<Request [b'POST']>
2026-04-09 11:56:16 [DEBUG] httpcore.http11 - send_request_body.complete
2026-04-09 11:56:16 [DEBUG] httpcore.http11 - receive_response_headers.started request=<Request [b'POST']>
2026-04-09 11:56:17 [DEBUG] httpcore.http11 - receive_response_headers.complete return_value=(b'HTTP/1.1', 200, b'OK', [(b'X-Content-Type-Options', b'nosniff'), (b'Referrer-Policy', b'no-referrer'), (b'Permissions-Policy', b'camera=(), microphone=(), geolocation=()'), (b'Content-Type', b'application/json; charset=utf-8'), (b'Date', b'Thu, 09 Apr 2026 03:56:17 GMT'), (b'Connection', b'keep-alive'), (b'Keep-Alive', b'timeout=5'), (b'Content-Length', b'275')])
2026-04-09 11:56:17 [INFO] httpx - HTTP Request: POST http://127.0.0.1:18789/tools/invoke "HTTP/1.1 200 OK"
2026-04-09 11:56:17 [DEBUG] httpcore.http11 - receive_response_body.started request=<Request [b'POST']>
2026-04-09 11:56:17 [DEBUG] httpcore.http11 - receive_response_body.complete
2026-04-09 11:56:17 [DEBUG] httpcore.http11 - response_closed.started
2026-04-09 11:56:17 [DEBUG] httpcore.http11 - response_closed.complete
2026-04-09 11:56:17 [INFO] openclaw_alpha.openclaw.cron_utils - 轮询 HTTP 调用: job_id=95ca0e92-97ba-43a3-ad33-147f2b187c26, poll_count=11, poll_elapsed=1.61s
2026-04-09 11:56:17 [INFO] openclaw_alpha.openclaw.cron_utils - 轮询响应: ok=True, entries_count=0
2026-04-09 11:56:27 [DEBUG] httpcore.connection - close.started
2026-04-09 11:56:27 [DEBUG] httpcore.connection - close.complete
2026-04-09 11:56:27 [DEBUG] httpcore.connection - connect_tcp.started host='127.0.0.1' port=18789 local_address=None timeout=10.0 socket_options=None
2026-04-09 11:56:27 [DEBUG] httpcore.connection - connect_tcp.complete return_value=<httpcore._backends.anyio.AnyIOStream object at 0x7ae86e5146e0>
2026-04-09 11:56:27 [DEBUG] httpcore.http11 - send_request_headers.started request=<Request [b'POST']>
2026-04-09 11:56:27 [DEBUG] httpcore.http11 - send_request_headers.complete
2026-04-09 11:56:27 [DEBUG] httpcore.http11 - send_request_body.started request=<Request [b'POST']>
2026-04-09 11:56:27 [DEBUG] httpcore.http11 - send_request_body.complete
2026-04-09 11:56:27 [DEBUG] httpcore.http11 - receive_response_headers.started request=<Request [b'POST']>
2026-04-09 11:56:29 [DEBUG] httpcore.http11 - receive_response_headers.complete return_value=(b'HTTP/1.1', 200, b'OK', [(b'X-Content-Type-Options', b'nosniff'), (b'Referrer-Policy', b'no-referrer'), (b'Permissions-Policy', b'camera=(), microphone=(), geolocation=()'), (b'Content-Type', b'application/json; charset=utf-8'), (b'Date', b'Thu, 09 Apr 2026 03:56:29 GMT'), (b'Connection', b'keep-alive'), (b'Keep-Alive', b'timeout=5'), (b'Content-Length', b'275')])
2026-04-09 11:56:29 [INFO] httpx - HTTP Request: POST http://127.0.0.1:18789/tools/invoke "HTTP/1.1 200 OK"
2026-04-09 11:56:29 [DEBUG] httpcore.http11 - receive_response_body.started request=<Request [b'POST']>
2026-04-09 11:56:29 [DEBUG] httpcore.http11 - receive_response_body.complete
2026-04-09 11:56:29 [DEBUG] httpcore.http11 - response_closed.started
2026-04-09 11:56:29 [DEBUG] httpcore.http11 - response_closed.complete
2026-04-09 11:56:29 [INFO] openclaw_alpha.openclaw.cron_utils - 轮询 HTTP 调用: job_id=95ca0e92-97ba-43a3-ad33-147f2b187c26, poll_count=12, poll_elapsed=1.58s
2026-04-09 11:56:29 [INFO] openclaw_alpha.openclaw.cron_utils - 轮询响应: ok=True, entries_count=0
2026-04-09 11:56:39 [DEBUG] httpcore.connection - close.started
2026-04-09 11:56:39 [DEBUG] httpcore.connection - close.complete
2026-04-09 11:56:39 [DEBUG] httpcore.connection - connect_tcp.started host='127.0.0.1' port=18789 local_address=None timeout=10.0 socket_options=None
2026-04-09 11:56:39 [DEBUG] httpcore.connection - connect_tcp.complete return_value=<httpcore._backends.anyio.AnyIOStream object at 0x7ae86e4cf850>
2026-04-09 11:56:39 [DEBUG] httpcore.http11 - send_request_headers.started request=<Request [b'POST']>
2026-04-09 11:56:39 [DEBUG] httpcore.http11 - send_request_headers.complete
2026-04-09 11:56:39 [DEBUG] httpcore.http11 - send_request_body.started request=<Request [b'POST']>
2026-04-09 11:56:39 [DEBUG] httpcore.http11 - send_request_body.complete
2026-04-09 11:56:39 [DEBUG] httpcore.http11 - receive_response_headers.started request=<Request [b'POST']>
2026-04-09 11:56:43 [DEBUG] httpcore.http11 - receive_response_headers.complete return_value=(b'HTTP/1.1', 200, b'OK', [(b'X-Content-Type-Options', b'nosniff'), (b'Referrer-Policy', b'no-referrer'), (b'Permissions-Policy', b'camera=(), microphone=(), geolocation=()'), (b'Content-Type', b'application/json; charset=utf-8'), (b'Date', b'Thu, 09 Apr 2026 03:56:43 GMT'), (b'Connection', b'keep-alive'), (b'Keep-Alive', b'timeout=5'), (b'Content-Length', b'275')])
2026-04-09 11:56:43 [INFO] httpx - HTTP Request: POST http://127.0.0.1:18789/tools/invoke "HTTP/1.1 200 OK"
2026-04-09 11:56:43 [DEBUG] httpcore.http11 - receive_response_body.started request=<Request [b'POST']>
2026-04-09 11:56:43 [DEBUG] httpcore.http11 - receive_response_body.complete
2026-04-09 11:56:43 [DEBUG] httpcore.http11 - response_closed.started
2026-04-09 11:56:43 [DEBUG] httpcore.http11 - response_closed.complete
2026-04-09 11:56:43 [INFO] openclaw_alpha.openclaw.cron_utils - 轮询 HTTP 调用: job_id=95ca0e92-97ba-43a3-ad33-147f2b187c26, poll_count=13, poll_elapsed=4.17s
2026-04-09 11:56:43 [INFO] openclaw_alpha.openclaw.cron_utils - 轮询响应: ok=True, entries_count=0
2026-04-09 11:56:53 [DEBUG] httpcore.connection - close.started
2026-04-09 11:56:53 [DEBUG] httpcore.connection - close.complete
2026-04-09 11:56:53 [DEBUG] httpcore.connection - connect_tcp.started host='127.0.0.1' port=18789 local_address=None timeout=10.0 socket_options=None
2026-04-09 11:56:53 [DEBUG] httpcore.connection - connect_tcp.complete return_value=<httpcore._backends.anyio.AnyIOStream object at 0x7ae86e520130>
2026-04-09 11:56:53 [DEBUG] httpcore.http11 - send_request_headers.started request=<Request [b'POST']>
2026-04-09 11:56:53 [DEBUG] httpcore.http11 - send_request_headers.complete
2026-04-09 11:56:53 [DEBUG] httpcore.http11 - send_request_body.started request=<Request [b'POST']>
2026-04-09 11:56:53 [DEBUG] httpcore.http11 - send_request_body.complete
2026-04-09 11:56:53 [DEBUG] httpcore.http11 - receive_response_headers.started request=<Request [b'POST']>
2026-04-09 11:56:55 [DEBUG] httpcore.http11 - receive_response_headers.complete return_value=(b'HTTP/1.1', 200, b'OK', [(b'X-Content-Type-Options', b'nosniff'), (b'Referrer-Policy', b'no-referrer'), (b'Permissions-Policy', b'camera=(), microphone=(), geolocation=()'), (b'Content-Type', b'application/json; charset=utf-8'), (b'Date', b'Thu, 09 Apr 2026 03:56:55 GMT'), (b'Connection', b'keep-alive'), (b'Keep-Alive', b'timeout=5'), (b'Content-Length', b'275')])
2026-04-09 11:56:55 [INFO] httpx - HTTP Request: POST http://127.0.0.1:18789/tools/invoke "HTTP/1.1 200 OK"
2026-04-09 11:56:55 [DEBUG] httpcore.http11 - receive_response_body.started request=<Request [b'POST']>
2026-04-09 11:56:55 [DEBUG] httpcore.http11 - receive_response_body.complete
2026-04-09 11:56:55 [DEBUG] httpcore.http11 - response_closed.started
2026-04-09 11:56:55 [DEBUG] httpcore.http11 - response_closed.complete
2026-04-09 11:56:55 [INFO] openclaw_alpha.openclaw.cron_utils - 轮询 HTTP 调用: job_id=95ca0e92-97ba-43a3-ad33-147f2b187c26, poll_count=14, poll_elapsed=2.33s
2026-04-09 11:56:55 [INFO] openclaw_alpha.openclaw.cron_utils - 轮询响应: ok=True, entries_count=0
2026-04-09 11:57:05 [DEBUG] httpcore.connection - close.started
2026-04-09 11:57:05 [DEBUG] httpcore.connection - close.complete
2026-04-09 11:57:05 [DEBUG] httpcore.connection - connect_tcp.started host='127.0.0.1' port=18789 local_address=None timeout=10.0 socket_options=None
2026-04-09 11:57:05 [DEBUG] httpcore.connection - connect_tcp.complete return_value=<httpcore._backends.anyio.AnyIOStream object at 0x7ae86e4c4c80>
2026-04-09 11:57:05 [DEBUG] httpcore.http11 - send_request_headers.started request=<Request [b'POST']>
2026-04-09 11:57:05 [DEBUG] httpcore.http11 - send_request_headers.complete
2026-04-09 11:57:05 [DEBUG] httpcore.http11 - send_request_body.started request=<Request [b'POST']>
2026-04-09 11:57:05 [DEBUG] httpcore.http11 - send_request_body.complete
2026-04-09 11:57:05 [DEBUG] httpcore.http11 - receive_response_headers.started request=<Request [b'POST']>
2026-04-09 11:57:07 [DEBUG] httpcore.http11 - receive_response_headers.complete return_value=(b'HTTP/1.1', 200, b'OK', [(b'X-Content-Type-Options', b'nosniff'), (b'Referrer-Policy', b'no-referrer'), (b'Permissions-Policy', b'camera=(), microphone=(), geolocation=()'), (b'Content-Type', b'application/json; charset=utf-8'), (b'Date', b'Thu, 09 Apr 2026 03:57:07 GMT'), (b'Connection', b'keep-alive'), (b'Keep-Alive', b'timeout=5'), (b'Content-Length', b'275')])
2026-04-09 11:57:07 [INFO] httpx - HTTP Request: POST http://127.0.0.1:18789/tools/invoke "HTTP/1.1 200 OK"
2026-04-09 11:57:07 [DEBUG] httpcore.http11 - receive_response_body.started request=<Request [b'POST']>
2026-04-09 11:57:07 [DEBUG] httpcore.http11 - receive_response_body.complete
2026-04-09 11:57:07 [DEBUG] httpcore.http11 - response_closed.started
2026-04-09 11:57:07 [DEBUG] httpcore.http11 - response_closed.complete
2026-04-09 11:57:07 [INFO] openclaw_alpha.openclaw.cron_utils - 轮询 HTTP 调用: job_id=95ca0e92-97ba-43a3-ad33-147f2b187c26, poll_count=15, poll_elapsed=2.08s
2026-04-09 11:57:07 [INFO] openclaw_alpha.openclaw.cron_utils - 轮询响应: ok=True, entries_count=0
2026-04-09 11:57:17 [DEBUG] httpcore.connection - close.started
2026-04-09 11:57:17 [DEBUG] httpcore.connection - close.complete
2026-04-09 11:57:17 [DEBUG] httpcore.connection - connect_tcp.started host='127.0.0.1' port=18789 local_address=None timeout=10.0 socket_options=None
2026-04-09 11:57:17 [DEBUG] httpcore.connection - connect_tcp.complete return_value=<httpcore._backends.anyio.AnyIOStream object at 0x7ae86e524d10>
2026-04-09 11:57:17 [DEBUG] httpcore.http11 - send_request_headers.started request=<Request [b'POST']>
2026-04-09 11:57:17 [DEBUG] httpcore.http11 - send_request_headers.complete
2026-04-09 11:57:17 [DEBUG] httpcore.http11 - send_request_body.started request=<Request [b'POST']>
2026-04-09 11:57:17 [DEBUG] httpcore.http11 - send_request_body.complete
2026-04-09 11:57:17 [DEBUG] httpcore.http11 - receive_response_headers.started request=<Request [b'POST']>
2026-04-09 11:57:19 [DEBUG] httpcore.http11 - receive_response_headers.complete return_value=(b'HTTP/1.1', 200, b'OK', [(b'X-Content-Type-Options', b'nosniff'), (b'Referrer-Policy', b'no-referrer'), (b'Permissions-Policy', b'camera=(), microphone=(), geolocation=()'), (b'Content-Type', b'application/json; charset=utf-8'), (b'Date', b'Thu, 09 Apr 2026 03:57:19 GMT'), (b'Connection', b'keep-alive'), (b'Keep-Alive', b'timeout=5'), (b'Content-Length', b'275')])
2026-04-09 11:57:19 [INFO] httpx - HTTP Request: POST http://127.0.0.1:18789/tools/invoke "HTTP/1.1 200 OK"
2026-04-09 11:57:19 [DEBUG] httpcore.http11 - receive_response_body.started request=<Request [b'POST']>
2026-04-09 11:57:19 [DEBUG] httpcore.http11 - receive_response_body.complete
2026-04-09 11:57:19 [DEBUG] httpcore.http11 - response_closed.started
2026-04-09 11:57:19 [DEBUG] httpcore.http11 - response_closed.complete
2026-04-09 11:57:19 [INFO] openclaw_alpha.openclaw.cron_utils - 轮询 HTTP 调用: job_id=95ca0e92-97ba-43a3-ad33-147f2b187c26, poll_count=16, poll_elapsed=2.08s
2026-04-09 11:57:19 [INFO] openclaw_alpha.openclaw.cron_utils - 轮询响应: ok=True, entries_count=0
2026-04-09 11:57:29 [DEBUG] httpcore.connection - close.started
2026-04-09 11:57:29 [DEBUG] httpcore.connection - close.complete
2026-04-09 11:57:29 [DEBUG] httpcore.connection - connect_tcp.started host='127.0.0.1' port=18789 local_address=None timeout=10.0 socket_options=None
2026-04-09 11:57:29 [DEBUG] httpcore.connection - connect_tcp.complete return_value=<httpcore._backends.anyio.AnyIOStream object at 0x7ae86e5253d0>
2026-04-09 11:57:29 [DEBUG] httpcore.http11 - send_request_headers.started request=<Request [b'POST']>
2026-04-09 11:57:29 [DEBUG] httpcore.http11 - send_request_headers.complete
2026-04-09 11:57:29 [DEBUG] httpcore.http11 - send_request_body.started request=<Request [b'POST']>
2026-04-09 11:57:29 [DEBUG] httpcore.http11 - send_request_body.complete
2026-04-09 11:57:29 [DEBUG] httpcore.http11 - receive_response_headers.started request=<Request [b'POST']>
2026-04-09 11:57:33 [DEBUG] httpcore.http11 - receive_response_headers.complete return_value=(b'HTTP/1.1', 200, b'OK', [(b'X-Content-Type-Options', b'nosniff'), (b'Referrer-Policy', b'no-referrer'), (b'Permissions-Policy', b'camera=(), microphone=(), geolocation=()'), (b'Content-Type', b'application/json; charset=utf-8'), (b'Date', b'Thu, 09 Apr 2026 03:57:33 GMT'), (b'Connection', b'keep-alive'), (b'Keep-Alive', b'timeout=5'), (b'Content-Length', b'275')])
2026-04-09 11:57:33 [INFO] httpx - HTTP Request: POST http://127.0.0.1:18789/tools/invoke "HTTP/1.1 200 OK"
2026-04-09 11:57:33 [DEBUG] httpcore.http11 - receive_response_body.started request=<Request [b'POST']>
2026-04-09 11:57:33 [DEBUG] httpcore.http11 - receive_response_body.complete
2026-04-09 11:57:33 [DEBUG] httpcore.http11 - response_closed.started
2026-04-09 11:57:33 [DEBUG] httpcore.http11 - response_closed.complete
2026-04-09 11:57:33 [INFO] openclaw_alpha.openclaw.cron_utils - 轮询 HTTP 调用: job_id=95ca0e92-97ba-43a3-ad33-147f2b187c26, poll_count=17, poll_elapsed=3.57s
2026-04-09 11:57:33 [INFO] openclaw_alpha.openclaw.cron_utils - 轮询响应: ok=True, entries_count=0
2026-04-09 11:57:43 [DEBUG] httpcore.connection - close.started
2026-04-09 11:57:43 [DEBUG] httpcore.connection - close.complete
2026-04-09 11:57:43 [DEBUG] httpcore.connection - connect_tcp.started host='127.0.0.1' port=18789 local_address=None timeout=10.0 socket_options=None
2026-04-09 11:57:43 [DEBUG] httpcore.connection - connect_tcp.complete return_value=<httpcore._backends.anyio.AnyIOStream object at 0x7ae86e5285d0>
2026-04-09 11:57:43 [DEBUG] httpcore.http11 - send_request_headers.started request=<Request [b'POST']>
2026-04-09 11:57:43 [DEBUG] httpcore.http11 - send_request_headers.complete
2026-04-09 11:57:43 [DEBUG] httpcore.http11 - send_request_body.started request=<Request [b'POST']>
2026-04-09 11:57:43 [DEBUG] httpcore.http11 - send_request_body.complete
2026-04-09 11:57:43 [DEBUG] httpcore.http11 - receive_response_headers.started request=<Request [b'POST']>
2026-04-09 11:57:45 [DEBUG] httpcore.http11 - receive_response_headers.complete return_value=(b'HTTP/1.1', 200, b'OK', [(b'X-Content-Type-Options', b'nosniff'), (b'Referrer-Policy', b'no-referrer'), (b'Permissions-Policy', b'camera=(), microphone=(), geolocation=()'), (b'Content-Type', b'application/json; charset=utf-8'), (b'Date', b'Thu, 09 Apr 2026 03:57:45 GMT'), (b'Connection', b'keep-alive'), (b'Keep-Alive', b'timeout=5'), (b'Content-Length', b'275')])
2026-04-09 11:57:45 [INFO] httpx - HTTP Request: POST http://127.0.0.1:18789/tools/invoke "HTTP/1.1 200 OK"
2026-04-09 11:57:45 [DEBUG] httpcore.http11 - receive_response_body.started request=<Request [b'POST']>
2026-04-09 11:57:45 [DEBUG] httpcore.http11 - receive_response_body.complete
2026-04-09 11:57:45 [DEBUG] httpcore.http11 - response_closed.started
2026-04-09 11:57:45 [DEBUG] httpcore.http11 - response_closed.complete
2026-04-09 11:57:45 [INFO] openclaw_alpha.openclaw.cron_utils - 轮询 HTTP 调用: job_id=95ca0e92-97ba-43a3-ad33-147f2b187c26, poll_count=18, poll_elapsed=2.30s
2026-04-09 11:57:45 [INFO] openclaw_alpha.openclaw.cron_utils - 轮询响应: ok=True, entries_count=0
2026-04-09 11:57:55 [DEBUG] httpcore.connection - close.started
2026-04-09 11:57:55 [DEBUG] httpcore.connection - close.complete
2026-04-09 11:57:55 [DEBUG] httpcore.connection - connect_tcp.started host='127.0.0.1' port=18789 local_address=None timeout=10.0 socket_options=None
2026-04-09 11:57:55 [DEBUG] httpcore.connection - connect_tcp.complete return_value=<httpcore._backends.anyio.AnyIOStream object at 0x7ae86e528e10>
2026-04-09 11:57:55 [DEBUG] httpcore.http11 - send_request_headers.started request=<Request [b'POST']>
2026-04-09 11:57:55 [DEBUG] httpcore.http11 - send_request_headers.complete
2026-04-09 11:57:55 [DEBUG] httpcore.http11 - send_request_body.started request=<Request [b'POST']>
2026-04-09 11:57:55 [DEBUG] httpcore.http11 - send_request_body.complete
2026-04-09 11:57:55 [DEBUG] httpcore.http11 - receive_response_headers.started request=<Request [b'POST']>
2026-04-09 11:57:57 [DEBUG] httpcore.http11 - receive_response_headers.complete return_value=(b'HTTP/1.1', 200, b'OK', [(b'X-Content-Type-Options', b'nosniff'), (b'Referrer-Policy', b'no-referrer'), (b'Permissions-Policy', b'camera=(), microphone=(), geolocation=()'), (b'Content-Type', b'application/json; charset=utf-8'), (b'Date', b'Thu, 09 Apr 2026 03:57:57 GMT'), (b'Connection', b'keep-alive'), (b'Keep-Alive', b'timeout=5'), (b'Content-Length', b'275')])
2026-04-09 11:57:57 [INFO] httpx - HTTP Request: POST http://127.0.0.1:18789/tools/invoke "HTTP/1.1 200 OK"
2026-04-09 11:57:57 [DEBUG] httpcore.http11 - receive_response_body.started request=<Request [b'POST']>
2026-04-09 11:57:57 [DEBUG] httpcore.http11 - receive_response_body.complete
2026-04-09 11:57:57 [DEBUG] httpcore.http11 - response_closed.started
2026-04-09 11:57:57 [DEBUG] httpcore.http11 - response_closed.complete
2026-04-09 11:57:57 [INFO] openclaw_alpha.openclaw.cron_utils - 轮询 HTTP 调用: job_id=95ca0e92-97ba-43a3-ad33-147f2b187c26, poll_count=19, poll_elapsed=1.58s
2026-04-09 11:57:57 [INFO] openclaw_alpha.openclaw.cron_utils - 轮询响应: ok=True, entries_count=0
2026-04-09 11:58:07 [DEBUG] httpcore.connection - close.started
2026-04-09 11:58:07 [DEBUG] httpcore.connection - close.complete
2026-04-09 11:58:07 [DEBUG] httpcore.connection - connect_tcp.started host='127.0.0.1' port=18789 local_address=None timeout=10.0 socket_options=None
2026-04-09 11:58:07 [DEBUG] httpcore.connection - connect_tcp.complete return_value=<httpcore._backends.anyio.AnyIOStream object at 0x7ae86e4e79d0>
2026-04-09 11:58:07 [DEBUG] httpcore.http11 - send_request_headers.started request=<Request [b'POST']>
2026-04-09 11:58:07 [DEBUG] httpcore.http11 - send_request_headers.complete
2026-04-09 11:58:07 [DEBUG] httpcore.http11 - send_request_body.started request=<Request [b'POST']>
2026-04-09 11:58:07 [DEBUG] httpcore.http11 - send_request_body.complete
2026-04-09 11:58:07 [DEBUG] httpcore.http11 - receive_response_headers.started request=<Request [b'POST']>
2026-04-09 11:58:09 [DEBUG] httpcore.http11 - receive_response_headers.complete return_value=(b'HTTP/1.1', 200, b'OK', [(b'X-Content-Type-Options', b'nosniff'), (b'Referrer-Policy', b'no-referrer'), (b'Permissions-Policy', b'camera=(), microphone=(), geolocation=()'), (b'Content-Type', b'application/json; charset=utf-8'), (b'Date', b'Thu, 09 Apr 2026 03:58:09 GMT'), (b'Connection', b'keep-alive'), (b'Keep-Alive', b'timeout=5'), (b'Content-Length', b'275')])
2026-04-09 11:58:09 [INFO] httpx - HTTP Request: POST http://127.0.0.1:18789/tools/invoke "HTTP/1.1 200 OK"
2026-04-09 11:58:09 [DEBUG] httpcore.http11 - receive_response_body.started request=<Request [b'POST']>
2026-04-09 11:58:09 [DEBUG] httpcore.http11 - receive_response_body.complete
2026-04-09 11:58:09 [DEBUG] httpcore.http11 - response_closed.started
2026-04-09 11:58:09 [DEBUG] httpcore.http11 - response_closed.complete
2026-04-09 11:58:09 [INFO] openclaw_alpha.openclaw.cron_utils - 轮询 HTTP 调用: job_id=95ca0e92-97ba-43a3-ad33-147f2b187c26, poll_count=20, poll_elapsed=2.04s
2026-04-09 11:58:09 [INFO] openclaw_alpha.openclaw.cron_utils - 轮询响应: ok=True, entries_count=0
2026-04-09 11:58:19 [DEBUG] httpcore.connection - close.started
2026-04-09 11:58:19 [DEBUG] httpcore.connection - close.complete
2026-04-09 11:58:19 [DEBUG] httpcore.connection - connect_tcp.started host='127.0.0.1' port=18789 local_address=None timeout=10.0 socket_options=None
2026-04-09 11:58:19 [DEBUG] httpcore.connection - connect_tcp.complete return_value=<httpcore._backends.anyio.AnyIOStream object at 0x7ae86e4e7c50>
2026-04-09 11:58:19 [DEBUG] httpcore.http11 - send_request_headers.started request=<Request [b'POST']>
2026-04-09 11:58:19 [DEBUG] httpcore.http11 - send_request_headers.complete
2026-04-09 11:58:19 [DEBUG] httpcore.http11 - send_request_body.started request=<Request [b'POST']>
2026-04-09 11:58:19 [DEBUG] httpcore.http11 - send_request_body.complete
2026-04-09 11:58:19 [DEBUG] httpcore.http11 - receive_response_headers.started request=<Request [b'POST']>
2026-04-09 11:58:23 [DEBUG] httpcore.http11 - receive_response_headers.complete return_value=(b'HTTP/1.1', 200, b'OK', [(b'X-Content-Type-Options', b'nosniff'), (b'Referrer-Policy', b'no-referrer'), (b'Permissions-Policy', b'camera=(), microphone=(), geolocation=()'), (b'Content-Type', b'application/json; charset=utf-8'), (b'Date', b'Thu, 09 Apr 2026 03:58:23 GMT'), (b'Connection', b'keep-alive'), (b'Keep-Alive', b'timeout=5'), (b'Content-Length', b'275')])
2026-04-09 11:58:23 [INFO] httpx - HTTP Request: POST http://127.0.0.1:18789/tools/invoke "HTTP/1.1 200 OK"
2026-04-09 11:58:23 [DEBUG] httpcore.http11 - receive_response_body.started request=<Request [b'POST']>
2026-04-09 11:58:23 [DEBUG] httpcore.http11 - receive_response_body.complete
2026-04-09 11:58:23 [DEBUG] httpcore.http11 - response_closed.started
2026-04-09 11:58:23 [DEBUG] httpcore.http11 - response_closed.complete
2026-04-09 11:58:23 [INFO] openclaw_alpha.openclaw.cron_utils - 轮询 HTTP 调用: job_id=95ca0e92-97ba-43a3-ad33-147f2b187c26, poll_count=21, poll_elapsed=3.63s
2026-04-09 11:58:23 [INFO] openclaw_alpha.openclaw.cron_utils - 轮询响应: ok=True, entries_count=0
2026-04-09 11:58:33 [DEBUG] httpcore.connection - close.started
2026-04-09 11:58:33 [DEBUG] httpcore.connection - close.complete
2026-04-09 11:58:33 [DEBUG] httpcore.connection - connect_tcp.started host='127.0.0.1' port=18789 local_address=None timeout=10.0 socket_options=None
2026-04-09 11:58:33 [DEBUG] httpcore.connection - connect_tcp.complete return_value=<httpcore._backends.anyio.AnyIOStream object at 0x7ae86e4630b0>
2026-04-09 11:58:33 [DEBUG] httpcore.http11 - send_request_headers.started request=<Request [b'POST']>
2026-04-09 11:58:33 [DEBUG] httpcore.http11 - send_request_headers.complete
2026-04-09 11:58:33 [DEBUG] httpcore.http11 - send_request_body.started request=<Request [b'POST']>
2026-04-09 11:58:33 [DEBUG] httpcore.http11 - send_request_body.complete
2026-04-09 11:58:33 [DEBUG] httpcore.http11 - receive_response_headers.started request=<Request [b'POST']>
2026-04-09 11:58:35 [DEBUG] httpcore.http11 - receive_response_headers.complete return_value=(b'HTTP/1.1', 200, b'OK', [(b'X-Content-Type-Options', b'nosniff'), (b'Referrer-Policy', b'no-referrer'), (b'Permissions-Policy', b'camera=(), microphone=(), geolocation=()'), (b'Content-Type', b'application/json; charset=utf-8'), (b'Date', b'Thu, 09 Apr 2026 03:58:35 GMT'), (b'Connection', b'keep-alive'), (b'Keep-Alive', b'timeout=5'), (b'Content-Length', b'275')])
2026-04-09 11:58:35 [INFO] httpx - HTTP Request: POST http://127.0.0.1:18789/tools/invoke "HTTP/1.1 200 OK"
2026-04-09 11:58:35 [DEBUG] httpcore.http11 - receive_response_body.started request=<Request [b'POST']>
2026-04-09 11:58:35 [DEBUG] httpcore.http11 - receive_response_body.complete
2026-04-09 11:58:35 [DEBUG] httpcore.http11 - response_closed.started
2026-04-09 11:58:35 [DEBUG] httpcore.http11 - response_closed.complete
2026-04-09 11:58:35 [INFO] openclaw_alpha.openclaw.cron_utils - 轮询 HTTP 调用: job_id=95ca0e92-97ba-43a3-ad33-147f2b187c26, poll_count=22, poll_elapsed=2.30s
2026-04-09 11:58:35 [INFO] openclaw_alpha.openclaw.cron_utils - 轮询响应: ok=True, entries_count=0
2026-04-09 11:58:45 [DEBUG] httpcore.connection - close.started
2026-04-09 11:58:45 [DEBUG] httpcore.connection - close.complete
2026-04-09 11:58:45 [DEBUG] httpcore.connection - connect_tcp.started host='127.0.0.1' port=18789 local_address=None timeout=10.0 socket_options=None
2026-04-09 11:58:45 [DEBUG] httpcore.connection - connect_tcp.complete return_value=<httpcore._backends.anyio.AnyIOStream object at 0x7ae86e4efd50>
2026-04-09 11:58:45 [DEBUG] httpcore.http11 - send_request_headers.started request=<Request [b'POST']>
2026-04-09 11:58:45 [DEBUG] httpcore.http11 - send_request_headers.complete
2026-04-09 11:58:45 [DEBUG] httpcore.http11 - send_request_body.started request=<Request [b'POST']>
2026-04-09 11:58:45 [DEBUG] httpcore.http11 - send_request_body.complete
2026-04-09 11:58:45 [DEBUG] httpcore.http11 - receive_response_headers.started request=<Request [b'POST']>
2026-04-09 11:58:47 [DEBUG] httpcore.http11 - receive_response_headers.complete return_value=(b'HTTP/1.1', 200, b'OK', [(b'X-Content-Type-Options', b'nosniff'), (b'Referrer-Policy', b'no-referrer'), (b'Permissions-Policy', b'camera=(), microphone=(), geolocation=()'), (b'Content-Type', b'application/json; charset=utf-8'), (b'Date', b'Thu, 09 Apr 2026 03:58:47 GMT'), (b'Connection', b'keep-alive'), (b'Keep-Alive', b'timeout=5'), (b'Content-Length', b'275')])
2026-04-09 11:58:47 [INFO] httpx - HTTP Request: POST http://127.0.0.1:18789/tools/invoke "HTTP/1.1 200 OK"
2026-04-09 11:58:47 [DEBUG] httpcore.http11 - receive_response_body.started request=<Request [b'POST']>
2026-04-09 11:58:47 [DEBUG] httpcore.http11 - receive_response_body.complete
2026-04-09 11:58:47 [DEBUG] httpcore.http11 - response_closed.started
2026-04-09 11:58:47 [DEBUG] httpcore.http11 - response_closed.complete
2026-04-09 11:58:47 [INFO] openclaw_alpha.openclaw.cron_utils - 轮询 HTTP 调用: job_id=95ca0e92-97ba-43a3-ad33-147f2b187c26, poll_count=23, poll_elapsed=2.03s
2026-04-09 11:58:47 [INFO] openclaw_alpha.openclaw.cron_utils - 轮询响应: ok=True, entries_count=0
2026-04-09 11:58:57 [DEBUG] httpcore.connection - close.started
2026-04-09 11:58:57 [DEBUG] httpcore.connection - close.complete
2026-04-09 11:58:57 [DEBUG] httpcore.connection - connect_tcp.started host='127.0.0.1' port=18789 local_address=None timeout=10.0 socket_options=None
2026-04-09 11:58:57 [DEBUG] httpcore.connection - connect_tcp.complete return_value=<httpcore._backends.anyio.AnyIOStream object at 0x7ae86e4ef7d0>
2026-04-09 11:58:57 [DEBUG] httpcore.http11 - send_request_headers.started request=<Request [b'POST']>
2026-04-09 11:58:57 [DEBUG] httpcore.http11 - send_request_headers.complete
2026-04-09 11:58:57 [DEBUG] httpcore.http11 - send_request_body.started request=<Request [b'POST']>
2026-04-09 11:58:57 [DEBUG] httpcore.http11 - send_request_body.complete
2026-04-09 11:58:57 [DEBUG] httpcore.http11 - receive_response_headers.started request=<Request [b'POST']>
2026-04-09 11:58:59 [DEBUG] httpcore.http11 - receive_response_headers.complete return_value=(b'HTTP/1.1', 200, b'OK', [(b'X-Content-Type-Options', b'nosniff'), (b'Referrer-Policy', b'no-referrer'), (b'Permissions-Policy', b'camera=(), microphone=(), geolocation=()'), (b'Content-Type', b'application/json; charset=utf-8'), (b'Date', b'Thu, 09 Apr 2026 03:58:59 GMT'), (b'Connection', b'keep-alive'), (b'Keep-Alive', b'timeout=5'), (b'Content-Length', b'275')])
2026-04-09 11:58:59 [INFO] httpx - HTTP Request: POST http://127.0.0.1:18789/tools/invoke "HTTP/1.1 200 OK"
2026-04-09 11:58:59 [DEBUG] httpcore.http11 - receive_response_body.started request=<Request [b'POST']>
2026-04-09 11:58:59 [DEBUG] httpcore.http11 - receive_response_body.complete
2026-04-09 11:58:59 [DEBUG] httpcore.http11 - response_closed.started
2026-04-09 11:58:59 [DEBUG] httpcore.http11 - response_closed.complete
2026-04-09 11:58:59 [INFO] openclaw_alpha.openclaw.cron_utils - 轮询 HTTP 调用: job_id=95ca0e92-97ba-43a3-ad33-147f2b187c26, poll_count=24, poll_elapsed=2.12s
2026-04-09 11:58:59 [INFO] openclaw_alpha.openclaw.cron_utils - 轮询响应: ok=True, entries_count=0
2026-04-09 11:59:09 [DEBUG] httpcore.connection - close.started
2026-04-09 11:59:09 [DEBUG] httpcore.connection - close.complete
2026-04-09 11:59:09 [DEBUG] httpcore.connection - connect_tcp.started host='127.0.0.1' port=18789 local_address=None timeout=10.0 socket_options=None
2026-04-09 11:59:09 [DEBUG] httpcore.connection - connect_tcp.complete return_value=<httpcore._backends.anyio.AnyIOStream object at 0x7ae86ef53850>
2026-04-09 11:59:09 [DEBUG] httpcore.http11 - send_request_headers.started request=<Request [b'POST']>
2026-04-09 11:59:09 [DEBUG] httpcore.http11 - send_request_headers.complete
2026-04-09 11:59:09 [DEBUG] httpcore.http11 - send_request_body.started request=<Request [b'POST']>
2026-04-09 11:59:09 [DEBUG] httpcore.http11 - send_request_body.complete
2026-04-09 11:59:09 [DEBUG] httpcore.http11 - receive_response_headers.started request=<Request [b'POST']>
2026-04-09 11:59:13 [DEBUG] httpcore.http11 - receive_response_headers.complete return_value=(b'HTTP/1.1', 200, b'OK', [(b'X-Content-Type-Options', b'nosniff'), (b'Referrer-Policy', b'no-referrer'), (b'Permissions-Policy', b'camera=(), microphone=(), geolocation=()'), (b'Content-Type', b'application/json; charset=utf-8'), (b'Date', b'Thu, 09 Apr 2026 03:59:13 GMT'), (b'Connection', b'keep-alive'), (b'Keep-Alive', b'timeout=5'), (b'Content-Length', b'275')])
2026-04-09 11:59:13 [INFO] httpx - HTTP Request: POST http://127.0.0.1:18789/tools/invoke "HTTP/1.1 200 OK"
2026-04-09 11:59:13 [DEBUG] httpcore.http11 - receive_response_body.started request=<Request [b'POST']>
2026-04-09 11:59:13 [DEBUG] httpcore.http11 - receive_response_body.complete
2026-04-09 11:59:13 [DEBUG] httpcore.http11 - response_closed.started
2026-04-09 11:59:13 [DEBUG] httpcore.http11 - response_closed.complete
2026-04-09 11:59:13 [INFO] openclaw_alpha.openclaw.cron_utils - 轮询 HTTP 调用: job_id=95ca0e92-97ba-43a3-ad33-147f2b187c26, poll_count=25, poll_elapsed=3.54s
2026-04-09 11:59:13 [INFO] openclaw_alpha.openclaw.cron_utils - 轮询响应: ok=True, entries_count=0
2026-04-09 11:59:23 [DEBUG] httpcore.connection - close.started
2026-04-09 11:59:23 [DEBUG] httpcore.connection - close.complete
2026-04-09 11:59:23 [DEBUG] httpcore.connection - connect_tcp.started host='127.0.0.1' port=18789 local_address=None timeout=10.0 socket_options=None
2026-04-09 11:59:23 [DEBUG] httpcore.connection - connect_tcp.complete return_value=<httpcore._backends.anyio.AnyIOStream object at 0x7ae86ef537e0>
2026-04-09 11:59:23 [DEBUG] httpcore.http11 - send_request_headers.started request=<Request [b'POST']>
2026-04-09 11:59:23 [DEBUG] httpcore.http11 - send_request_headers.complete
2026-04-09 11:59:23 [DEBUG] httpcore.http11 - send_request_body.started request=<Request [b'POST']>
2026-04-09 11:59:23 [DEBUG] httpcore.http11 - send_request_body.complete
2026-04-09 11:59:23 [DEBUG] httpcore.http11 - receive_response_headers.started request=<Request [b'POST']>
2026-04-09 11:59:25 [DEBUG] httpcore.http11 - receive_response_headers.complete return_value=(b'HTTP/1.1', 200, b'OK', [(b'X-Content-Type-Options', b'nosniff'), (b'Referrer-Policy', b'no-referrer'), (b'Permissions-Policy', b'camera=(), microphone=(), geolocation=()'), (b'Content-Type', b'application/json; charset=utf-8'), (b'Date', b'Thu, 09 Apr 2026 03:59:25 GMT'), (b'Connection', b'keep-alive'), (b'Keep-Alive', b'timeout=5'), (b'Content-Length', b'275')])
2026-04-09 11:59:25 [INFO] httpx - HTTP Request: POST http://127.0.0.1:18789/tools/invoke "HTTP/1.1 200 OK"
2026-04-09 11:59:25 [DEBUG] httpcore.http11 - receive_response_body.started request=<Request [b'POST']>
2026-04-09 11:59:25 [DEBUG] httpcore.http11 - receive_response_body.complete
2026-04-09 11:59:25 [DEBUG] httpcore.http11 - response_closed.started
2026-04-09 11:59:25 [DEBUG] httpcore.http11 - response_closed.complete
2026-04-09 11:59:25 [INFO] openclaw_alpha.openclaw.cron_utils - 轮询 HTTP 调用: job_id=95ca0e92-97ba-43a3-ad33-147f2b187c26, poll_count=26, poll_elapsed=2.28s
2026-04-09 11:59:25 [INFO] openclaw_alpha.openclaw.cron_utils - 轮询响应: ok=True, entries_count=0
2026-04-09 11:59:35 [DEBUG] httpcore.connection - close.started
2026-04-09 11:59:35 [DEBUG] httpcore.connection - close.complete
2026-04-09 11:59:35 [DEBUG] httpcore.connection - connect_tcp.started host='127.0.0.1' port=18789 local_address=None timeout=10.0 socket_options=None
2026-04-09 11:59:35 [DEBUG] httpcore.connection - connect_tcp.complete return_value=<httpcore._backends.anyio.AnyIOStream object at 0x7ae86ed7eb70>
2026-04-09 11:59:35 [DEBUG] httpcore.http11 - send_request_headers.started request=<Request [b'POST']>
2026-04-09 11:59:35 [DEBUG] httpcore.http11 - send_request_headers.complete
2026-04-09 11:59:35 [DEBUG] httpcore.http11 - send_request_body.started request=<Request [b'POST']>
2026-04-09 11:59:35 [DEBUG] httpcore.http11 - send_request_body.complete
2026-04-09 11:59:35 [DEBUG] httpcore.http11 - receive_response_headers.started request=<Request [b'POST']>
2026-04-09 11:59:37 [DEBUG] httpcore.http11 - receive_response_headers.complete return_value=(b'HTTP/1.1', 200, b'OK', [(b'X-Content-Type-Options', b'nosniff'), (b'Referrer-Policy', b'no-referrer'), (b'Permissions-Policy', b'camera=(), microphone=(), geolocation=()'), (b'Content-Type', b'application/json; charset=utf-8'), (b'Date', b'Thu, 09 Apr 2026 03:59:37 GMT'), (b'Connection', b'keep-alive'), (b'Keep-Alive', b'timeout=5'), (b'Content-Length', b'275')])
2026-04-09 11:59:37 [INFO] httpx - HTTP Request: POST http://127.0.0.1:18789/tools/invoke "HTTP/1.1 200 OK"
2026-04-09 11:59:37 [DEBUG] httpcore.http11 - receive_response_body.started request=<Request [b'POST']>
2026-04-09 11:59:37 [DEBUG] httpcore.http11 - receive_response_body.complete
2026-04-09 11:59:37 [DEBUG] httpcore.http11 - response_closed.started
2026-04-09 11:59:37 [DEBUG] httpcore.http11 - response_closed.complete
2026-04-09 11:59:37 [INFO] openclaw_alpha.openclaw.cron_utils - 轮询 HTTP 调用: job_id=95ca0e92-97ba-43a3-ad33-147f2b187c26, poll_count=27, poll_elapsed=2.20s
2026-04-09 11:59:37 [INFO] openclaw_alpha.openclaw.cron_utils - 轮询响应: ok=True, entries_count=0
2026-04-09 11:59:47 [DEBUG] httpcore.connection - close.started
2026-04-09 11:59:47 [DEBUG] httpcore.connection - close.complete
2026-04-09 11:59:47 [DEBUG] httpcore.connection - connect_tcp.started host='127.0.0.1' port=18789 local_address=None timeout=10.0 socket_options=None
2026-04-09 11:59:47 [DEBUG] httpcore.connection - connect_tcp.complete return_value=<httpcore._backends.anyio.AnyIOStream object at 0x7ae86ed7f290>
2026-04-09 11:59:47 [DEBUG] httpcore.http11 - send_request_headers.started request=<Request [b'POST']>
2026-04-09 11:59:47 [DEBUG] httpcore.http11 - send_request_headers.complete
2026-04-09 11:59:47 [DEBUG] httpcore.http11 - send_request_body.started request=<Request [b'POST']>
2026-04-09 11:59:47 [DEBUG] httpcore.http11 - send_request_body.complete
2026-04-09 11:59:47 [DEBUG] httpcore.http11 - receive_response_headers.started request=<Request [b'POST']>
2026-04-09 11:59:49 [DEBUG] httpcore.http11 - receive_response_headers.complete return_value=(b'HTTP/1.1', 200, b'OK', [(b'X-Content-Type-Options', b'nosniff'), (b'Referrer-Policy', b'no-referrer'), (b'Permissions-Policy', b'camera=(), microphone=(), geolocation=()'), (b'Content-Type', b'application/json; charset=utf-8'), (b'Date', b'Thu, 09 Apr 2026 03:59:49 GMT'), (b'Connection', b'keep-alive'), (b'Keep-Alive', b'timeout=5'), (b'Content-Length', b'275')])
2026-04-09 11:59:49 [INFO] httpx - HTTP Request: POST http://127.0.0.1:18789/tools/invoke "HTTP/1.1 200 OK"
2026-04-09 11:59:49 [DEBUG] httpcore.http11 - receive_response_body.started request=<Request [b'POST']>
2026-04-09 11:59:49 [DEBUG] httpcore.http11 - receive_response_body.complete
2026-04-09 11:59:49 [DEBUG] httpcore.http11 - response_closed.started
2026-04-09 11:59:49 [DEBUG] httpcore.http11 - response_closed.complete
2026-04-09 11:59:49 [INFO] openclaw_alpha.openclaw.cron_utils - 轮询 HTTP 调用: job_id=95ca0e92-97ba-43a3-ad33-147f2b187c26, poll_count=28, poll_elapsed=2.05s
2026-04-09 11:59:49 [INFO] openclaw_alpha.openclaw.cron_utils - 轮询响应: ok=True, entries_count=0
2026-04-09 11:59:59 [DEBUG] httpcore.connection - close.started
2026-04-09 11:59:59 [DEBUG] httpcore.connection - close.complete
2026-04-09 11:59:59 [DEBUG] httpcore.connection - connect_tcp.started host='127.0.0.1' port=18789 local_address=None timeout=10.0 socket_options=None
2026-04-09 11:59:59 [DEBUG] httpcore.connection - connect_tcp.complete return_value=<httpcore._backends.anyio.AnyIOStream object at 0x7ae86e4bfed0>
2026-04-09 11:59:59 [DEBUG] httpcore.http11 - send_request_headers.started request=<Request [b'POST']>
2026-04-09 11:59:59 [DEBUG] httpcore.http11 - send_request_headers.complete
2026-04-09 11:59:59 [DEBUG] httpcore.http11 - send_request_body.started request=<Request [b'POST']>
2026-04-09 11:59:59 [DEBUG] httpcore.http11 - send_request_body.complete
2026-04-09 11:59:59 [DEBUG] httpcore.http11 - receive_response_headers.started request=<Request [b'POST']>
2026-04-09 12:00:04 [DEBUG] httpcore.http11 - receive_response_headers.complete return_value=(b'HTTP/1.1', 200, b'OK', [(b'X-Content-Type-Options', b'nosniff'), (b'Referrer-Policy', b'no-referrer'), (b'Permissions-Policy', b'camera=(), microphone=(), geolocation=()'), (b'Content-Type', b'application/json; charset=utf-8'), (b'Date', b'Thu, 09 Apr 2026 04:00:04 GMT'), (b'Connection', b'keep-alive'), (b'Keep-Alive', b'timeout=5'), (b'Content-Length', b'275')])
2026-04-09 12:00:04 [INFO] httpx - HTTP Request: POST http://127.0.0.1:18789/tools/invoke "HTTP/1.1 200 OK"
2026-04-09 12:00:04 [DEBUG] httpcore.http11 - receive_response_body.started request=<Request [b'POST']>
2026-04-09 12:00:04 [DEBUG] httpcore.http11 - receive_response_body.complete
2026-04-09 12:00:04 [DEBUG] httpcore.http11 - response_closed.started
2026-04-09 12:00:04 [DEBUG] httpcore.http11 - response_closed.complete
2026-04-09 12:00:04 [INFO] openclaw_alpha.openclaw.cron_utils - 轮询 HTTP 调用: job_id=95ca0e92-97ba-43a3-ad33-147f2b187c26, poll_count=29, poll_elapsed=4.63s
2026-04-09 12:00:04 [INFO] openclaw_alpha.openclaw.cron_utils - 轮询响应: ok=True, entries_count=0
2026-04-09 12:00:14 [DEBUG] httpcore.connection - close.started
2026-04-09 12:00:14 [DEBUG] httpcore.connection - close.complete
2026-04-09 12:00:14 [DEBUG] httpcore.connection - connect_tcp.started host='127.0.0.1' port=18789 local_address=None timeout=10.0 socket_options=None
2026-04-09 12:00:14 [DEBUG] httpcore.connection - connect_tcp.complete return_value=<httpcore._backends.anyio.AnyIOStream object at 0x7ae86e4a80f0>
2026-04-09 12:00:14 [DEBUG] httpcore.http11 - send_request_headers.started request=<Request [b'POST']>
2026-04-09 12:00:14 [DEBUG] httpcore.http11 - send_request_headers.complete
2026-04-09 12:00:14 [DEBUG] httpcore.http11 - send_request_body.started request=<Request [b'POST']>
2026-04-09 12:00:14 [DEBUG] httpcore.http11 - send_request_body.complete
2026-04-09 12:00:14 [DEBUG] httpcore.http11 - receive_response_headers.started request=<Request [b'POST']>
2026-04-09 12:00:15 [DEBUG] httpcore.http11 - receive_response_headers.complete return_value=(b'HTTP/1.1', 200, b'OK', [(b'X-Content-Type-Options', b'nosniff'), (b'Referrer-Policy', b'no-referrer'), (b'Permissions-Policy', b'camera=(), microphone=(), geolocation=()'), (b'Content-Type', b'application/json; charset=utf-8'), (b'Date', b'Thu, 09 Apr 2026 04:00:15 GMT'), (b'Connection', b'keep-alive'), (b'Keep-Alive', b'timeout=5'), (b'Content-Length', b'275')])
2026-04-09 12:00:15 [INFO] httpx - HTTP Request: POST http://127.0.0.1:18789/tools/invoke "HTTP/1.1 200 OK"
2026-04-09 12:00:15 [DEBUG] httpcore.http11 - receive_response_body.started request=<Request [b'POST']>
2026-04-09 12:00:15 [DEBUG] httpcore.http11 - receive_response_body.complete
2026-04-09 12:00:15 [DEBUG] httpcore.http11 - response_closed.started
2026-04-09 12:00:15 [DEBUG] httpcore.http11 - response_closed.complete
2026-04-09 12:00:15 [INFO] openclaw_alpha.openclaw.cron_utils - 轮询 HTTP 调用: job_id=95ca0e92-97ba-43a3-ad33-147f2b187c26, poll_count=30, poll_elapsed=1.67s
2026-04-09 12:00:15 [INFO] openclaw_alpha.openclaw.cron_utils - 轮询响应: ok=True, entries_count=0
2026-04-09 12:00:25 [DEBUG] httpcore.connection - close.started
2026-04-09 12:00:25 [DEBUG] httpcore.connection - close.complete
2026-04-09 12:00:25 [DEBUG] httpcore.connection - connect_tcp.started host='127.0.0.1' port=18789 local_address=None timeout=10.0 socket_options=None
2026-04-09 12:00:25 [DEBUG] httpcore.connection - connect_tcp.complete return_value=<httpcore._backends.anyio.AnyIOStream object at 0x7ae86e4bf700>
2026-04-09 12:00:25 [DEBUG] httpcore.http11 - send_request_headers.started request=<Request [b'POST']>
2026-04-09 12:00:25 [DEBUG] httpcore.http11 - send_request_headers.complete
2026-04-09 12:00:25 [DEBUG] httpcore.http11 - send_request_body.started request=<Request [b'POST']>
2026-04-09 12:00:25 [DEBUG] httpcore.http11 - send_request_body.complete
2026-04-09 12:00:25 [DEBUG] httpcore.http11 - receive_response_headers.started request=<Request [b'POST']>
2026-04-09 12:00:28 [DEBUG] httpcore.http11 - receive_response_headers.complete return_value=(b'HTTP/1.1', 200, b'OK', [(b'X-Content-Type-Options', b'nosniff'), (b'Referrer-Policy', b'no-referrer'), (b'Permissions-Policy', b'camera=(), microphone=(), geolocation=()'), (b'Content-Type', b'application/json; charset=utf-8'), (b'Date', b'Thu, 09 Apr 2026 04:00:28 GMT'), (b'Connection', b'keep-alive'), (b'Keep-Alive', b'timeout=5'), (b'Content-Length', b'275')])
2026-04-09 12:00:28 [INFO] httpx - HTTP Request: POST http://127.0.0.1:18789/tools/invoke "HTTP/1.1 200 OK"
2026-04-09 12:00:28 [DEBUG] httpcore.http11 - receive_response_body.started request=<Request [b'POST']>
2026-04-09 12:00:28 [DEBUG] httpcore.http11 - receive_response_body.complete
2026-04-09 12:00:28 [DEBUG] httpcore.http11 - response_closed.started
2026-04-09 12:00:28 [DEBUG] httpcore.http11 - response_closed.complete
2026-04-09 12:00:28 [INFO] openclaw_alpha.openclaw.cron_utils - 轮询 HTTP 调用: job_id=95ca0e92-97ba-43a3-ad33-147f2b187c26, poll_count=31, poll_elapsed=2.04s
2026-04-09 12:00:28 [INFO] openclaw_alpha.openclaw.cron_utils - 轮询响应: ok=True, entries_count=0
2026-04-09 12:00:38 [DEBUG] httpcore.connection - close.started
2026-04-09 12:00:38 [DEBUG] httpcore.connection - close.complete
2026-04-09 12:00:38 [DEBUG] httpcore.connection - connect_tcp.started host='127.0.0.1' port=18789 local_address=None timeout=10.0 socket_options=None
2026-04-09 12:00:38 [DEBUG] httpcore.connection - connect_tcp.complete return_value=<httpcore._backends.anyio.AnyIOStream object at 0x7ae86e4e82d0>
2026-04-09 12:00:38 [DEBUG] httpcore.http11 - send_request_headers.started request=<Request [b'POST']>
2026-04-09 12:00:38 [DEBUG] httpcore.http11 - send_request_headers.complete
2026-04-09 12:00:38 [DEBUG] httpcore.http11 - send_request_body.started request=<Request [b'POST']>
2026-04-09 12:00:38 [DEBUG] httpcore.http11 - send_request_body.complete
2026-04-09 12:00:38 [DEBUG] httpcore.http11 - receive_response_headers.started request=<Request [b'POST']>
2026-04-09 12:00:39 [DEBUG] httpcore.http11 - receive_response_headers.complete return_value=(b'HTTP/1.1', 200, b'OK', [(b'X-Content-Type-Options', b'nosniff'), (b'Referrer-Policy', b'no-referrer'), (b'Permissions-Policy', b'camera=(), microphone=(), geolocation=()'), (b'Content-Type', b'application/json; charset=utf-8'), (b'Date', b'Thu, 09 Apr 2026 04:00:39 GMT'), (b'Connection', b'keep-alive'), (b'Keep-Alive', b'timeout=5'), (b'Content-Length', b'275')])
2026-04-09 12:00:39 [INFO] httpx - HTTP Request: POST http://127.0.0.1:18789/tools/invoke "HTTP/1.1 200 OK"
2026-04-09 12:00:39 [DEBUG] httpcore.http11 - receive_response_body.started request=<Request [b'POST']>
2026-04-09 12:00:39 [DEBUG] httpcore.http11 - receive_response_body.complete
2026-04-09 12:00:39 [DEBUG] httpcore.http11 - response_closed.started
2026-04-09 12:00:39 [DEBUG] httpcore.http11 - response_closed.complete
2026-04-09 12:00:39 [INFO] openclaw_alpha.openclaw.cron_utils - 轮询 HTTP 调用: job_id=95ca0e92-97ba-43a3-ad33-147f2b187c26, poll_count=32, poll_elapsed=1.55s
2026-04-09 12:00:39 [INFO] openclaw_alpha.openclaw.cron_utils - 轮询响应: ok=True, entries_count=0
2026-04-09 12:00:49 [DEBUG] httpcore.connection - close.started
2026-04-09 12:00:49 [DEBUG] httpcore.connection - close.complete
2026-04-09 12:00:49 [DEBUG] httpcore.connection - connect_tcp.started host='127.0.0.1' port=18789 local_address=None timeout=10.0 socket_options=None
2026-04-09 12:00:49 [DEBUG] httpcore.connection - connect_tcp.complete return_value=<httpcore._backends.anyio.AnyIOStream object at 0x7ae86e4e88c0>
2026-04-09 12:00:49 [DEBUG] httpcore.http11 - send_request_headers.started request=<Request [b'POST']>
2026-04-09 12:00:49 [DEBUG] httpcore.http11 - send_request_headers.complete
2026-04-09 12:00:49 [DEBUG] httpcore.http11 - send_request_body.started request=<Request [b'POST']>
2026-04-09 12:00:49 [DEBUG] httpcore.http11 - send_request_body.complete
2026-04-09 12:00:49 [DEBUG] httpcore.http11 - receive_response_headers.started request=<Request [b'POST']>
2026-04-09 12:00:53 [DEBUG] httpcore.http11 - receive_response_headers.complete return_value=(b'HTTP/1.1', 200, b'OK', [(b'X-Content-Type-Options', b'nosniff'), (b'Referrer-Policy', b'no-referrer'), (b'Permissions-Policy', b'camera=(), microphone=(), geolocation=()'), (b'Content-Type', b'application/json; charset=utf-8'), (b'Date', b'Thu, 09 Apr 2026 04:00:53 GMT'), (b'Connection', b'keep-alive'), (b'Keep-Alive', b'timeout=5'), (b'Content-Length', b'275')])
2026-04-09 12:00:53 [INFO] httpx - HTTP Request: POST http://127.0.0.1:18789/tools/invoke "HTTP/1.1 200 OK"
2026-04-09 12:00:53 [DEBUG] httpcore.http11 - receive_response_body.started request=<Request [b'POST']>
2026-04-09 12:00:53 [DEBUG] httpcore.http11 - receive_response_body.complete
2026-04-09 12:00:53 [DEBUG] httpcore.http11 - response_closed.started
2026-04-09 12:00:53 [DEBUG] httpcore.http11 - response_closed.complete
2026-04-09 12:00:53 [INFO] openclaw_alpha.openclaw.cron_utils - 轮询 HTTP 调用: job_id=95ca0e92-97ba-43a3-ad33-147f2b187c26, poll_count=33, poll_elapsed=4.06s
2026-04-09 12:00:53 [INFO] openclaw_alpha.openclaw.cron_utils - 轮询响应: ok=True, entries_count=0
2026-04-09 12:01:03 [DEBUG] httpcore.connection - close.started
2026-04-09 12:01:03 [DEBUG] httpcore.connection - close.complete
2026-04-09 12:01:03 [DEBUG] httpcore.connection - connect_tcp.started host='127.0.0.1' port=18789 local_address=None timeout=10.0 socket_options=None
2026-04-09 12:01:03 [DEBUG] httpcore.connection - connect_tcp.complete return_value=<httpcore._backends.anyio.AnyIOStream object at 0x7ae86e4e8b40>
2026-04-09 12:01:03 [DEBUG] httpcore.http11 - send_request_headers.started request=<Request [b'POST']>
2026-04-09 12:01:03 [DEBUG] httpcore.http11 - send_request_headers.complete
2026-04-09 12:01:03 [DEBUG] httpcore.http11 - send_request_body.started request=<Request [b'POST']>
2026-04-09 12:01:03 [DEBUG] httpcore.http11 - send_request_body.complete
2026-04-09 12:01:03 [DEBUG] httpcore.http11 - receive_response_headers.started request=<Request [b'POST']>
2026-04-09 12:01:06 [DEBUG] httpcore.http11 - receive_response_headers.complete return_value=(b'HTTP/1.1', 200, b'OK', [(b'X-Content-Type-Options', b'nosniff'), (b'Referrer-Policy', b'no-referrer'), (b'Permissions-Policy', b'camera=(), microphone=(), geolocation=()'), (b'Content-Type', b'application/json; charset=utf-8'), (b'Date', b'Thu, 09 Apr 2026 04:01:06 GMT'), (b'Connection', b'keep-alive'), (b'Keep-Alive', b'timeout=5'), (b'Content-Length', b'275')])
2026-04-09 12:01:06 [INFO] httpx - HTTP Request: POST http://127.0.0.1:18789/tools/invoke "HTTP/1.1 200 OK"
2026-04-09 12:01:06 [DEBUG] httpcore.http11 - receive_response_body.started request=<Request [b'POST']>
2026-04-09 12:01:06 [DEBUG] httpcore.http11 - receive_response_body.complete
2026-04-09 12:01:06 [DEBUG] httpcore.http11 - response_closed.started
2026-04-09 12:01:06 [DEBUG] httpcore.http11 - response_closed.complete
2026-04-09 12:01:06 [INFO] openclaw_alpha.openclaw.cron_utils - 轮询 HTTP 调用: job_id=95ca0e92-97ba-43a3-ad33-147f2b187c26, poll_count=34, poll_elapsed=2.40s
2026-04-09 12:01:06 [INFO] openclaw_alpha.openclaw.cron_utils - 轮询响应: ok=True, entries_count=0
2026-04-09 12:01:16 [DEBUG] httpcore.connection - close.started
2026-04-09 12:01:16 [DEBUG] httpcore.connection - close.complete
2026-04-09 12:01:16 [DEBUG] httpcore.connection - connect_tcp.started host='127.0.0.1' port=18789 local_address=None timeout=10.0 socket_options=None
2026-04-09 12:01:16 [DEBUG] httpcore.connection - connect_tcp.complete return_value=<httpcore._backends.anyio.AnyIOStream object at 0x7ae86e4e8d70>
2026-04-09 12:01:16 [DEBUG] httpcore.http11 - send_request_headers.started request=<Request [b'POST']>
2026-04-09 12:01:16 [DEBUG] httpcore.http11 - send_request_headers.complete
2026-04-09 12:01:16 [DEBUG] httpcore.http11 - send_request_body.started request=<Request [b'POST']>
2026-04-09 12:01:16 [DEBUG] httpcore.http11 - send_request_body.complete
2026-04-09 12:01:16 [DEBUG] httpcore.http11 - receive_response_headers.started request=<Request [b'POST']>
2026-04-09 12:01:18 [DEBUG] httpcore.http11 - receive_response_headers.complete return_value=(b'HTTP/1.1', 200, b'OK', [(b'X-Content-Type-Options', b'nosniff'), (b'Referrer-Policy', b'no-referrer'), (b'Permissions-Policy', b'camera=(), microphone=(), geolocation=()'), (b'Content-Type', b'application/json; charset=utf-8'), (b'Date', b'Thu, 09 Apr 2026 04:01:18 GMT'), (b'Connection', b'keep-alive'), (b'Keep-Alive', b'timeout=5'), (b'Content-Length', b'275')])
2026-04-09 12:01:18 [INFO] httpx - HTTP Request: POST http://127.0.0.1:18789/tools/invoke "HTTP/1.1 200 OK"
2026-04-09 12:01:18 [DEBUG] httpcore.http11 - receive_response_body.started request=<Request [b'POST']>
2026-04-09 12:01:18 [DEBUG] httpcore.http11 - receive_response_body.complete
2026-04-09 12:01:18 [DEBUG] httpcore.http11 - response_closed.started
2026-04-09 12:01:18 [DEBUG] httpcore.http11 - response_closed.complete
2026-04-09 12:01:18 [INFO] openclaw_alpha.openclaw.cron_utils - 轮询 HTTP 调用: job_id=95ca0e92-97ba-43a3-ad33-147f2b187c26, poll_count=35, poll_elapsed=2.12s
2026-04-09 12:01:18 [INFO] openclaw_alpha.openclaw.cron_utils - 轮询响应: ok=True, entries_count=0
2026-04-09 12:01:28 [DEBUG] httpcore.connection - close.started
2026-04-09 12:01:28 [DEBUG] httpcore.connection - close.complete
2026-04-09 12:01:28 [DEBUG] httpcore.connection - connect_tcp.started host='127.0.0.1' port=18789 local_address=None timeout=10.0 socket_options=None
2026-04-09 12:01:28 [DEBUG] httpcore.connection - connect_tcp.complete return_value=<httpcore._backends.anyio.AnyIOStream object at 0x7ae86e4e8fa0>
2026-04-09 12:01:28 [DEBUG] httpcore.http11 - send_request_headers.started request=<Request [b'POST']>
2026-04-09 12:01:28 [DEBUG] httpcore.http11 - send_request_headers.complete
2026-04-09 12:01:28 [DEBUG] httpcore.http11 - send_request_body.started request=<Request [b'POST']>
2026-04-09 12:01:28 [DEBUG] httpcore.http11 - send_request_body.complete
2026-04-09 12:01:28 [DEBUG] httpcore.http11 - receive_response_headers.started request=<Request [b'POST']>
2026-04-09 12:01:29 [DEBUG] httpcore.http11 - receive_response_headers.complete return_value=(b'HTTP/1.1', 200, b'OK', [(b'X-Content-Type-Options', b'nosniff'), (b'Referrer-Policy', b'no-referrer'), (b'Permissions-Policy', b'camera=(), microphone=(), geolocation=()'), (b'Content-Type', b'application/json; charset=utf-8'), (b'Date', b'Thu, 09 Apr 2026 04:01:29 GMT'), (b'Connection', b'keep-alive'), (b'Keep-Alive', b'timeout=5'), (b'Content-Length', b'275')])
2026-04-09 12:01:29 [INFO] httpx - HTTP Request: POST http://127.0.0.1:18789/tools/invoke "HTTP/1.1 200 OK"
2026-04-09 12:01:29 [DEBUG] httpcore.http11 - receive_response_body.started request=<Request [b'POST']>
2026-04-09 12:01:29 [DEBUG] httpcore.http11 - receive_response_body.complete
2026-04-09 12:01:29 [DEBUG] httpcore.http11 - response_closed.started
2026-04-09 12:01:29 [DEBUG] httpcore.http11 - response_closed.complete
2026-04-09 12:01:29 [INFO] openclaw_alpha.openclaw.cron_utils - 轮询 HTTP 调用: job_id=95ca0e92-97ba-43a3-ad33-147f2b187c26, poll_count=36, poll_elapsed=1.61s
2026-04-09 12:01:29 [INFO] openclaw_alpha.openclaw.cron_utils - 轮询响应: ok=True, entries_count=0
2026-04-09 12:01:39 [DEBUG] httpcore.connection - close.started
2026-04-09 12:01:39 [DEBUG] httpcore.connection - close.complete
2026-04-09 12:01:39 [DEBUG] httpcore.connection - connect_tcp.started host='127.0.0.1' port=18789 local_address=None timeout=10.0 socket_options=None
2026-04-09 12:01:39 [DEBUG] httpcore.connection - connect_tcp.complete return_value=<httpcore._backends.anyio.AnyIOStream object at 0x7ae86e4e91d0>
2026-04-09 12:01:39 [DEBUG] httpcore.http11 - send_request_headers.started request=<Request [b'POST']>
2026-04-09 12:01:39 [DEBUG] httpcore.http11 - send_request_headers.complete
2026-04-09 12:01:39 [DEBUG] httpcore.http11 - send_request_body.started request=<Request [b'POST']>
2026-04-09 12:01:39 [DEBUG] httpcore.http11 - send_request_body.complete
2026-04-09 12:01:39 [DEBUG] httpcore.http11 - receive_response_headers.started request=<Request [b'POST']>
2026-04-09 12:01:43 [DEBUG] httpcore.http11 - receive_response_headers.complete return_value=(b'HTTP/1.1', 200, b'OK', [(b'X-Content-Type-Options', b'nosniff'), (b'Referrer-Policy', b'no-referrer'), (b'Permissions-Policy', b'camera=(), microphone=(), geolocation=()'), (b'Content-Type', b'application/json; charset=utf-8'), (b'Date', b'Thu, 09 Apr 2026 04:01:43 GMT'), (b'Connection', b'keep-alive'), (b'Keep-Alive', b'timeout=5'), (b'Content-Length', b'275')])
2026-04-09 12:01:43 [INFO] httpx - HTTP Request: POST http://127.0.0.1:18789/tools/invoke "HTTP/1.1 200 OK"
2026-04-09 12:01:43 [DEBUG] httpcore.http11 - receive_response_body.started request=<Request [b'POST']>
2026-04-09 12:01:43 [DEBUG] httpcore.http11 - receive_response_body.complete
2026-04-09 12:01:43 [DEBUG] httpcore.http11 - response_closed.started
2026-04-09 12:01:43 [DEBUG] httpcore.http11 - response_closed.complete
2026-04-09 12:01:43 [INFO] openclaw_alpha.openclaw.cron_utils - 轮询 HTTP 调用: job_id=95ca0e92-97ba-43a3-ad33-147f2b187c26, poll_count=37, poll_elapsed=4.08s
2026-04-09 12:01:43 [INFO] openclaw_alpha.openclaw.cron_utils - 轮询响应: ok=True, entries_count=0
2026-04-09 12:01:53 [DEBUG] httpcore.connection - close.started
2026-04-09 12:01:53 [DEBUG] httpcore.connection - close.complete
2026-04-09 12:01:53 [DEBUG] httpcore.connection - connect_tcp.started host='127.0.0.1' port=18789 local_address=None timeout=10.0 socket_options=None
2026-04-09 12:01:53 [DEBUG] httpcore.connection - connect_tcp.complete return_value=<httpcore._backends.anyio.AnyIOStream object at 0x7ae86e4e9400>
2026-04-09 12:01:53 [DEBUG] httpcore.http11 - send_request_headers.started request=<Request [b'POST']>
2026-04-09 12:01:53 [DEBUG] httpcore.http11 - send_request_headers.complete
2026-04-09 12:01:53 [DEBUG] httpcore.http11 - send_request_body.started request=<Request [b'POST']>
2026-04-09 12:01:53 [DEBUG] httpcore.http11 - send_request_body.complete
2026-04-09 12:01:53 [DEBUG] httpcore.http11 - receive_response_headers.started request=<Request [b'POST']>
2026-04-09 12:01:55 [DEBUG] httpcore.http11 - receive_response_headers.complete return_value=(b'HTTP/1.1', 200, b'OK', [(b'X-Content-Type-Options', b'nosniff'), (b'Referrer-Policy', b'no-referrer'), (b'Permissions-Policy', b'camera=(), microphone=(), geolocation=()'), (b'Content-Type', b'application/json; charset=utf-8'), (b'Date', b'Thu, 09 Apr 2026 04:01:55 GMT'), (b'Connection', b'keep-alive'), (b'Keep-Alive', b'timeout=5'), (b'Content-Length', b'275')])
2026-04-09 12:01:55 [INFO] httpx - HTTP Request: POST http://127.0.0.1:18789/tools/invoke "HTTP/1.1 200 OK"
2026-04-09 12:01:55 [DEBUG] httpcore.http11 - receive_response_body.started request=<Request [b'POST']>
2026-04-09 12:01:55 [DEBUG] httpcore.http11 - receive_response_body.complete
2026-04-09 12:01:55 [DEBUG] httpcore.http11 - response_closed.started
2026-04-09 12:01:55 [DEBUG] httpcore.http11 - response_closed.complete
2026-04-09 12:01:55 [INFO] openclaw_alpha.openclaw.cron_utils - 轮询 HTTP 调用: job_id=95ca0e92-97ba-43a3-ad33-147f2b187c26, poll_count=38, poll_elapsed=1.82s
2026-04-09 12:01:55 [INFO] openclaw_alpha.openclaw.cron_utils - 轮询响应: ok=True, entries_count=0
2026-04-09 12:02:05 [DEBUG] httpcore.connection - close.started
2026-04-09 12:02:05 [DEBUG] httpcore.connection - close.complete
2026-04-09 12:02:05 [DEBUG] httpcore.connection - connect_tcp.started host='127.0.0.1' port=18789 local_address=None timeout=10.0 socket_options=None
2026-04-09 12:02:05 [DEBUG] httpcore.connection - connect_tcp.complete return_value=<httpcore._backends.anyio.AnyIOStream object at 0x7ae86e4e9630>
2026-04-09 12:02:05 [DEBUG] httpcore.http11 - send_request_headers.started request=<Request [b'POST']>
2026-04-09 12:02:05 [DEBUG] httpcore.http11 - send_request_headers.complete
2026-04-09 12:02:05 [DEBUG] httpcore.http11 - send_request_body.started request=<Request [b'POST']>
2026-04-09 12:02:05 [DEBUG] httpcore.http11 - send_request_body.complete
2026-04-09 12:02:05 [DEBUG] httpcore.http11 - receive_response_headers.started request=<Request [b'POST']>
2026-04-09 12:02:07 [DEBUG] httpcore.http11 - receive_response_headers.complete return_value=(b'HTTP/1.1', 200, b'OK', [(b'X-Content-Type-Options', b'nosniff'), (b'Referrer-Policy', b'no-referrer'), (b'Permissions-Policy', b'camera=(), microphone=(), geolocation=()'), (b'Content-Type', b'application/json; charset=utf-8'), (b'Date', b'Thu, 09 Apr 2026 04:02:07 GMT'), (b'Connection', b'keep-alive'), (b'Keep-Alive', b'timeout=5'), (b'Content-Length', b'275')])
2026-04-09 12:02:07 [INFO] httpx - HTTP Request: POST http://127.0.0.1:18789/tools/invoke "HTTP/1.1 200 OK"
2026-04-09 12:02:07 [DEBUG] httpcore.http11 - receive_response_body.started request=<Request [b'POST']>
2026-04-09 12:02:07 [DEBUG] httpcore.http11 - receive_response_body.complete
2026-04-09 12:02:07 [DEBUG] httpcore.http11 - response_closed.started
2026-04-09 12:02:07 [DEBUG] httpcore.http11 - response_closed.complete
2026-04-09 12:02:07 [INFO] openclaw_alpha.openclaw.cron_utils - 轮询 HTTP 调用: job_id=95ca0e92-97ba-43a3-ad33-147f2b187c26, poll_count=39, poll_elapsed=1.44s
2026-04-09 12:02:07 [INFO] openclaw_alpha.openclaw.cron_utils - 轮询响应: ok=True, entries_count=0
2026-04-09 12:02:17 [DEBUG] httpcore.connection - close.started
2026-04-09 12:02:17 [DEBUG] httpcore.connection - close.complete
2026-04-09 12:02:17 [DEBUG] httpcore.connection - connect_tcp.started host='127.0.0.1' port=18789 local_address=None timeout=10.0 socket_options=None
2026-04-09 12:02:17 [DEBUG] httpcore.connection - connect_tcp.complete return_value=<httpcore._backends.anyio.AnyIOStream object at 0x7ae86e4e9860>
2026-04-09 12:02:17 [DEBUG] httpcore.http11 - send_request_headers.started request=<Request [b'POST']>
2026-04-09 12:02:17 [DEBUG] httpcore.http11 - send_request_headers.complete
2026-04-09 12:02:17 [DEBUG] httpcore.http11 - send_request_body.started request=<Request [b'POST']>
2026-04-09 12:02:17 [DEBUG] httpcore.http11 - send_request_body.complete
2026-04-09 12:02:17 [DEBUG] httpcore.http11 - receive_response_headers.started request=<Request [b'POST']>
2026-04-09 12:02:18 [DEBUG] httpcore.http11 - receive_response_headers.complete return_value=(b'HTTP/1.1', 200, b'OK', [(b'X-Content-Type-Options', b'nosniff'), (b'Referrer-Policy', b'no-referrer'), (b'Permissions-Policy', b'camera=(), microphone=(), geolocation=()'), (b'Content-Type', b'application/json; charset=utf-8'), (b'Date', b'Thu, 09 Apr 2026 04:02:18 GMT'), (b'Connection', b'keep-alive'), (b'Keep-Alive', b'timeout=5'), (b'Content-Length', b'275')])
2026-04-09 12:02:18 [INFO] httpx - HTTP Request: POST http://127.0.0.1:18789/tools/invoke "HTTP/1.1 200 OK"
2026-04-09 12:02:18 [DEBUG] httpcore.http11 - receive_response_body.started request=<Request [b'POST']>
2026-04-09 12:02:18 [DEBUG] httpcore.http11 - receive_response_body.complete
2026-04-09 12:02:18 [DEBUG] httpcore.http11 - response_closed.started
2026-04-09 12:02:18 [DEBUG] httpcore.http11 - response_closed.complete
2026-04-09 12:02:18 [INFO] openclaw_alpha.openclaw.cron_utils - 轮询 HTTP 调用: job_id=95ca0e92-97ba-43a3-ad33-147f2b187c26, poll_count=40, poll_elapsed=1.57s
2026-04-09 12:02:18 [INFO] openclaw_alpha.openclaw.cron_utils - 轮询响应: ok=True, entries_count=0
2026-04-09 12:02:28 [DEBUG] httpcore.connection - close.started
2026-04-09 12:02:28 [DEBUG] httpcore.connection - close.complete
2026-04-09 12:02:28 [DEBUG] httpcore.connection - connect_tcp.started host='127.0.0.1' port=18789 local_address=None timeout=10.0 socket_options=None
2026-04-09 12:02:28 [DEBUG] httpcore.connection - connect_tcp.complete return_value=<httpcore._backends.anyio.AnyIOStream object at 0x7ae86e4e9a90>
2026-04-09 12:02:28 [DEBUG] httpcore.http11 - send_request_headers.started request=<Request [b'POST']>
2026-04-09 12:02:28 [DEBUG] httpcore.http11 - send_request_headers.complete
2026-04-09 12:02:28 [DEBUG] httpcore.http11 - send_request_body.started request=<Request [b'POST']>
2026-04-09 12:02:28 [DEBUG] httpcore.http11 - send_request_body.complete
2026-04-09 12:02:28 [DEBUG] httpcore.http11 - receive_response_headers.started request=<Request [b'POST']>
2026-04-09 12:02:32 [DEBUG] httpcore.http11 - receive_response_headers.complete return_value=(b'HTTP/1.1', 200, b'OK', [(b'X-Content-Type-Options', b'nosniff'), (b'Referrer-Policy', b'no-referrer'), (b'Permissions-Policy', b'camera=(), microphone=(), geolocation=()'), (b'Content-Type', b'application/json; charset=utf-8'), (b'Date', b'Thu, 09 Apr 2026 04:02:32 GMT'), (b'Connection', b'keep-alive'), (b'Keep-Alive', b'timeout=5'), (b'Content-Length', b'275')])
2026-04-09 12:02:32 [INFO] httpx - HTTP Request: POST http://127.0.0.1:18789/tools/invoke "HTTP/1.1 200 OK"
2026-04-09 12:02:32 [DEBUG] httpcore.http11 - receive_response_body.started request=<Request [b'POST']>
2026-04-09 12:02:32 [DEBUG] httpcore.http11 - receive_response_body.complete
2026-04-09 12:02:32 [DEBUG] httpcore.http11 - response_closed.started
2026-04-09 12:02:32 [DEBUG] httpcore.http11 - response_closed.complete
2026-04-09 12:02:32 [INFO] openclaw_alpha.openclaw.cron_utils - 轮询 HTTP 调用: job_id=95ca0e92-97ba-43a3-ad33-147f2b187c26, poll_count=41, poll_elapsed=4.13s
2026-04-09 12:02:32 [INFO] openclaw_alpha.openclaw.cron_utils - 轮询响应: ok=True, entries_count=0
2026-04-09 12:02:42 [DEBUG] httpcore.connection - close.started
2026-04-09 12:02:42 [DEBUG] httpcore.connection - close.complete
2026-04-09 12:02:42 [DEBUG] httpcore.connection - connect_tcp.started host='127.0.0.1' port=18789 local_address=None timeout=10.0 socket_options=None
2026-04-09 12:02:42 [DEBUG] httpcore.connection - connect_tcp.complete return_value=<httpcore._backends.anyio.AnyIOStream object at 0x7ae86e4e9cc0>
2026-04-09 12:02:42 [DEBUG] httpcore.http11 - send_request_headers.started request=<Request [b'POST']>
2026-04-09 12:02:42 [DEBUG] httpcore.http11 - send_request_headers.complete
2026-04-09 12:02:42 [DEBUG] httpcore.http11 - send_request_body.started request=<Request [b'POST']>
2026-04-09 12:02:42 [DEBUG] httpcore.http11 - send_request_body.complete
2026-04-09 12:02:42 [DEBUG] httpcore.http11 - receive_response_headers.started request=<Request [b'POST']>
2026-04-09 12:02:45 [DEBUG] httpcore.http11 - receive_response_headers.complete return_value=(b'HTTP/1.1', 200, b'OK', [(b'X-Content-Type-Options', b'nosniff'), (b'Referrer-Policy', b'no-referrer'), (b'Permissions-Policy', b'camera=(), microphone=(), geolocation=()'), (b'Content-Type', b'application/json; charset=utf-8'), (b'Date', b'Thu, 09 Apr 2026 04:02:45 GMT'), (b'Connection', b'keep-alive'), (b'Keep-Alive', b'timeout=5'), (b'Content-Length', b'275')])
2026-04-09 12:02:45 [INFO] httpx - HTTP Request: POST http://127.0.0.1:18789/tools/invoke "HTTP/1.1 200 OK"
2026-04-09 12:02:45 [DEBUG] httpcore.http11 - receive_response_body.started request=<Request [b'POST']>
2026-04-09 12:02:45 [DEBUG] httpcore.http11 - receive_response_body.complete
2026-04-09 12:02:45 [DEBUG] httpcore.http11 - response_closed.started
2026-04-09 12:02:45 [DEBUG] httpcore.http11 - response_closed.complete
2026-04-09 12:02:45 [INFO] openclaw_alpha.openclaw.cron_utils - 轮询 HTTP 调用: job_id=95ca0e92-97ba-43a3-ad33-147f2b187c26, poll_count=42, poll_elapsed=2.28s
2026-04-09 12:02:45 [INFO] openclaw_alpha.openclaw.cron_utils - 轮询响应: ok=True, entries_count=0
2026-04-09 12:02:55 [DEBUG] httpcore.connection - close.started
2026-04-09 12:02:55 [DEBUG] httpcore.connection - close.complete
2026-04-09 12:02:55 [DEBUG] httpcore.connection - connect_tcp.started host='127.0.0.1' port=18789 local_address=None timeout=10.0 socket_options=None
2026-04-09 12:02:55 [DEBUG] httpcore.connection - connect_tcp.complete return_value=<httpcore._backends.anyio.AnyIOStream object at 0x7ae86e4e9ef0>
2026-04-09 12:02:55 [DEBUG] httpcore.http11 - send_request_headers.started request=<Request [b'POST']>
2026-04-09 12:02:55 [DEBUG] httpcore.http11 - send_request_headers.complete
2026-04-09 12:02:55 [DEBUG] httpcore.http11 - send_request_body.started request=<Request [b'POST']>
2026-04-09 12:02:55 [DEBUG] httpcore.http11 - send_request_body.complete
2026-04-09 12:02:55 [DEBUG] httpcore.http11 - receive_response_headers.started request=<Request [b'POST']>
2026-04-09 12:02:57 [DEBUG] httpcore.http11 - receive_response_headers.complete return_value=(b'HTTP/1.1', 200, b'OK', [(b'X-Content-Type-Options', b'nosniff'), (b'Referrer-Policy', b'no-referrer'), (b'Permissions-Policy', b'camera=(), microphone=(), geolocation=()'), (b'Content-Type', b'application/json; charset=utf-8'), (b'Date', b'Thu, 09 Apr 2026 04:02:57 GMT'), (b'Connection', b'keep-alive'), (b'Keep-Alive', b'timeout=5'), (b'Content-Length', b'275')])
2026-04-09 12:02:57 [INFO] httpx - HTTP Request: POST http://127.0.0.1:18789/tools/invoke "HTTP/1.1 200 OK"
2026-04-09 12:02:57 [DEBUG] httpcore.http11 - receive_response_body.started request=<Request [b'POST']>
2026-04-09 12:02:57 [DEBUG] httpcore.http11 - receive_response_body.complete
2026-04-09 12:02:57 [DEBUG] httpcore.http11 - response_closed.started
2026-04-09 12:02:57 [DEBUG] httpcore.http11 - response_closed.complete
2026-04-09 12:02:57 [INFO] openclaw_alpha.openclaw.cron_utils - 轮询 HTTP 调用: job_id=95ca0e92-97ba-43a3-ad33-147f2b187c26, poll_count=43, poll_elapsed=2.05s
2026-04-09 12:02:57 [INFO] openclaw_alpha.openclaw.cron_utils - 轮询响应: ok=True, entries_count=0
2026-04-09 12:03:07 [DEBUG] httpcore.connection - close.started
2026-04-09 12:03:07 [DEBUG] httpcore.connection - close.complete
2026-04-09 12:03:07 [DEBUG] httpcore.connection - connect_tcp.started host='127.0.0.1' port=18789 local_address=None timeout=10.0 socket_options=None
2026-04-09 12:03:07 [DEBUG] httpcore.connection - connect_tcp.complete return_value=<httpcore._backends.anyio.AnyIOStream object at 0x7ae86e4ea120>
2026-04-09 12:03:07 [DEBUG] httpcore.http11 - send_request_headers.started request=<Request [b'POST']>
2026-04-09 12:03:07 [DEBUG] httpcore.http11 - send_request_headers.complete
2026-04-09 12:03:07 [DEBUG] httpcore.http11 - send_request_body.started request=<Request [b'POST']>
2026-04-09 12:03:07 [DEBUG] httpcore.http11 - send_request_body.complete
2026-04-09 12:03:07 [DEBUG] httpcore.http11 - receive_response_headers.started request=<Request [b'POST']>
2026-04-09 12:03:08 [DEBUG] httpcore.http11 - receive_response_headers.complete return_value=(b'HTTP/1.1', 200, b'OK', [(b'X-Content-Type-Options', b'nosniff'), (b'Referrer-Policy', b'no-referrer'), (b'Permissions-Policy', b'camera=(), microphone=(), geolocation=()'), (b'Content-Type', b'application/json; charset=utf-8'), (b'Date', b'Thu, 09 Apr 2026 04:03:08 GMT'), (b'Connection', b'keep-alive'), (b'Keep-Alive', b'timeout=5'), (b'Content-Length', b'275')])
2026-04-09 12:03:08 [INFO] httpx - HTTP Request: POST http://127.0.0.1:18789/tools/invoke "HTTP/1.1 200 OK"
2026-04-09 12:03:08 [DEBUG] httpcore.http11 - receive_response_body.started request=<Request [b'POST']>
2026-04-09 12:03:08 [DEBUG] httpcore.http11 - receive_response_body.complete
2026-04-09 12:03:08 [DEBUG] httpcore.http11 - response_closed.started
2026-04-09 12:03:08 [DEBUG] httpcore.http11 - response_closed.complete
2026-04-09 12:03:08 [INFO] openclaw_alpha.openclaw.cron_utils - 轮询 HTTP 调用: job_id=95ca0e92-97ba-43a3-ad33-147f2b187c26, poll_count=44, poll_elapsed=1.55s
2026-04-09 12:03:08 [INFO] openclaw_alpha.openclaw.cron_utils - 轮询响应: ok=True, entries_count=0
2026-04-09 12:03:18 [DEBUG] httpcore.connection - close.started
2026-04-09 12:03:18 [DEBUG] httpcore.connection - close.complete
2026-04-09 12:03:18 [DEBUG] httpcore.connection - connect_tcp.started host='127.0.0.1' port=18789 local_address=None timeout=10.0 socket_options=None
2026-04-09 12:03:18 [DEBUG] httpcore.connection - connect_tcp.complete return_value=<httpcore._backends.anyio.AnyIOStream object at 0x7ae86e4ea350>
2026-04-09 12:03:18 [DEBUG] httpcore.http11 - send_request_headers.started request=<Request [b'POST']>
2026-04-09 12:03:18 [DEBUG] httpcore.http11 - send_request_headers.complete
2026-04-09 12:03:18 [DEBUG] httpcore.http11 - send_request_body.started request=<Request [b'POST']>
2026-04-09 12:03:18 [DEBUG] httpcore.http11 - send_request_body.complete
2026-04-09 12:03:18 [DEBUG] httpcore.http11 - receive_response_headers.started request=<Request [b'POST']>
2026-04-09 12:03:23 [DEBUG] httpcore.http11 - receive_response_headers.complete return_value=(b'HTTP/1.1', 200, b'OK', [(b'X-Content-Type-Options', b'nosniff'), (b'Referrer-Policy', b'no-referrer'), (b'Permissions-Policy', b'camera=(), microphone=(), geolocation=()'), (b'Content-Type', b'application/json; charset=utf-8'), (b'Date', b'Thu, 09 Apr 2026 04:03:23 GMT'), (b'Connection', b'keep-alive'), (b'Keep-Alive', b'timeout=5'), (b'Content-Length', b'275')])
2026-04-09 12:03:23 [INFO] httpx - HTTP Request: POST http://127.0.0.1:18789/tools/invoke "HTTP/1.1 200 OK"
2026-04-09 12:03:23 [DEBUG] httpcore.http11 - receive_response_body.started request=<Request [b'POST']>
2026-04-09 12:03:23 [DEBUG] httpcore.http11 - receive_response_body.complete
2026-04-09 12:03:23 [DEBUG] httpcore.http11 - response_closed.started
2026-04-09 12:03:23 [DEBUG] httpcore.http11 - response_closed.complete
2026-04-09 12:03:23 [INFO] openclaw_alpha.openclaw.cron_utils - 轮询 HTTP 调用: job_id=95ca0e92-97ba-43a3-ad33-147f2b187c26, poll_count=45, poll_elapsed=4.52s
2026-04-09 12:03:23 [INFO] openclaw_alpha.openclaw.cron_utils - 轮询响应: ok=True, entries_count=0
2026-04-09 12:03:33 [DEBUG] httpcore.connection - close.started
2026-04-09 12:03:33 [DEBUG] httpcore.connection - close.complete
2026-04-09 12:03:33 [DEBUG] httpcore.connection - connect_tcp.started host='127.0.0.1' port=18789 local_address=None timeout=10.0 socket_options=None
2026-04-09 12:03:33 [DEBUG] httpcore.connection - connect_tcp.complete return_value=<httpcore._backends.anyio.AnyIOStream object at 0x7ae86e4ea580>
2026-04-09 12:03:33 [DEBUG] httpcore.http11 - send_request_headers.started request=<Request [b'POST']>
2026-04-09 12:03:33 [DEBUG] httpcore.http11 - send_request_headers.complete
2026-04-09 12:03:33 [DEBUG] httpcore.http11 - send_request_body.started request=<Request [b'POST']>
2026-04-09 12:03:33 [DEBUG] httpcore.http11 - send_request_body.complete
2026-04-09 12:03:33 [DEBUG] httpcore.http11 - receive_response_headers.started request=<Request [b'POST']>
2026-04-09 12:03:35 [DEBUG] httpcore.http11 - receive_response_headers.complete return_value=(b'HTTP/1.1', 200, b'OK', [(b'X-Content-Type-Options', b'nosniff'), (b'Referrer-Policy', b'no-referrer'), (b'Permissions-Policy', b'camera=(), microphone=(), geolocation=()'), (b'Content-Type', b'application/json; charset=utf-8'), (b'Date', b'Thu, 09 Apr 2026 04:03:35 GMT'), (b'Connection', b'keep-alive'), (b'Keep-Alive', b'timeout=5'), (b'Content-Length', b'275')])
2026-04-09 12:03:35 [INFO] httpx - HTTP Request: POST http://127.0.0.1:18789/tools/invoke "HTTP/1.1 200 OK"
2026-04-09 12:03:35 [DEBUG] httpcore.http11 - receive_response_body.started request=<Request [b'POST']>
2026-04-09 12:03:35 [DEBUG] httpcore.http11 - receive_response_body.complete
2026-04-09 12:03:35 [DEBUG] httpcore.http11 - response_closed.started
2026-04-09 12:03:35 [DEBUG] httpcore.http11 - response_closed.complete
2026-04-09 12:03:35 [INFO] openclaw_alpha.openclaw.cron_utils - 轮询 HTTP 调用: job_id=95ca0e92-97ba-43a3-ad33-147f2b187c26, poll_count=46, poll_elapsed=2.33s
2026-04-09 12:03:35 [INFO] openclaw_alpha.openclaw.cron_utils - 轮询响应: ok=True, entries_count=0
2026-04-09 12:03:45 [DEBUG] httpcore.connection - close.started
2026-04-09 12:03:45 [DEBUG] httpcore.connection - close.complete
2026-04-09 12:03:45 [DEBUG] httpcore.connection - connect_tcp.started host='127.0.0.1' port=18789 local_address=None timeout=10.0 socket_options=None
2026-04-09 12:03:45 [DEBUG] httpcore.connection - connect_tcp.complete return_value=<httpcore._backends.anyio.AnyIOStream object at 0x7ae86e4ea7b0>
2026-04-09 12:03:45 [DEBUG] httpcore.http11 - send_request_headers.started request=<Request [b'POST']>
2026-04-09 12:03:45 [DEBUG] httpcore.http11 - send_request_headers.complete
2026-04-09 12:03:45 [DEBUG] httpcore.http11 - send_request_body.started request=<Request [b'POST']>
2026-04-09 12:03:45 [DEBUG] httpcore.http11 - send_request_body.complete
2026-04-09 12:03:45 [DEBUG] httpcore.http11 - receive_response_headers.started request=<Request [b'POST']>
2026-04-09 12:03:47 [DEBUG] httpcore.http11 - receive_response_headers.complete return_value=(b'HTTP/1.1', 200, b'OK', [(b'X-Content-Type-Options', b'nosniff'), (b'Referrer-Policy', b'no-referrer'), (b'Permissions-Policy', b'camera=(), microphone=(), geolocation=()'), (b'Content-Type', b'application/json; charset=utf-8'), (b'Date', b'Thu, 09 Apr 2026 04:03:47 GMT'), (b'Connection', b'keep-alive'), (b'Keep-Alive', b'timeout=5'), (b'Content-Length', b'275')])
2026-04-09 12:03:47 [INFO] httpx - HTTP Request: POST http://127.0.0.1:18789/tools/invoke "HTTP/1.1 200 OK"
2026-04-09 12:03:47 [DEBUG] httpcore.http11 - receive_response_body.started request=<Request [b'POST']>
2026-04-09 12:03:47 [DEBUG] httpcore.http11 - receive_response_body.complete
2026-04-09 12:03:47 [DEBUG] httpcore.http11 - response_closed.started
2026-04-09 12:03:47 [DEBUG] httpcore.http11 - response_closed.complete
2026-04-09 12:03:47 [INFO] openclaw_alpha.openclaw.cron_utils - 轮询 HTTP 调用: job_id=95ca0e92-97ba-43a3-ad33-147f2b187c26, poll_count=47, poll_elapsed=1.65s
2026-04-09 12:03:47 [INFO] openclaw_alpha.openclaw.cron_utils - 轮询响应: ok=True, entries_count=0
2026-04-09 12:03:57 [DEBUG] httpcore.connection - close.started
2026-04-09 12:03:57 [DEBUG] httpcore.connection - close.complete
2026-04-09 12:03:57 [DEBUG] httpcore.connection - connect_tcp.started host='127.0.0.1' port=18789 local_address=None timeout=10.0 socket_options=None
2026-04-09 12:03:57 [DEBUG] httpcore.connection - connect_tcp.complete return_value=<httpcore._backends.anyio.AnyIOStream object at 0x7ae86e4ea9e0>
2026-04-09 12:03:57 [DEBUG] httpcore.http11 - send_request_headers.started request=<Request [b'POST']>
2026-04-09 12:03:57 [DEBUG] httpcore.http11 - send_request_headers.complete
2026-04-09 12:03:57 [DEBUG] httpcore.http11 - send_request_body.started request=<Request [b'POST']>
2026-04-09 12:03:57 [DEBUG] httpcore.http11 - send_request_body.complete
2026-04-09 12:03:57 [DEBUG] httpcore.http11 - receive_response_headers.started request=<Request [b'POST']>
2026-04-09 12:03:58 [DEBUG] httpcore.http11 - receive_response_headers.complete return_value=(b'HTTP/1.1', 200, b'OK', [(b'X-Content-Type-Options', b'nosniff'), (b'Referrer-Policy', b'no-referrer'), (b'Permissions-Policy', b'camera=(), microphone=(), geolocation=()'), (b'Content-Type', b'application/json; charset=utf-8'), (b'Date', b'Thu, 09 Apr 2026 04:03:58 GMT'), (b'Connection', b'keep-alive'), (b'Keep-Alive', b'timeout=5'), (b'Content-Length', b'275')])
2026-04-09 12:03:58 [INFO] httpx - HTTP Request: POST http://127.0.0.1:18789/tools/invoke "HTTP/1.1 200 OK"
2026-04-09 12:03:58 [DEBUG] httpcore.http11 - receive_response_body.started request=<Request [b'POST']>
2026-04-09 12:03:58 [DEBUG] httpcore.http11 - receive_response_body.complete
2026-04-09 12:03:58 [DEBUG] httpcore.http11 - response_closed.started
2026-04-09 12:03:58 [DEBUG] httpcore.http11 - response_closed.complete
2026-04-09 12:03:58 [INFO] openclaw_alpha.openclaw.cron_utils - 轮询 HTTP 调用: job_id=95ca0e92-97ba-43a3-ad33-147f2b187c26, poll_count=48, poll_elapsed=1.55s
2026-04-09 12:03:58 [INFO] openclaw_alpha.openclaw.cron_utils - 轮询响应: ok=True, entries_count=0
2026-04-09 12:04:08 [DEBUG] httpcore.connection - close.started
2026-04-09 12:04:08 [DEBUG] httpcore.connection - close.complete
2026-04-09 12:04:08 [DEBUG] httpcore.connection - connect_tcp.started host='127.0.0.1' port=18789 local_address=None timeout=10.0 socket_options=None
2026-04-09 12:04:08 [DEBUG] httpcore.connection - connect_tcp.complete return_value=<httpcore._backends.anyio.AnyIOStream object at 0x7ae86e4eac10>
2026-04-09 12:04:08 [DEBUG] httpcore.http11 - send_request_headers.started request=<Request [b'POST']>
2026-04-09 12:04:08 [DEBUG] httpcore.http11 - send_request_headers.complete
2026-04-09 12:04:08 [DEBUG] httpcore.http11 - send_request_body.started request=<Request [b'POST']>
2026-04-09 12:04:08 [DEBUG] httpcore.http11 - send_request_body.complete
2026-04-09 12:04:08 [DEBUG] httpcore.http11 - receive_response_headers.started request=<Request [b'POST']>
2026-04-09 12:04:13 [DEBUG] httpcore.http11 - receive_response_headers.complete return_value=(b'HTTP/1.1', 200, b'OK', [(b'X-Content-Type-Options', b'nosniff'), (b'Referrer-Policy', b'no-referrer'), (b'Permissions-Policy', b'camera=(), microphone=(), geolocation=()'), (b'Content-Type', b'application/json; charset=utf-8'), (b'Date', b'Thu, 09 Apr 2026 04:04:13 GMT'), (b'Connection', b'keep-alive'), (b'Keep-Alive', b'timeout=5'), (b'Content-Length', b'275')])
2026-04-09 12:04:13 [INFO] httpx - HTTP Request: POST http://127.0.0.1:18789/tools/invoke "HTTP/1.1 200 OK"
2026-04-09 12:04:13 [DEBUG] httpcore.http11 - receive_response_body.started request=<Request [b'POST']>
2026-04-09 12:04:13 [DEBUG] httpcore.http11 - receive_response_body.complete
2026-04-09 12:04:13 [DEBUG] httpcore.http11 - response_closed.started
2026-04-09 12:04:13 [DEBUG] httpcore.http11 - response_closed.complete
2026-04-09 12:04:13 [INFO] openclaw_alpha.openclaw.cron_utils - 轮询 HTTP 调用: job_id=95ca0e92-97ba-43a3-ad33-147f2b187c26, poll_count=49, poll_elapsed=4.24s
2026-04-09 12:04:13 [INFO] openclaw_alpha.openclaw.cron_utils - 轮询响应: ok=True, entries_count=0
2026-04-09 12:04:23 [DEBUG] httpcore.connection - close.started
2026-04-09 12:04:23 [DEBUG] httpcore.connection - close.complete
2026-04-09 12:04:23 [DEBUG] httpcore.connection - connect_tcp.started host='127.0.0.1' port=18789 local_address=None timeout=10.0 socket_options=None
2026-04-09 12:04:23 [DEBUG] httpcore.connection - connect_tcp.complete return_value=<httpcore._backends.anyio.AnyIOStream object at 0x7ae86e4eae40>
2026-04-09 12:04:23 [DEBUG] httpcore.http11 - send_request_headers.started request=<Request [b'POST']>
2026-04-09 12:04:23 [DEBUG] httpcore.http11 - send_request_headers.complete
2026-04-09 12:04:23 [DEBUG] httpcore.http11 - send_request_body.started request=<Request [b'POST']>
2026-04-09 12:04:23 [DEBUG] httpcore.http11 - send_request_body.complete
2026-04-09 12:04:23 [DEBUG] httpcore.http11 - receive_response_headers.started request=<Request [b'POST']>
2026-04-09 12:04:25 [DEBUG] httpcore.http11 - receive_response_headers.complete return_value=(b'HTTP/1.1', 200, b'OK', [(b'X-Content-Type-Options', b'nosniff'), (b'Referrer-Policy', b'no-referrer'), (b'Permissions-Policy', b'camera=(), microphone=(), geolocation=()'), (b'Content-Type', b'application/json; charset=utf-8'), (b'Date', b'Thu, 09 Apr 2026 04:04:25 GMT'), (b'Connection', b'keep-alive'), (b'Keep-Alive', b'timeout=5'), (b'Content-Length', b'275')])
2026-04-09 12:04:25 [INFO] httpx - HTTP Request: POST http://127.0.0.1:18789/tools/invoke "HTTP/1.1 200 OK"
2026-04-09 12:04:25 [DEBUG] httpcore.http11 - receive_response_body.started request=<Request [b'POST']>
2026-04-09 12:04:25 [DEBUG] httpcore.http11 - receive_response_body.complete
2026-04-09 12:04:25 [DEBUG] httpcore.http11 - response_closed.started
2026-04-09 12:04:25 [DEBUG] httpcore.http11 - response_closed.complete
2026-04-09 12:04:25 [INFO] openclaw_alpha.openclaw.cron_utils - 轮询 HTTP 调用: job_id=95ca0e92-97ba-43a3-ad33-147f2b187c26, poll_count=50, poll_elapsed=2.02s
2026-04-09 12:04:25 [INFO] openclaw_alpha.openclaw.cron_utils - 轮询响应: ok=True, entries_count=0
2026-04-09 12:04:35 [DEBUG] httpcore.connection - close.started
2026-04-09 12:04:35 [DEBUG] httpcore.connection - close.complete
2026-04-09 12:04:35 [DEBUG] httpcore.connection - connect_tcp.started host='127.0.0.1' port=18789 local_address=None timeout=10.0 socket_options=None
2026-04-09 12:04:35 [DEBUG] httpcore.connection - connect_tcp.complete return_value=<httpcore._backends.anyio.AnyIOStream object at 0x7ae86e4eb070>
2026-04-09 12:04:35 [DEBUG] httpcore.http11 - send_request_headers.started request=<Request [b'POST']>
2026-04-09 12:04:35 [DEBUG] httpcore.http11 - send_request_headers.complete
2026-04-09 12:04:35 [DEBUG] httpcore.http11 - send_request_body.started request=<Request [b'POST']>
2026-04-09 12:04:35 [DEBUG] httpcore.http11 - send_request_body.complete
2026-04-09 12:04:35 [DEBUG] httpcore.http11 - receive_response_headers.started request=<Request [b'POST']>
2026-04-09 12:04:38 [DEBUG] httpcore.http11 - receive_response_headers.complete return_value=(b'HTTP/1.1', 200, b'OK', [(b'X-Content-Type-Options', b'nosniff'), (b'Referrer-Policy', b'no-referrer'), (b'Permissions-Policy', b'camera=(), microphone=(), geolocation=()'), (b'Content-Type', b'application/json; charset=utf-8'), (b'Date', b'Thu, 09 Apr 2026 04:04:38 GMT'), (b'Connection', b'keep-alive'), (b'Keep-Alive', b'timeout=5'), (b'Content-Length', b'275')])
2026-04-09 12:04:38 [INFO] httpx - HTTP Request: POST http://127.0.0.1:18789/tools/invoke "HTTP/1.1 200 OK"
2026-04-09 12:04:38 [DEBUG] httpcore.http11 - receive_response_body.started request=<Request [b'POST']>
2026-04-09 12:04:38 [DEBUG] httpcore.http11 - receive_response_body.complete
2026-04-09 12:04:38 [DEBUG] httpcore.http11 - response_closed.started
2026-04-09 12:04:38 [DEBUG] httpcore.http11 - response_closed.complete
2026-04-09 12:04:38 [INFO] openclaw_alpha.openclaw.cron_utils - 轮询 HTTP 调用: job_id=95ca0e92-97ba-43a3-ad33-147f2b187c26, poll_count=51, poll_elapsed=2.92s
2026-04-09 12:04:38 [INFO] openclaw_alpha.openclaw.cron_utils - 轮询响应: ok=True, entries_count=0
2026-04-09 12:04:48 [DEBUG] httpcore.connection - close.started
2026-04-09 12:04:48 [DEBUG] httpcore.connection - close.complete
2026-04-09 12:04:48 [DEBUG] httpcore.connection - connect_tcp.started host='127.0.0.1' port=18789 local_address=None timeout=10.0 socket_options=None
2026-04-09 12:04:48 [DEBUG] httpcore.connection - connect_tcp.complete return_value=<httpcore._backends.anyio.AnyIOStream object at 0x7ae86e4eb2a0>
2026-04-09 12:04:48 [DEBUG] httpcore.http11 - send_request_headers.started request=<Request [b'POST']>
2026-04-09 12:04:48 [DEBUG] httpcore.http11 - send_request_headers.complete
2026-04-09 12:04:48 [DEBUG] httpcore.http11 - send_request_body.started request=<Request [b'POST']>
2026-04-09 12:04:48 [DEBUG] httpcore.http11 - send_request_body.complete
2026-04-09 12:04:48 [DEBUG] httpcore.http11 - receive_response_headers.started request=<Request [b'POST']>
2026-04-09 12:04:53 [INFO] news.trigger - === trigger 开始 (limit=1) ===
2026-04-09 12:04:53 [DEBUG] asyncio - Using selector: EpollSelector
2026-04-09 12:04:53 [INFO] openclaw_alpha.backend.quick_news.jobs - 拉取新闻源: cls_telegraph (/cls/telegraph)
2026-04-09 12:04:53 [DEBUG] openclaw_alpha.rsshub.fetcher - 尝试拉取: https://rsshub.liumingye.cn/cls/telegraph
2026-04-09 12:04:54 [DEBUG] openclaw_alpha.rsshub.fetcher - 拉取成功: https://rsshub.liumingye.cn/cls/telegraph, 获取 20 条
2026-04-09 12:04:54 [INFO] openclaw_alpha.backend.quick_news.jobs -   cls_telegraph: saved=4, skipped=16
2026-04-09 12:04:54 [INFO] openclaw_alpha.backend.quick_news.jobs - 拉取新闻源: jin10 (/jin10)
2026-04-09 12:04:54 [DEBUG] openclaw_alpha.rsshub.fetcher - 尝试拉取: https://rsshub.liumingye.cn/jin10
2026-04-09 12:04:55 [DEBUG] httpcore.http11 - receive_response_headers.complete return_value=(b'HTTP/1.1', 200, b'OK', [(b'X-Content-Type-Options', b'nosniff'), (b'Referrer-Policy', b'no-referrer'), (b'Permissions-Policy', b'camera=(), microphone=(), geolocation=()'), (b'Content-Type', b'application/json; charset=utf-8'), (b'Date', b'Thu, 09 Apr 2026 04:04:55 GMT'), (b'Connection', b'keep-alive'), (b'Keep-Alive', b'timeout=5'), (b'Content-Length', b'275')])
2026-04-09 12:04:55 [INFO] httpx - HTTP Request: POST http://127.0.0.1:18789/tools/invoke "HTTP/1.1 200 OK"
2026-04-09 12:04:55 [DEBUG] httpcore.http11 - receive_response_body.started request=<Request [b'POST']>
2026-04-09 12:04:55 [DEBUG] httpcore.http11 - receive_response_body.complete
2026-04-09 12:04:55 [DEBUG] httpcore.http11 - response_closed.started
2026-04-09 12:04:55 [DEBUG] httpcore.http11 - response_closed.complete
2026-04-09 12:04:55 [INFO] openclaw_alpha.openclaw.cron_utils - 轮询 HTTP 调用: job_id=95ca0e92-97ba-43a3-ad33-147f2b187c26, poll_count=52, poll_elapsed=7.35s
2026-04-09 12:04:55 [INFO] openclaw_alpha.openclaw.cron_utils - 轮询响应: ok=True, entries_count=0
2026-04-09 12:04:56 [DEBUG] openclaw_alpha.rsshub.fetcher - 拉取成功: https://rsshub.liumingye.cn/jin10, 获取 20 条
2026-04-09 12:04:56 [INFO] openclaw_alpha.backend.quick_news.jobs -   jin10: saved=7, skipped=13
2026-04-09 12:04:56 [INFO] openclaw_alpha.backend.quick_news.jobs - 拉取新闻源: wallstreetcn_news (/wallstreetcn/news)
2026-04-09 12:04:56 [DEBUG] openclaw_alpha.rsshub.fetcher - 尝试拉取: https://rsshub.liumingye.cn/wallstreetcn/news
2026-04-09 12:05:01 [DEBUG] openclaw_alpha.rsshub.fetcher - 拉取成功: https://rsshub.liumingye.cn/wallstreetcn/news, 获取 30 条
2026-04-09 12:05:01 [INFO] openclaw_alpha.backend.quick_news.jobs -   wallstreetcn_news: saved=4, skipped=26
2026-04-09 12:05:01 [INFO] openclaw_alpha.backend.quick_news.jobs - 拉取新闻源: yicai_brief (/yicai/brief)
2026-04-09 12:05:01 [DEBUG] openclaw_alpha.rsshub.fetcher - 尝试拉取: https://rsshub.liumingye.cn/yicai/brief
2026-04-09 12:05:05 [DEBUG] openclaw_alpha.rsshub.fetcher - 拉取成功: https://rsshub.liumingye.cn/yicai/brief, 获取 50 条
2026-04-09 12:05:05 [INFO] openclaw_alpha.backend.quick_news.jobs -   yicai_brief: saved=4, skipped=46
2026-04-09 12:05:05 [INFO] openclaw_alpha.backend.quick_news.jobs - 拉取完成: 4 个源, saved=19, skipped=101
2026-04-09 12:05:05 [INFO] openclaw_alpha.backend.quick_news.jobs - 发现 247 条待分析新闻
2026-04-09 12:05:05 [INFO] openclaw_alpha.backend.quick_news.jobs - 应用 limit=1，处理前 1 条
2026-04-09 12:05:05 [INFO] openclaw_alpha.backend.quick_news.jobs - 处理新闻: 金十图示：2026年04月08日（周三）全球股市指数-美洲市场（盘初） (jin10_jin10:index:20260408220204108800)
2026-04-09 12:05:05 [INFO] openclaw_alpha.backend.quick_news.task_executor - 提交快速分析任务: 金十图示：2026年04月08日（周三）全球股市指数-美洲市场（盘初） (jin10_jin10:index:20260408220204108800)
2026-04-09 12:05:05 [INFO] openclaw_alpha.backend.quick_news.task_executor -   agent_id=main, model=openrouter/nvidia/nemotron-3-super-120b-a12b:free
2026-04-09 12:05:05 [INFO] openclaw_alpha.backend.quick_news.task_executor -   timeout=900s, session_poll_timeout=900s
2026-04-09 12:05:05 [DEBUG] openclaw_alpha.openclaw.cron_utils - cron.add 参数: news-analysis-jin10_jin10:index:20260408220204108800
2026-04-09 12:05:05 [DEBUG] httpcore.connection - connect_tcp.started host='127.0.0.1' port=18789 local_address=None timeout=30.0 socket_options=None
2026-04-09 12:05:05 [DEBUG] httpcore.connection - connect_tcp.complete return_value=<httpcore._backends.anyio.AnyIOStream object at 0x79f9f8f56a50>
2026-04-09 12:05:05 [DEBUG] httpcore.http11 - send_request_headers.started request=<Request [b'POST']>
2026-04-09 12:05:05 [DEBUG] httpcore.http11 - send_request_headers.complete
2026-04-09 12:05:05 [DEBUG] httpcore.http11 - send_request_body.started request=<Request [b'POST']>
2026-04-09 12:05:05 [DEBUG] httpcore.http11 - send_request_body.complete
2026-04-09 12:05:05 [DEBUG] httpcore.http11 - receive_response_headers.started request=<Request [b'POST']>
2026-04-09 12:05:05 [DEBUG] httpcore.connection - close.started
2026-04-09 12:05:05 [DEBUG] httpcore.connection - close.complete
2026-04-09 12:05:05 [DEBUG] httpcore.connection - connect_tcp.started host='127.0.0.1' port=18789 local_address=None timeout=10.0 socket_options=None
2026-04-09 12:05:05 [DEBUG] httpcore.connection - connect_tcp.complete return_value=<httpcore._backends.anyio.AnyIOStream object at 0x7ae86e4eb4d0>
2026-04-09 12:05:05 [DEBUG] httpcore.http11 - send_request_headers.started request=<Request [b'POST']>
2026-04-09 12:05:05 [DEBUG] httpcore.http11 - send_request_headers.complete
2026-04-09 12:05:05 [DEBUG] httpcore.http11 - send_request_body.started request=<Request [b'POST']>
2026-04-09 12:05:05 [DEBUG] httpcore.http11 - send_request_body.complete
2026-04-09 12:05:05 [DEBUG] httpcore.http11 - receive_response_headers.started request=<Request [b'POST']>
2026-04-09 12:05:08 [DEBUG] httpcore.http11 - receive_response_headers.complete return_value=(b'HTTP/1.1', 200, b'OK', [(b'X-Content-Type-Options', b'nosniff'), (b'Referrer-Policy', b'no-referrer'), (b'Permissions-Policy', b'camera=(), microphone=(), geolocation=()'), (b'Content-Type', b'application/json; charset=utf-8'), (b'Date', b'Thu, 09 Apr 2026 04:05:08 GMT'), (b'Connection', b'keep-alive'), (b'Keep-Alive', b'timeout=5'), (b'Content-Length', b'275')])
2026-04-09 12:05:08 [INFO] httpx - HTTP Request: POST http://127.0.0.1:18789/tools/invoke "HTTP/1.1 200 OK"
2026-04-09 12:05:08 [DEBUG] httpcore.http11 - receive_response_body.started request=<Request [b'POST']>
2026-04-09 12:05:08 [DEBUG] httpcore.http11 - receive_response_body.complete
2026-04-09 12:05:08 [DEBUG] httpcore.http11 - response_closed.started
2026-04-09 12:05:08 [DEBUG] httpcore.http11 - response_closed.complete
2026-04-09 12:05:08 [INFO] openclaw_alpha.openclaw.cron_utils - 轮询 HTTP 调用: job_id=95ca0e92-97ba-43a3-ad33-147f2b187c26, poll_count=53, poll_elapsed=2.96s
2026-04-09 12:05:08 [INFO] openclaw_alpha.openclaw.cron_utils - 轮询响应: ok=True, entries_count=0
2026-04-09 12:05:08 [DEBUG] httpcore.http11 - receive_response_headers.complete return_value=(b'HTTP/1.1', 200, b'OK', [(b'X-Content-Type-Options', b'nosniff'), (b'Referrer-Policy', b'no-referrer'), (b'Permissions-Policy', b'camera=(), microphone=(), geolocation=()'), (b'Content-Type', b'application/json; charset=utf-8'), (b'Date', b'Thu, 09 Apr 2026 04:05:08 GMT'), (b'Connection', b'keep-alive'), (b'Keep-Alive', b'timeout=5'), (b'Content-Length', b'8371')])
2026-04-09 12:05:08 [INFO] httpx - HTTP Request: POST http://127.0.0.1:18789/tools/invoke "HTTP/1.1 200 OK"
2026-04-09 12:05:08 [DEBUG] httpcore.http11 - receive_response_body.started request=<Request [b'POST']>
2026-04-09 12:05:08 [DEBUG] httpcore.http11 - receive_response_body.complete
2026-04-09 12:05:08 [DEBUG] httpcore.http11 - response_closed.started
2026-04-09 12:05:08 [DEBUG] httpcore.http11 - response_closed.complete
2026-04-09 12:05:08 [INFO] openclaw_alpha.openclaw.cron_utils - 任务创建成功: 43101331-a519-4e06-99dc-86f786baa40d
2026-04-09 12:05:08 [INFO] openclaw_alpha.openclaw.cron_utils - 触发任务: 43101331-a519-4e06-99dc-86f786baa40d
2026-04-09 12:05:08 [INFO] openclaw_alpha.openclaw.cron_utils - 开始轮询任务完成状态: 43101331-a519-4e06-99dc-86f786baa40d（超时 900s）
2026-04-09 12:05:08 [DEBUG] httpcore.http11 - send_request_headers.started request=<Request [b'POST']>
2026-04-09 12:05:08 [DEBUG] httpcore.http11 - send_request_headers.complete
2026-04-09 12:05:08 [DEBUG] httpcore.http11 - send_request_body.started request=<Request [b'POST']>
2026-04-09 12:05:08 [DEBUG] httpcore.http11 - send_request_body.complete
2026-04-09 12:05:08 [DEBUG] httpcore.http11 - receive_response_headers.started request=<Request [b'POST']>
2026-04-09 12:05:10 [DEBUG] httpcore.http11 - receive_response_headers.complete return_value=(b'HTTP/1.1', 200, b'OK', [(b'X-Content-Type-Options', b'nosniff'), (b'Referrer-Policy', b'no-referrer'), (b'Permissions-Policy', b'camera=(), microphone=(), geolocation=()'), (b'Content-Type', b'application/json; charset=utf-8'), (b'Date', b'Thu, 09 Apr 2026 04:05:10 GMT'), (b'Connection', b'keep-alive'), (b'Keep-Alive', b'timeout=5'), (b'Content-Length', b'290')])
2026-04-09 12:05:10 [INFO] httpx - HTTP Request: POST http://127.0.0.1:18789/tools/invoke "HTTP/1.1 200 OK"
2026-04-09 12:05:10 [DEBUG] httpcore.http11 - receive_response_body.started request=<Request [b'POST']>
2026-04-09 12:05:10 [DEBUG] httpcore.http11 - receive_response_body.complete
2026-04-09 12:05:10 [DEBUG] httpcore.http11 - response_closed.started
2026-04-09 12:05:10 [DEBUG] httpcore.http11 - response_closed.complete
2026-04-09 12:05:11 [DEBUG] httpcore.http11 - send_request_headers.started request=<Request [b'POST']>
2026-04-09 12:05:11 [DEBUG] httpcore.http11 - send_request_headers.complete
2026-04-09 12:05:11 [DEBUG] httpcore.http11 - send_request_body.started request=<Request [b'POST']>
2026-04-09 12:05:11 [DEBUG] httpcore.http11 - send_request_body.complete
2026-04-09 12:05:11 [DEBUG] httpcore.http11 - receive_response_headers.started request=<Request [b'POST']>
2026-04-09 12:05:12 [DEBUG] httpcore.http11 - receive_response_headers.complete return_value=(b'HTTP/1.1', 200, b'OK', [(b'X-Content-Type-Options', b'nosniff'), (b'Referrer-Policy', b'no-referrer'), (b'Permissions-Policy', b'camera=(), microphone=(), geolocation=()'), (b'Content-Type', b'application/json; charset=utf-8'), (b'Date', b'Thu, 09 Apr 2026 04:05:12 GMT'), (b'Connection', b'keep-alive'), (b'Keep-Alive', b'timeout=5'), (b'Content-Length', b'275')])
2026-04-09 12:05:12 [INFO] httpx - HTTP Request: POST http://127.0.0.1:18789/tools/invoke "HTTP/1.1 200 OK"
2026-04-09 12:05:12 [DEBUG] httpcore.http11 - receive_response_body.started request=<Request [b'POST']>
2026-04-09 12:05:12 [DEBUG] httpcore.http11 - receive_response_body.complete
2026-04-09 12:05:12 [DEBUG] httpcore.http11 - response_closed.started
2026-04-09 12:05:12 [DEBUG] httpcore.http11 - response_closed.complete
2026-04-09 12:05:12 [INFO] openclaw_alpha.openclaw.cron_utils - 轮询 HTTP 调用: job_id=43101331-a519-4e06-99dc-86f786baa40d, poll_count=1, poll_elapsed=1.53s
2026-04-09 12:05:12 [INFO] openclaw_alpha.openclaw.cron_utils - 轮询响应: ok=True, entries_count=0
2026-04-09 12:05:18 [DEBUG] httpcore.connection - close.started
2026-04-09 12:05:18 [DEBUG] httpcore.connection - close.complete
2026-04-09 12:05:18 [DEBUG] httpcore.connection - connect_tcp.started host='127.0.0.1' port=18789 local_address=None timeout=10.0 socket_options=None
2026-04-09 12:05:18 [DEBUG] httpcore.connection - connect_tcp.complete return_value=<httpcore._backends.anyio.AnyIOStream object at 0x7ae86e4eb700>
2026-04-09 12:05:18 [DEBUG] httpcore.http11 - send_request_headers.started request=<Request [b'POST']>
2026-04-09 12:05:18 [DEBUG] httpcore.http11 - send_request_headers.complete
2026-04-09 12:05:18 [DEBUG] httpcore.http11 - send_request_body.started request=<Request [b'POST']>
2026-04-09 12:05:18 [DEBUG] httpcore.http11 - send_request_body.complete
2026-04-09 12:05:18 [DEBUG] httpcore.http11 - receive_response_headers.started request=<Request [b'POST']>
2026-04-09 12:05:19 [DEBUG] httpcore.http11 - receive_response_headers.complete return_value=(b'HTTP/1.1', 200, b'OK', [(b'X-Content-Type-Options', b'nosniff'), (b'Referrer-Policy', b'no-referrer'), (b'Permissions-Policy', b'camera=(), microphone=(), geolocation=()'), (b'Content-Type', b'application/json; charset=utf-8'), (b'Date', b'Thu, 09 Apr 2026 04:05:19 GMT'), (b'Connection', b'keep-alive'), (b'Keep-Alive', b'timeout=5'), (b'Content-Length', b'275')])
2026-04-09 12:05:19 [INFO] httpx - HTTP Request: POST http://127.0.0.1:18789/tools/invoke "HTTP/1.1 200 OK"
2026-04-09 12:05:19 [DEBUG] httpcore.http11 - receive_response_body.started request=<Request [b'POST']>
2026-04-09 12:05:19 [DEBUG] httpcore.http11 - receive_response_body.complete
2026-04-09 12:05:19 [DEBUG] httpcore.http11 - response_closed.started
2026-04-09 12:05:19 [DEBUG] httpcore.http11 - response_closed.complete
2026-04-09 12:05:19 [INFO] openclaw_alpha.openclaw.cron_utils - 轮询 HTTP 调用: job_id=95ca0e92-97ba-43a3-ad33-147f2b187c26, poll_count=54, poll_elapsed=1.53s
2026-04-09 12:05:19 [INFO] openclaw_alpha.openclaw.cron_utils - 轮询响应: ok=True, entries_count=0
2026-04-09 12:05:22 [DEBUG] httpcore.connection - close.started
2026-04-09 12:05:22 [DEBUG] httpcore.connection - close.complete
2026-04-09 12:05:22 [DEBUG] httpcore.connection - connect_tcp.started host='127.0.0.1' port=18789 local_address=None timeout=10.0 socket_options=None
2026-04-09 12:05:22 [DEBUG] httpcore.connection - connect_tcp.complete return_value=<httpcore._backends.anyio.AnyIOStream object at 0x79f9f98ee710>
2026-04-09 12:05:22 [DEBUG] httpcore.http11 - send_request_headers.started request=<Request [b'POST']>
2026-04-09 12:05:22 [DEBUG] httpcore.http11 - send_request_headers.complete
2026-04-09 12:05:22 [DEBUG] httpcore.http11 - send_request_body.started request=<Request [b'POST']>
2026-04-09 12:05:22 [DEBUG] httpcore.http11 - send_request_body.complete
2026-04-09 12:05:22 [DEBUG] httpcore.http11 - receive_response_headers.started request=<Request [b'POST']>
2026-04-09 12:05:24 [DEBUG] httpcore.http11 - receive_response_headers.complete return_value=(b'HTTP/1.1', 200, b'OK', [(b'X-Content-Type-Options', b'nosniff'), (b'Referrer-Policy', b'no-referrer'), (b'Permissions-Policy', b'camera=(), microphone=(), geolocation=()'), (b'Content-Type', b'application/json; charset=utf-8'), (b'Date', b'Thu, 09 Apr 2026 04:05:24 GMT'), (b'Connection', b'keep-alive'), (b'Keep-Alive', b'timeout=5'), (b'Content-Length', b'275')])
2026-04-09 12:05:24 [INFO] httpx - HTTP Request: POST http://127.0.0.1:18789/tools/invoke "HTTP/1.1 200 OK"
2026-04-09 12:05:24 [DEBUG] httpcore.http11 - receive_response_body.started request=<Request [b'POST']>
2026-04-09 12:05:24 [DEBUG] httpcore.http11 - receive_response_body.complete
2026-04-09 12:05:24 [DEBUG] httpcore.http11 - response_closed.started
2026-04-09 12:05:24 [DEBUG] httpcore.http11 - response_closed.complete
2026-04-09 12:05:24 [INFO] openclaw_alpha.openclaw.cron_utils - 轮询 HTTP 调用: job_id=43101331-a519-4e06-99dc-86f786baa40d, poll_count=2, poll_elapsed=1.56s
2026-04-09 12:05:24 [INFO] openclaw_alpha.openclaw.cron_utils - 轮询响应: ok=True, entries_count=0
2026-04-09 12:05:29 [DEBUG] httpcore.connection - close.started
2026-04-09 12:05:29 [DEBUG] httpcore.connection - close.complete
2026-04-09 12:05:29 [DEBUG] httpcore.connection - connect_tcp.started host='127.0.0.1' port=18789 local_address=None timeout=10.0 socket_options=None
2026-04-09 12:05:29 [DEBUG] httpcore.connection - connect_tcp.complete return_value=<httpcore._backends.anyio.AnyIOStream object at 0x7ae86e4bf700>
2026-04-09 12:05:29 [DEBUG] httpcore.http11 - send_request_headers.started request=<Request [b'POST']>
2026-04-09 12:05:29 [DEBUG] httpcore.http11 - send_request_headers.complete
2026-04-09 12:05:29 [DEBUG] httpcore.http11 - send_request_body.started request=<Request [b'POST']>
2026-04-09 12:05:29 [DEBUG] httpcore.http11 - send_request_body.complete
2026-04-09 12:05:29 [DEBUG] httpcore.http11 - receive_response_headers.started request=<Request [b'POST']>
2026-04-09 12:05:31 [DEBUG] httpcore.http11 - receive_response_headers.complete return_value=(b'HTTP/1.1', 200, b'OK', [(b'X-Content-Type-Options', b'nosniff'), (b'Referrer-Policy', b'no-referrer'), (b'Permissions-Policy', b'camera=(), microphone=(), geolocation=()'), (b'Content-Type', b'application/json; charset=utf-8'), (b'Date', b'Thu, 09 Apr 2026 04:05:31 GMT'), (b'Connection', b'keep-alive'), (b'Keep-Alive', b'timeout=5'), (b'Content-Length', b'2568')])
2026-04-09 12:05:31 [INFO] httpx - HTTP Request: POST http://127.0.0.1:18789/tools/invoke "HTTP/1.1 200 OK"
2026-04-09 12:05:31 [DEBUG] httpcore.http11 - receive_response_body.started request=<Request [b'POST']>
2026-04-09 12:05:31 [DEBUG] httpcore.http11 - receive_response_body.complete
2026-04-09 12:05:31 [DEBUG] httpcore.http11 - response_closed.started
2026-04-09 12:05:31 [DEBUG] httpcore.http11 - response_closed.complete
2026-04-09 12:05:31 [INFO] openclaw_alpha.openclaw.cron_utils - 轮询 HTTP 调用: job_id=95ca0e92-97ba-43a3-ad33-147f2b187c26, poll_count=55, poll_elapsed=1.74s
2026-04-09 12:05:31 [INFO] openclaw_alpha.openclaw.cron_utils - 轮询响应: ok=True, entries_count=1
2026-04-09 12:05:31 [INFO] openclaw_alpha.openclaw.cron_utils - 轮询结果: status=ok, durationMs=679728, sessionId=46e0fa19-a8a2-499a-b70e-5e5cfd4a5485
2026-04-09 12:05:31 [INFO] openclaw_alpha.openclaw.cron_utils - 任务完成: ok（耗时 679728ms）
2026-04-09 12:05:31 [INFO] openclaw_alpha.openclaw.cron_utils - 任务运行完成: sessionId=46e0fa19-a8a2-499a-b70e-5e5cfd4a5485
2026-04-09 12:05:31 [DEBUG] httpcore.http11 - send_request_headers.started request=<Request [b'POST']>
2026-04-09 12:05:31 [DEBUG] httpcore.http11 - send_request_headers.complete
2026-04-09 12:05:31 [DEBUG] httpcore.http11 - send_request_body.started request=<Request [b'POST']>
2026-04-09 12:05:31 [DEBUG] httpcore.http11 - send_request_body.complete
2026-04-09 12:05:31 [DEBUG] httpcore.http11 - receive_response_headers.started request=<Request [b'POST']>
2026-04-09 12:05:34 [DEBUG] httpcore.connection - close.started
2026-04-09 12:05:34 [DEBUG] httpcore.connection - close.complete
2026-04-09 12:05:34 [DEBUG] httpcore.connection - connect_tcp.started host='127.0.0.1' port=18789 local_address=None timeout=10.0 socket_options=None
2026-04-09 12:05:34 [DEBUG] httpcore.connection - connect_tcp.complete return_value=<httpcore._backends.anyio.AnyIOStream object at 0x79f9f98ef250>
2026-04-09 12:05:34 [DEBUG] httpcore.http11 - send_request_headers.started request=<Request [b'POST']>
2026-04-09 12:05:34 [DEBUG] httpcore.http11 - send_request_headers.complete
2026-04-09 12:05:34 [DEBUG] httpcore.http11 - send_request_body.started request=<Request [b'POST']>
2026-04-09 12:05:34 [DEBUG] httpcore.http11 - send_request_body.complete
2026-04-09 12:05:34 [DEBUG] httpcore.http11 - receive_response_headers.started request=<Request [b'POST']>
2026-04-09 12:05:41 [DEBUG] httpcore.http11 - receive_response_headers.complete return_value=(b'HTTP/1.1', 200, b'OK', [(b'X-Content-Type-Options', b'nosniff'), (b'Referrer-Policy', b'no-referrer'), (b'Permissions-Policy', b'camera=(), microphone=(), geolocation=()'), (b'Content-Type', b'application/json; charset=utf-8'), (b'Date', b'Thu, 09 Apr 2026 04:05:41 GMT'), (b'Connection', b'keep-alive'), (b'Keep-Alive', b'timeout=5'), (b'Content-Length', b'141')])
2026-04-09 12:05:41 [INFO] httpx - HTTP Request: POST http://127.0.0.1:18789/tools/invoke "HTTP/1.1 200 OK"
2026-04-09 12:05:41 [DEBUG] httpcore.http11 - receive_response_body.started request=<Request [b'POST']>
2026-04-09 12:05:41 [DEBUG] httpcore.http11 - receive_response_body.complete
2026-04-09 12:05:41 [DEBUG] httpcore.http11 - response_closed.started
2026-04-09 12:05:41 [DEBUG] httpcore.http11 - response_closed.complete
2026-04-09 12:05:41 [INFO] openclaw_alpha.openclaw.cron_utils - 任务已删除: 95ca0e92-97ba-43a3-ad33-147f2b187c26
2026-04-09 12:05:41 [INFO] openclaw_alpha.backend.quick_news.task_executor - 任务已完成: 95ca0e92-97ba-43a3-ad33-147f2b187c26, sessionId: 46e0fa19-a8a2-499a-b70e-5e5cfd4a5485
2026-04-09 12:05:41 [INFO] openclaw_alpha.backend.quick_news.task_executor - 第 1 次轮询: analysis 字段已写入
2026-04-09 12:05:41 [INFO] openclaw_alpha.backend.quick_news.task_executor - 已读取分析结果并追加 session 字段: jin10_jin10:index:20260408220204108800
2026-04-09 12:05:41 [DEBUG] httpcore.http11 - send_request_headers.started request=<Request [b'POST']>
2026-04-09 12:05:41 [DEBUG] httpcore.http11 - send_request_headers.complete
2026-04-09 12:05:41 [DEBUG] httpcore.http11 - send_request_body.started request=<Request [b'POST']>
2026-04-09 12:05:41 [DEBUG] httpcore.http11 - send_request_body.complete
2026-04-09 12:05:41 [DEBUG] httpcore.http11 - receive_response_headers.started request=<Request [b'POST']>
2026-04-09 12:05:42 [DEBUG] httpcore.http11 - receive_response_headers.complete return_value=(b'HTTP/1.1', 200, b'OK', [(b'X-Content-Type-Options', b'nosniff'), (b'Referrer-Policy', b'no-referrer'), (b'Permissions-Policy', b'camera=(), microphone=(), geolocation=()'), (b'Content-Type', b'application/json; charset=utf-8'), (b'Date', b'Thu, 09 Apr 2026 04:05:42 GMT'), (b'Connection', b'keep-alive'), (b'Keep-Alive', b'timeout=5'), (b'Content-Length', b'275')])
2026-04-09 12:05:42 [INFO] httpx - HTTP Request: POST http://127.0.0.1:18789/tools/invoke "HTTP/1.1 200 OK"
2026-04-09 12:05:42 [DEBUG] httpcore.http11 - receive_response_body.started request=<Request [b'POST']>
2026-04-09 12:05:42 [DEBUG] httpcore.http11 - receive_response_body.complete
2026-04-09 12:05:42 [DEBUG] httpcore.http11 - response_closed.started
2026-04-09 12:05:42 [DEBUG] httpcore.http11 - response_closed.complete
2026-04-09 12:05:42 [INFO] openclaw_alpha.openclaw.cron_utils - 轮询 HTTP 调用: job_id=43101331-a519-4e06-99dc-86f786baa40d, poll_count=3, poll_elapsed=7.71s
2026-04-09 12:05:42 [INFO] openclaw_alpha.openclaw.cron_utils - 轮询响应: ok=True, entries_count=0
2026-04-09 12:05:43 [DEBUG] httpcore.http11 - receive_response_headers.complete return_value=(b'HTTP/1.1', 200, b'OK', [(b'X-Content-Type-Options', b'nosniff'), (b'Referrer-Policy', b'no-referrer'), (b'Permissions-Policy', b'camera=(), microphone=(), geolocation=()'), (b'Content-Type', b'application/json; charset=utf-8'), (b'Date', b'Thu, 09 Apr 2026 04:05:43 GMT'), (b'Connection', b'keep-alive'), (b'Keep-Alive', b'timeout=5'), (b'Content-Length', b'457')])
2026-04-09 12:05:43 [INFO] httpx - HTTP Request: POST http://127.0.0.1:18789/tools/invoke "HTTP/1.1 200 OK"
2026-04-09 12:05:43 [DEBUG] httpcore.http11 - receive_response_body.started request=<Request [b'POST']>
2026-04-09 12:05:43 [DEBUG] httpcore.http11 - receive_response_body.complete
2026-04-09 12:05:43 [DEBUG] httpcore.http11 - response_closed.started
2026-04-09 12:05:43 [DEBUG] httpcore.http11 - response_closed.complete
2026-04-09 12:05:43 [INFO] openclaw_alpha.backend.quick_news.task_executor - 已推送到 wecom: Momojie
2026-04-09 12:05:43 [INFO] openclaw_alpha.backend.quick_news.task_executor - submit_analysis 完成: news_id=jin10_jin10:index:20260408220204108800, success=True, worth_deep=False, error=None
2026-04-09 12:05:43 [INFO] openclaw_alpha.backend.quick_news.jobs - 分析完成: jin10_jin10:index:20260408220204108800, 值得深度分析: False
2026-04-09 12:05:43 [INFO] openclaw_alpha.backend.quick_news.jobs - 新闻处理完成: 1/1 成功
2026-04-09 12:05:43 [INFO] openclaw_alpha.backend.quick_news.jobs - 准备发送汇总通知: 1 个接收人
2026-04-09 12:05:43 [DEBUG] httpcore.http11 - send_request_headers.started request=<Request [b'POST']>
2026-04-09 12:05:43 [DEBUG] httpcore.http11 - send_request_headers.complete
2026-04-09 12:05:43 [DEBUG] httpcore.http11 - send_request_body.started request=<Request [b'POST']>
2026-04-09 12:05:43 [DEBUG] httpcore.http11 - send_request_body.complete
2026-04-09 12:05:43 [DEBUG] httpcore.http11 - receive_response_headers.started request=<Request [b'POST']>
2026-04-09 12:05:44 [DEBUG] httpcore.http11 - receive_response_headers.complete return_value=(b'HTTP/1.1', 200, b'OK', [(b'X-Content-Type-Options', b'nosniff'), (b'Referrer-Policy', b'no-referrer'), (b'Permissions-Policy', b'camera=(), microphone=(), geolocation=()'), (b'Content-Type', b'application/json; charset=utf-8'), (b'Date', b'Thu, 09 Apr 2026 04:05:44 GMT'), (b'Connection', b'keep-alive'), (b'Keep-Alive', b'timeout=5'), (b'Content-Length', b'457')])
2026-04-09 12:05:44 [INFO] httpx - HTTP Request: POST http://127.0.0.1:18789/tools/invoke "HTTP/1.1 200 OK"
2026-04-09 12:05:44 [DEBUG] httpcore.http11 - receive_response_body.started request=<Request [b'POST']>
2026-04-09 12:05:44 [DEBUG] httpcore.http11 - receive_response_body.complete
2026-04-09 12:05:44 [DEBUG] httpcore.http11 - response_closed.started
2026-04-09 12:05:44 [DEBUG] httpcore.http11 - response_closed.complete
2026-04-09 12:05:44 [INFO] openclaw_alpha.backend.quick_news.jobs - 汇总通知已发送: Momojie
2026-04-09 12:05:44 [INFO] news.trigger - === trigger 完成 ===
2026-04-09 12:32:55 [INFO] news.trigger - === trigger 开始 (limit=1) ===
2026-04-09 12:32:55 [DEBUG] asyncio - Using selector: EpollSelector
2026-04-09 12:32:55 [INFO] openclaw_alpha.backend.quick_news.jobs - 拉取新闻源: cls_telegraph (/cls/telegraph)
2026-04-09 12:32:55 [DEBUG] openclaw_alpha.rsshub.fetcher - 尝试拉取: https://rsshub.liumingye.cn/cls/telegraph
2026-04-09 12:32:56 [DEBUG] openclaw_alpha.rsshub.fetcher - 拉取成功: https://rsshub.liumingye.cn/cls/telegraph, 获取 20 条
2026-04-09 12:32:56 [INFO] openclaw_alpha.backend.quick_news.jobs -   cls_telegraph: saved=8, skipped=12
2026-04-09 12:32:56 [INFO] openclaw_alpha.backend.quick_news.jobs - 拉取新闻源: jin10 (/jin10)
2026-04-09 12:32:56 [DEBUG] openclaw_alpha.rsshub.fetcher - 尝试拉取: https://rsshub.liumingye.cn/jin10
2026-04-09 12:32:56 [DEBUG] openclaw_alpha.rsshub.fetcher - 拉取成功: https://rsshub.liumingye.cn/jin10, 获取 21 条
2026-04-09 12:32:56 [INFO] openclaw_alpha.backend.quick_news.jobs -   jin10: saved=15, skipped=6
2026-04-09 12:32:56 [INFO] openclaw_alpha.backend.quick_news.jobs - 拉取新闻源: wallstreetcn_news (/wallstreetcn/news)
2026-04-09 12:32:56 [DEBUG] openclaw_alpha.rsshub.fetcher - 尝试拉取: https://rsshub.liumingye.cn/wallstreetcn/news
2026-04-09 12:32:57 [DEBUG] openclaw_alpha.rsshub.fetcher - 拉取成功: https://rsshub.liumingye.cn/wallstreetcn/news, 获取 30 条
2026-04-09 12:32:57 [INFO] openclaw_alpha.backend.quick_news.jobs -   wallstreetcn_news: saved=0, skipped=30
2026-04-09 12:32:57 [INFO] openclaw_alpha.backend.quick_news.jobs - 拉取新闻源: yicai_brief (/yicai/brief)
2026-04-09 12:32:57 [DEBUG] openclaw_alpha.rsshub.fetcher - 尝试拉取: https://rsshub.liumingye.cn/yicai/brief
2026-04-09 12:32:58 [DEBUG] openclaw_alpha.rsshub.fetcher - 拉取成功: https://rsshub.liumingye.cn/yicai/brief, 获取 50 条
2026-04-09 12:32:58 [INFO] openclaw_alpha.backend.quick_news.jobs -   yicai_brief: saved=8, skipped=42
2026-04-09 12:32:58 [INFO] openclaw_alpha.backend.quick_news.jobs - 拉取完成: 4 个源, saved=31, skipped=90
2026-04-09 12:32:58 [INFO] openclaw_alpha.backend.quick_news.jobs - 发现 261 条待分析新闻
2026-04-09 12:32:58 [INFO] openclaw_alpha.backend.quick_news.jobs - 应用 limit=1，处理前 1 条
2026-04-09 12:32:58 [INFO] openclaw_alpha.backend.quick_news.jobs - 处理新闻: 巴西3月汽车产量同比增长35.6%。 (jin10_jin10:index:20260408220207306800)
2026-04-09 12:32:58 [INFO] openclaw_alpha.backend.quick_news.task_executor - 提交快速分析任务: 巴西3月汽车产量同比增长35.6%。 (jin10_jin10:index:20260408220207306800)
2026-04-09 12:32:58 [INFO] openclaw_alpha.backend.quick_news.task_executor -   agent_id=main, model=openrouter/nvidia/nemotron-3-super-120b-a12b:free
2026-04-09 12:32:58 [INFO] openclaw_alpha.backend.quick_news.task_executor -   timeout=900s, session_poll_timeout=900s
2026-04-09 12:32:58 [DEBUG] openclaw_alpha.openclaw.cron_utils - cron.add 参数: news-analysis-jin10_jin10:index:20260408220207306800
2026-04-09 12:32:58 [DEBUG] httpcore.connection - connect_tcp.started host='127.0.0.1' port=18789 local_address=None timeout=30.0 socket_options=None
2026-04-09 12:32:58 [DEBUG] httpcore.connection - connect_tcp.complete return_value=<httpcore._backends.anyio.AnyIOStream object at 0x77658d662a50>
2026-04-09 12:32:58 [DEBUG] httpcore.http11 - send_request_headers.started request=<Request [b'POST']>
2026-04-09 12:32:58 [DEBUG] httpcore.http11 - send_request_headers.complete
2026-04-09 12:32:58 [DEBUG] httpcore.http11 - send_request_body.started request=<Request [b'POST']>
2026-04-09 12:32:58 [DEBUG] httpcore.http11 - send_request_body.complete
2026-04-09 12:32:58 [DEBUG] httpcore.http11 - receive_response_headers.started request=<Request [b'POST']>
2026-04-09 12:33:00 [DEBUG] httpcore.http11 - receive_response_headers.complete return_value=(b'HTTP/1.1', 200, b'OK', [(b'X-Content-Type-Options', b'nosniff'), (b'Referrer-Policy', b'no-referrer'), (b'Permissions-Policy', b'camera=(), microphone=(), geolocation=()'), (b'Content-Type', b'application/json; charset=utf-8'), (b'Date', b'Thu, 09 Apr 2026 04:33:00 GMT'), (b'Connection', b'keep-alive'), (b'Keep-Alive', b'timeout=5'), (b'Content-Length', b'7373')])
2026-04-09 12:33:00 [INFO] httpx - HTTP Request: POST http://127.0.0.1:18789/tools/invoke "HTTP/1.1 200 OK"
2026-04-09 12:33:00 [DEBUG] httpcore.http11 - receive_response_body.started request=<Request [b'POST']>
2026-04-09 12:33:00 [DEBUG] httpcore.http11 - receive_response_body.complete
2026-04-09 12:33:00 [DEBUG] httpcore.http11 - response_closed.started
2026-04-09 12:33:00 [DEBUG] httpcore.http11 - response_closed.complete
2026-04-09 12:33:00 [INFO] openclaw_alpha.openclaw.cron_utils - 任务创建成功: c1d70b70-69c9-478a-965f-9cce0941d6b7
2026-04-09 12:33:00 [INFO] openclaw_alpha.openclaw.cron_utils - 触发任务: c1d70b70-69c9-478a-965f-9cce0941d6b7
2026-04-09 12:33:00 [INFO] openclaw_alpha.openclaw.cron_utils - 开始轮询任务完成状态: c1d70b70-69c9-478a-965f-9cce0941d6b7（超时 900s）
2026-04-09 12:33:00 [DEBUG] httpcore.http11 - send_request_headers.started request=<Request [b'POST']>
2026-04-09 12:33:00 [DEBUG] httpcore.http11 - send_request_headers.complete
2026-04-09 12:33:00 [DEBUG] httpcore.http11 - send_request_body.started request=<Request [b'POST']>
2026-04-09 12:33:00 [DEBUG] httpcore.http11 - send_request_body.complete
2026-04-09 12:33:00 [DEBUG] httpcore.http11 - receive_response_headers.started request=<Request [b'POST']>
2026-04-09 12:33:02 [DEBUG] httpcore.http11 - receive_response_headers.complete return_value=(b'HTTP/1.1', 200, b'OK', [(b'X-Content-Type-Options', b'nosniff'), (b'Referrer-Policy', b'no-referrer'), (b'Permissions-Policy', b'camera=(), microphone=(), geolocation=()'), (b'Content-Type', b'application/json; charset=utf-8'), (b'Date', b'Thu, 09 Apr 2026 04:33:02 GMT'), (b'Connection', b'keep-alive'), (b'Keep-Alive', b'timeout=5'), (b'Content-Length', b'290')])
2026-04-09 12:33:02 [INFO] httpx - HTTP Request: POST http://127.0.0.1:18789/tools/invoke "HTTP/1.1 200 OK"
2026-04-09 12:33:02 [DEBUG] httpcore.http11 - receive_response_body.started request=<Request [b'POST']>
2026-04-09 12:33:02 [DEBUG] httpcore.http11 - receive_response_body.complete
2026-04-09 12:33:02 [DEBUG] httpcore.http11 - response_closed.started
2026-04-09 12:33:02 [DEBUG] httpcore.http11 - response_closed.complete
2026-04-09 12:33:03 [DEBUG] httpcore.http11 - send_request_headers.started request=<Request [b'POST']>
2026-04-09 12:33:03 [DEBUG] httpcore.http11 - send_request_headers.complete
2026-04-09 12:33:03 [DEBUG] httpcore.http11 - send_request_body.started request=<Request [b'POST']>
2026-04-09 12:33:03 [DEBUG] httpcore.http11 - send_request_body.complete
2026-04-09 12:33:03 [DEBUG] httpcore.http11 - receive_response_headers.started request=<Request [b'POST']>
2026-04-09 12:33:05 [DEBUG] httpcore.http11 - receive_response_headers.complete return_value=(b'HTTP/1.1', 200, b'OK', [(b'X-Content-Type-Options', b'nosniff'), (b'Referrer-Policy', b'no-referrer'), (b'Permissions-Policy', b'camera=(), microphone=(), geolocation=()'), (b'Content-Type', b'application/json; charset=utf-8'), (b'Date', b'Thu, 09 Apr 2026 04:33:05 GMT'), (b'Connection', b'keep-alive'), (b'Keep-Alive', b'timeout=5'), (b'Content-Length', b'275')])
2026-04-09 12:33:05 [INFO] httpx - HTTP Request: POST http://127.0.0.1:18789/tools/invoke "HTTP/1.1 200 OK"
2026-04-09 12:33:05 [DEBUG] httpcore.http11 - receive_response_body.started request=<Request [b'POST']>
2026-04-09 12:33:05 [DEBUG] httpcore.http11 - receive_response_body.complete
2026-04-09 12:33:05 [DEBUG] httpcore.http11 - response_closed.started
2026-04-09 12:33:05 [DEBUG] httpcore.http11 - response_closed.complete
2026-04-09 12:33:05 [INFO] openclaw_alpha.openclaw.cron_utils - 轮询 HTTP 调用: job_id=c1d70b70-69c9-478a-965f-9cce0941d6b7, poll_count=1, poll_elapsed=1.59s
2026-04-09 12:33:05 [INFO] openclaw_alpha.openclaw.cron_utils - 轮询响应: ok=True, entries_count=0
2026-04-09 12:33:15 [DEBUG] httpcore.connection - close.started
2026-04-09 12:33:15 [DEBUG] httpcore.connection - close.complete
2026-04-09 12:33:15 [DEBUG] httpcore.connection - connect_tcp.started host='127.0.0.1' port=18789 local_address=None timeout=10.0 socket_options=None
2026-04-09 12:33:15 [DEBUG] httpcore.connection - connect_tcp.complete return_value=<httpcore._backends.anyio.AnyIOStream object at 0x77658e022710>
2026-04-09 12:33:15 [DEBUG] httpcore.http11 - send_request_headers.started request=<Request [b'POST']>
2026-04-09 12:33:15 [DEBUG] httpcore.http11 - send_request_headers.complete
2026-04-09 12:33:15 [DEBUG] httpcore.http11 - send_request_body.started request=<Request [b'POST']>
2026-04-09 12:33:15 [DEBUG] httpcore.http11 - send_request_body.complete
2026-04-09 12:33:15 [DEBUG] httpcore.http11 - receive_response_headers.started request=<Request [b'POST']>
2026-04-09 12:33:16 [DEBUG] httpcore.http11 - receive_response_headers.complete return_value=(b'HTTP/1.1', 200, b'OK', [(b'X-Content-Type-Options', b'nosniff'), (b'Referrer-Policy', b'no-referrer'), (b'Permissions-Policy', b'camera=(), microphone=(), geolocation=()'), (b'Content-Type', b'application/json; charset=utf-8'), (b'Date', b'Thu, 09 Apr 2026 04:33:16 GMT'), (b'Connection', b'keep-alive'), (b'Keep-Alive', b'timeout=5'), (b'Content-Length', b'275')])
2026-04-09 12:33:16 [INFO] httpx - HTTP Request: POST http://127.0.0.1:18789/tools/invoke "HTTP/1.1 200 OK"
2026-04-09 12:33:16 [DEBUG] httpcore.http11 - receive_response_body.started request=<Request [b'POST']>
2026-04-09 12:33:16 [DEBUG] httpcore.http11 - receive_response_body.complete
2026-04-09 12:33:16 [DEBUG] httpcore.http11 - response_closed.started
2026-04-09 12:33:16 [DEBUG] httpcore.http11 - response_closed.complete
2026-04-09 12:33:16 [INFO] openclaw_alpha.openclaw.cron_utils - 轮询 HTTP 调用: job_id=c1d70b70-69c9-478a-965f-9cce0941d6b7, poll_count=2, poll_elapsed=1.62s
2026-04-09 12:33:16 [INFO] openclaw_alpha.openclaw.cron_utils - 轮询响应: ok=True, entries_count=0
2026-04-09 12:33:26 [DEBUG] httpcore.connection - close.started
2026-04-09 12:33:26 [DEBUG] httpcore.connection - close.complete
2026-04-09 12:33:26 [DEBUG] httpcore.connection - connect_tcp.started host='127.0.0.1' port=18789 local_address=None timeout=10.0 socket_options=None
2026-04-09 12:33:26 [DEBUG] httpcore.connection - connect_tcp.complete return_value=<httpcore._backends.anyio.AnyIOStream object at 0x77658e023250>
2026-04-09 12:33:26 [DEBUG] httpcore.http11 - send_request_headers.started request=<Request [b'POST']>
2026-04-09 12:33:26 [DEBUG] httpcore.http11 - send_request_headers.complete
2026-04-09 12:33:26 [DEBUG] httpcore.http11 - send_request_body.started request=<Request [b'POST']>
2026-04-09 12:33:26 [DEBUG] httpcore.http11 - send_request_body.complete
2026-04-09 12:33:26 [DEBUG] httpcore.http11 - receive_response_headers.started request=<Request [b'POST']>
2026-04-09 12:33:32 [DEBUG] httpcore.http11 - receive_response_headers.complete return_value=(b'HTTP/1.1', 200, b'OK', [(b'X-Content-Type-Options', b'nosniff'), (b'Referrer-Policy', b'no-referrer'), (b'Permissions-Policy', b'camera=(), microphone=(), geolocation=()'), (b'Content-Type', b'application/json; charset=utf-8'), (b'Date', b'Thu, 09 Apr 2026 04:33:32 GMT'), (b'Connection', b'keep-alive'), (b'Keep-Alive', b'timeout=5'), (b'Content-Length', b'275')])
2026-04-09 12:33:32 [INFO] httpx - HTTP Request: POST http://127.0.0.1:18789/tools/invoke "HTTP/1.1 200 OK"
2026-04-09 12:33:32 [DEBUG] httpcore.http11 - receive_response_body.started request=<Request [b'POST']>
2026-04-09 12:33:32 [DEBUG] httpcore.http11 - receive_response_body.complete
2026-04-09 12:33:32 [DEBUG] httpcore.http11 - response_closed.started
2026-04-09 12:33:32 [DEBUG] httpcore.http11 - response_closed.complete
2026-04-09 12:33:32 [INFO] openclaw_alpha.openclaw.cron_utils - 轮询 HTTP 调用: job_id=c1d70b70-69c9-478a-965f-9cce0941d6b7, poll_count=3, poll_elapsed=5.23s
2026-04-09 12:33:32 [INFO] openclaw_alpha.openclaw.cron_utils - 轮询响应: ok=True, entries_count=0
2026-04-09 12:33:42 [DEBUG] httpcore.connection - close.started
2026-04-09 12:33:42 [DEBUG] httpcore.connection - close.complete
2026-04-09 12:33:42 [DEBUG] httpcore.connection - connect_tcp.started host='127.0.0.1' port=18789 local_address=None timeout=10.0 socket_options=None
2026-04-09 12:33:42 [DEBUG] httpcore.connection - connect_tcp.complete return_value=<httpcore._backends.anyio.AnyIOStream object at 0x77658d6d8050>
2026-04-09 12:33:42 [DEBUG] httpcore.http11 - send_request_headers.started request=<Request [b'POST']>
2026-04-09 12:33:42 [DEBUG] httpcore.http11 - send_request_headers.complete
2026-04-09 12:33:42 [DEBUG] httpcore.http11 - send_request_body.started request=<Request [b'POST']>
2026-04-09 12:33:42 [DEBUG] httpcore.http11 - send_request_body.complete
2026-04-09 12:33:42 [DEBUG] httpcore.http11 - receive_response_headers.started request=<Request [b'POST']>
2026-04-09 12:33:43 [DEBUG] httpcore.http11 - receive_response_headers.complete return_value=(b'HTTP/1.1', 200, b'OK', [(b'X-Content-Type-Options', b'nosniff'), (b'Referrer-Policy', b'no-referrer'), (b'Permissions-Policy', b'camera=(), microphone=(), geolocation=()'), (b'Content-Type', b'application/json; charset=utf-8'), (b'Date', b'Thu, 09 Apr 2026 04:33:43 GMT'), (b'Connection', b'keep-alive'), (b'Keep-Alive', b'timeout=5'), (b'Content-Length', b'275')])
2026-04-09 12:33:43 [INFO] httpx - HTTP Request: POST http://127.0.0.1:18789/tools/invoke "HTTP/1.1 200 OK"
2026-04-09 12:33:43 [DEBUG] httpcore.http11 - receive_response_body.started request=<Request [b'POST']>
2026-04-09 12:33:43 [DEBUG] httpcore.http11 - receive_response_body.complete
2026-04-09 12:33:43 [DEBUG] httpcore.http11 - response_closed.started
2026-04-09 12:33:43 [DEBUG] httpcore.http11 - response_closed.complete
2026-04-09 12:33:43 [INFO] openclaw_alpha.openclaw.cron_utils - 轮询 HTTP 调用: job_id=c1d70b70-69c9-478a-965f-9cce0941d6b7, poll_count=4, poll_elapsed=1.55s
2026-04-09 12:33:43 [INFO] openclaw_alpha.openclaw.cron_utils - 轮询响应: ok=True, entries_count=0
2026-04-09 12:33:53 [DEBUG] httpcore.connection - close.started
2026-04-09 12:33:53 [DEBUG] httpcore.connection - close.complete
2026-04-09 12:33:53 [DEBUG] httpcore.connection - connect_tcp.started host='127.0.0.1' port=18789 local_address=None timeout=10.0 socket_options=None
2026-04-09 12:33:53 [DEBUG] httpcore.connection - connect_tcp.complete return_value=<httpcore._backends.anyio.AnyIOStream object at 0x77658d6d89d0>
2026-04-09 12:33:53 [DEBUG] httpcore.http11 - send_request_headers.started request=<Request [b'POST']>
2026-04-09 12:33:53 [DEBUG] httpcore.http11 - send_request_headers.complete
2026-04-09 12:33:53 [DEBUG] httpcore.http11 - send_request_body.started request=<Request [b'POST']>
2026-04-09 12:33:53 [DEBUG] httpcore.http11 - send_request_body.complete
2026-04-09 12:33:53 [DEBUG] httpcore.http11 - receive_response_headers.started request=<Request [b'POST']>
2026-04-09 12:33:55 [DEBUG] httpcore.http11 - receive_response_headers.complete return_value=(b'HTTP/1.1', 200, b'OK', [(b'X-Content-Type-Options', b'nosniff'), (b'Referrer-Policy', b'no-referrer'), (b'Permissions-Policy', b'camera=(), microphone=(), geolocation=()'), (b'Content-Type', b'application/json; charset=utf-8'), (b'Date', b'Thu, 09 Apr 2026 04:33:55 GMT'), (b'Connection', b'keep-alive'), (b'Keep-Alive', b'timeout=5'), (b'Content-Length', b'275')])
2026-04-09 12:33:55 [INFO] httpx - HTTP Request: POST http://127.0.0.1:18789/tools/invoke "HTTP/1.1 200 OK"
2026-04-09 12:33:55 [DEBUG] httpcore.http11 - receive_response_body.started request=<Request [b'POST']>
2026-04-09 12:33:55 [DEBUG] httpcore.http11 - receive_response_body.complete
2026-04-09 12:33:55 [DEBUG] httpcore.http11 - response_closed.started
2026-04-09 12:33:55 [DEBUG] httpcore.http11 - response_closed.complete
2026-04-09 12:33:55 [INFO] openclaw_alpha.openclaw.cron_utils - 轮询 HTTP 调用: job_id=c1d70b70-69c9-478a-965f-9cce0941d6b7, poll_count=5, poll_elapsed=2.11s
2026-04-09 12:33:55 [INFO] openclaw_alpha.openclaw.cron_utils - 轮询响应: ok=True, entries_count=0
2026-04-09 12:34:05 [DEBUG] httpcore.connection - close.started
2026-04-09 12:34:05 [DEBUG] httpcore.connection - close.complete
2026-04-09 12:34:05 [DEBUG] httpcore.connection - connect_tcp.started host='127.0.0.1' port=18789 local_address=None timeout=10.0 socket_options=None
2026-04-09 12:34:05 [DEBUG] httpcore.connection - connect_tcp.complete return_value=<httpcore._backends.anyio.AnyIOStream object at 0x77658d6bd5b0>
2026-04-09 12:34:05 [DEBUG] httpcore.http11 - send_request_headers.started request=<Request [b'POST']>
2026-04-09 12:34:05 [DEBUG] httpcore.http11 - send_request_headers.complete
2026-04-09 12:34:05 [DEBUG] httpcore.http11 - send_request_body.started request=<Request [b'POST']>
2026-04-09 12:34:05 [DEBUG] httpcore.http11 - send_request_body.complete
2026-04-09 12:34:05 [DEBUG] httpcore.http11 - receive_response_headers.started request=<Request [b'POST']>
2026-04-09 12:34:07 [DEBUG] httpcore.http11 - receive_response_headers.complete return_value=(b'HTTP/1.1', 200, b'OK', [(b'X-Content-Type-Options', b'nosniff'), (b'Referrer-Policy', b'no-referrer'), (b'Permissions-Policy', b'camera=(), microphone=(), geolocation=()'), (b'Content-Type', b'application/json; charset=utf-8'), (b'Date', b'Thu, 09 Apr 2026 04:34:07 GMT'), (b'Connection', b'keep-alive'), (b'Keep-Alive', b'timeout=5'), (b'Content-Length', b'275')])
2026-04-09 12:34:07 [INFO] httpx - HTTP Request: POST http://127.0.0.1:18789/tools/invoke "HTTP/1.1 200 OK"
2026-04-09 12:34:07 [DEBUG] httpcore.http11 - receive_response_body.started request=<Request [b'POST']>
2026-04-09 12:34:07 [DEBUG] httpcore.http11 - receive_response_body.complete
2026-04-09 12:34:07 [DEBUG] httpcore.http11 - response_closed.started
2026-04-09 12:34:07 [DEBUG] httpcore.http11 - response_closed.complete
2026-04-09 12:34:07 [INFO] openclaw_alpha.openclaw.cron_utils - 轮询 HTTP 调用: job_id=c1d70b70-69c9-478a-965f-9cce0941d6b7, poll_count=6, poll_elapsed=1.59s
2026-04-09 12:34:07 [INFO] openclaw_alpha.openclaw.cron_utils - 轮询响应: ok=True, entries_count=0
2026-04-09 12:34:17 [DEBUG] httpcore.connection - close.started
2026-04-09 12:34:17 [DEBUG] httpcore.connection - close.complete
2026-04-09 12:34:17 [DEBUG] httpcore.connection - connect_tcp.started host='127.0.0.1' port=18789 local_address=None timeout=10.0 socket_options=None
2026-04-09 12:34:17 [DEBUG] httpcore.connection - connect_tcp.complete return_value=<httpcore._backends.anyio.AnyIOStream object at 0x77658d67b460>
2026-04-09 12:34:17 [DEBUG] httpcore.http11 - send_request_headers.started request=<Request [b'POST']>
2026-04-09 12:34:17 [DEBUG] httpcore.http11 - send_request_headers.complete
2026-04-09 12:34:17 [DEBUG] httpcore.http11 - send_request_body.started request=<Request [b'POST']>
2026-04-09 12:34:17 [DEBUG] httpcore.http11 - send_request_body.complete
2026-04-09 12:34:17 [DEBUG] httpcore.http11 - receive_response_headers.started request=<Request [b'POST']>
2026-04-09 12:34:21 [DEBUG] httpcore.http11 - receive_response_headers.complete return_value=(b'HTTP/1.1', 200, b'OK', [(b'X-Content-Type-Options', b'nosniff'), (b'Referrer-Policy', b'no-referrer'), (b'Permissions-Policy', b'camera=(), microphone=(), geolocation=()'), (b'Content-Type', b'application/json; charset=utf-8'), (b'Date', b'Thu, 09 Apr 2026 04:34:21 GMT'), (b'Connection', b'keep-alive'), (b'Keep-Alive', b'timeout=5'), (b'Content-Length', b'275')])
2026-04-09 12:34:21 [INFO] httpx - HTTP Request: POST http://127.0.0.1:18789/tools/invoke "HTTP/1.1 200 OK"
2026-04-09 12:34:21 [DEBUG] httpcore.http11 - receive_response_body.started request=<Request [b'POST']>
2026-04-09 12:34:21 [DEBUG] httpcore.http11 - receive_response_body.complete
2026-04-09 12:34:21 [DEBUG] httpcore.http11 - response_closed.started
2026-04-09 12:34:21 [DEBUG] httpcore.http11 - response_closed.complete
2026-04-09 12:34:21 [INFO] openclaw_alpha.openclaw.cron_utils - 轮询 HTTP 调用: job_id=c1d70b70-69c9-478a-965f-9cce0941d6b7, poll_count=7, poll_elapsed=4.12s
2026-04-09 12:34:21 [INFO] openclaw_alpha.openclaw.cron_utils - 轮询响应: ok=True, entries_count=0
2026-04-09 12:34:31 [DEBUG] httpcore.connection - close.started
2026-04-09 12:34:31 [DEBUG] httpcore.connection - close.complete
2026-04-09 12:34:31 [DEBUG] httpcore.connection - connect_tcp.started host='127.0.0.1' port=18789 local_address=None timeout=10.0 socket_options=None
2026-04-09 12:34:31 [DEBUG] httpcore.connection - connect_tcp.complete return_value=<httpcore._backends.anyio.AnyIOStream object at 0x77658d67bce0>
2026-04-09 12:34:31 [DEBUG] httpcore.http11 - send_request_headers.started request=<Request [b'POST']>
2026-04-09 12:34:31 [DEBUG] httpcore.http11 - send_request_headers.complete
2026-04-09 12:34:31 [DEBUG] httpcore.http11 - send_request_body.started request=<Request [b'POST']>
2026-04-09 12:34:31 [DEBUG] httpcore.http11 - send_request_body.complete
2026-04-09 12:34:31 [DEBUG] httpcore.http11 - receive_response_headers.started request=<Request [b'POST']>
2026-04-09 12:34:33 [DEBUG] httpcore.http11 - receive_response_headers.complete return_value=(b'HTTP/1.1', 200, b'OK', [(b'X-Content-Type-Options', b'nosniff'), (b'Referrer-Policy', b'no-referrer'), (b'Permissions-Policy', b'camera=(), microphone=(), geolocation=()'), (b'Content-Type', b'application/json; charset=utf-8'), (b'Date', b'Thu, 09 Apr 2026 04:34:33 GMT'), (b'Connection', b'keep-alive'), (b'Keep-Alive', b'timeout=5'), (b'Content-Length', b'275')])
2026-04-09 12:34:33 [INFO] httpx - HTTP Request: POST http://127.0.0.1:18789/tools/invoke "HTTP/1.1 200 OK"
2026-04-09 12:34:33 [DEBUG] httpcore.http11 - receive_response_body.started request=<Request [b'POST']>
2026-04-09 12:34:33 [DEBUG] httpcore.http11 - receive_response_body.complete
2026-04-09 12:34:33 [DEBUG] httpcore.http11 - response_closed.started
2026-04-09 12:34:33 [DEBUG] httpcore.http11 - response_closed.complete
2026-04-09 12:34:33 [INFO] openclaw_alpha.openclaw.cron_utils - 轮询 HTTP 调用: job_id=c1d70b70-69c9-478a-965f-9cce0941d6b7, poll_count=8, poll_elapsed=2.20s
2026-04-09 12:34:33 [INFO] openclaw_alpha.openclaw.cron_utils - 轮询响应: ok=True, entries_count=0
2026-04-09 12:34:43 [DEBUG] httpcore.connection - close.started
2026-04-09 12:34:43 [DEBUG] httpcore.connection - close.complete
2026-04-09 12:34:43 [DEBUG] httpcore.connection - connect_tcp.started host='127.0.0.1' port=18789 local_address=None timeout=10.0 socket_options=None
2026-04-09 12:34:43 [DEBUG] httpcore.connection - connect_tcp.complete return_value=<httpcore._backends.anyio.AnyIOStream object at 0x77658d693950>
2026-04-09 12:34:43 [DEBUG] httpcore.http11 - send_request_headers.started request=<Request [b'POST']>
2026-04-09 12:34:43 [DEBUG] httpcore.http11 - send_request_headers.complete
2026-04-09 12:34:43 [DEBUG] httpcore.http11 - send_request_body.started request=<Request [b'POST']>
2026-04-09 12:34:43 [DEBUG] httpcore.http11 - send_request_body.complete
2026-04-09 12:34:43 [DEBUG] httpcore.http11 - receive_response_headers.started request=<Request [b'POST']>
2026-04-09 12:34:45 [DEBUG] httpcore.http11 - receive_response_headers.complete return_value=(b'HTTP/1.1', 200, b'OK', [(b'X-Content-Type-Options', b'nosniff'), (b'Referrer-Policy', b'no-referrer'), (b'Permissions-Policy', b'camera=(), microphone=(), geolocation=()'), (b'Content-Type', b'application/json; charset=utf-8'), (b'Date', b'Thu, 09 Apr 2026 04:34:45 GMT'), (b'Connection', b'keep-alive'), (b'Keep-Alive', b'timeout=5'), (b'Content-Length', b'275')])
2026-04-09 12:34:45 [INFO] httpx - HTTP Request: POST http://127.0.0.1:18789/tools/invoke "HTTP/1.1 200 OK"
2026-04-09 12:34:45 [DEBUG] httpcore.http11 - receive_response_body.started request=<Request [b'POST']>
2026-04-09 12:34:45 [DEBUG] httpcore.http11 - receive_response_body.complete
2026-04-09 12:34:45 [DEBUG] httpcore.http11 - response_closed.started
2026-04-09 12:34:45 [DEBUG] httpcore.http11 - response_closed.complete
2026-04-09 12:34:45 [INFO] openclaw_alpha.openclaw.cron_utils - 轮询 HTTP 调用: job_id=c1d70b70-69c9-478a-965f-9cce0941d6b7, poll_count=9, poll_elapsed=2.18s
2026-04-09 12:34:45 [INFO] openclaw_alpha.openclaw.cron_utils - 轮询响应: ok=True, entries_count=0
2026-04-09 12:34:55 [DEBUG] httpcore.connection - close.started
2026-04-09 12:34:55 [DEBUG] httpcore.connection - close.complete
2026-04-09 12:34:55 [DEBUG] httpcore.connection - connect_tcp.started host='127.0.0.1' port=18789 local_address=None timeout=10.0 socket_options=None
2026-04-09 12:34:55 [DEBUG] httpcore.connection - connect_tcp.complete return_value=<httpcore._backends.anyio.AnyIOStream object at 0x77658d693a50>
2026-04-09 12:34:55 [DEBUG] httpcore.http11 - send_request_headers.started request=<Request [b'POST']>
2026-04-09 12:34:55 [DEBUG] httpcore.http11 - send_request_headers.complete
2026-04-09 12:34:55 [DEBUG] httpcore.http11 - send_request_body.started request=<Request [b'POST']>
2026-04-09 12:34:55 [DEBUG] httpcore.http11 - send_request_body.complete
2026-04-09 12:34:55 [DEBUG] httpcore.http11 - receive_response_headers.started request=<Request [b'POST']>
2026-04-09 12:34:57 [DEBUG] httpcore.http11 - receive_response_headers.complete return_value=(b'HTTP/1.1', 200, b'OK', [(b'X-Content-Type-Options', b'nosniff'), (b'Referrer-Policy', b'no-referrer'), (b'Permissions-Policy', b'camera=(), microphone=(), geolocation=()'), (b'Content-Type', b'application/json; charset=utf-8'), (b'Date', b'Thu, 09 Apr 2026 04:34:57 GMT'), (b'Connection', b'keep-alive'), (b'Keep-Alive', b'timeout=5'), (b'Content-Length', b'275')])
2026-04-09 12:34:57 [INFO] httpx - HTTP Request: POST http://127.0.0.1:18789/tools/invoke "HTTP/1.1 200 OK"
2026-04-09 12:34:57 [DEBUG] httpcore.http11 - receive_response_body.started request=<Request [b'POST']>
2026-04-09 12:34:57 [DEBUG] httpcore.http11 - receive_response_body.complete
2026-04-09 12:34:57 [DEBUG] httpcore.http11 - response_closed.started
2026-04-09 12:34:57 [DEBUG] httpcore.http11 - response_closed.complete
2026-04-09 12:34:57 [INFO] openclaw_alpha.openclaw.cron_utils - 轮询 HTTP 调用: job_id=c1d70b70-69c9-478a-965f-9cce0941d6b7, poll_count=10, poll_elapsed=1.69s
2026-04-09 12:34:57 [INFO] openclaw_alpha.openclaw.cron_utils - 轮询响应: ok=True, entries_count=0
2026-04-09 12:35:07 [DEBUG] httpcore.connection - close.started
2026-04-09 12:35:07 [DEBUG] httpcore.connection - close.complete
2026-04-09 12:35:07 [DEBUG] httpcore.connection - connect_tcp.started host='127.0.0.1' port=18789 local_address=None timeout=10.0 socket_options=None
2026-04-09 12:35:07 [DEBUG] httpcore.connection - connect_tcp.complete return_value=<httpcore._backends.anyio.AnyIOStream object at 0x77658d6df890>
2026-04-09 12:35:07 [DEBUG] httpcore.http11 - send_request_headers.started request=<Request [b'POST']>
2026-04-09 12:35:07 [DEBUG] httpcore.http11 - send_request_headers.complete
2026-04-09 12:35:07 [DEBUG] httpcore.http11 - send_request_body.started request=<Request [b'POST']>
2026-04-09 12:35:07 [DEBUG] httpcore.http11 - send_request_body.complete
2026-04-09 12:35:07 [DEBUG] httpcore.http11 - receive_response_headers.started request=<Request [b'POST']>
2026-04-09 12:35:11 [DEBUG] httpcore.http11 - receive_response_headers.complete return_value=(b'HTTP/1.1', 200, b'OK', [(b'X-Content-Type-Options', b'nosniff'), (b'Referrer-Policy', b'no-referrer'), (b'Permissions-Policy', b'camera=(), microphone=(), geolocation=()'), (b'Content-Type', b'application/json; charset=utf-8'), (b'Date', b'Thu, 09 Apr 2026 04:35:11 GMT'), (b'Connection', b'keep-alive'), (b'Keep-Alive', b'timeout=5'), (b'Content-Length', b'275')])
2026-04-09 12:35:11 [INFO] httpx - HTTP Request: POST http://127.0.0.1:18789/tools/invoke "HTTP/1.1 200 OK"
2026-04-09 12:35:11 [DEBUG] httpcore.http11 - receive_response_body.started request=<Request [b'POST']>
2026-04-09 12:35:11 [DEBUG] httpcore.http11 - receive_response_body.complete
2026-04-09 12:35:11 [DEBUG] httpcore.http11 - response_closed.started
2026-04-09 12:35:11 [DEBUG] httpcore.http11 - response_closed.complete
2026-04-09 12:35:11 [INFO] openclaw_alpha.openclaw.cron_utils - 轮询 HTTP 调用: job_id=c1d70b70-69c9-478a-965f-9cce0941d6b7, poll_count=11, poll_elapsed=4.14s
2026-04-09 12:35:11 [INFO] openclaw_alpha.openclaw.cron_utils - 轮询响应: ok=True, entries_count=0
2026-04-09 12:35:21 [DEBUG] httpcore.connection - close.started
2026-04-09 12:35:21 [DEBUG] httpcore.connection - close.complete
2026-04-09 12:35:21 [DEBUG] httpcore.connection - connect_tcp.started host='127.0.0.1' port=18789 local_address=None timeout=10.0 socket_options=None
2026-04-09 12:35:21 [DEBUG] httpcore.connection - connect_tcp.complete return_value=<httpcore._backends.anyio.AnyIOStream object at 0x77658d6f86e0>
2026-04-09 12:35:21 [DEBUG] httpcore.http11 - send_request_headers.started request=<Request [b'POST']>
2026-04-09 12:35:21 [DEBUG] httpcore.http11 - send_request_headers.complete
2026-04-09 12:35:21 [DEBUG] httpcore.http11 - send_request_body.started request=<Request [b'POST']>
2026-04-09 12:35:21 [DEBUG] httpcore.http11 - send_request_body.complete
2026-04-09 12:35:21 [DEBUG] httpcore.http11 - receive_response_headers.started request=<Request [b'POST']>
2026-04-09 12:35:23 [DEBUG] httpcore.http11 - receive_response_headers.complete return_value=(b'HTTP/1.1', 200, b'OK', [(b'X-Content-Type-Options', b'nosniff'), (b'Referrer-Policy', b'no-referrer'), (b'Permissions-Policy', b'camera=(), microphone=(), geolocation=()'), (b'Content-Type', b'application/json; charset=utf-8'), (b'Date', b'Thu, 09 Apr 2026 04:35:23 GMT'), (b'Connection', b'keep-alive'), (b'Keep-Alive', b'timeout=5'), (b'Content-Length', b'275')])
2026-04-09 12:35:23 [INFO] httpx - HTTP Request: POST http://127.0.0.1:18789/tools/invoke "HTTP/1.1 200 OK"
2026-04-09 12:35:23 [DEBUG] httpcore.http11 - receive_response_body.started request=<Request [b'POST']>
2026-04-09 12:35:23 [DEBUG] httpcore.http11 - receive_response_body.complete
2026-04-09 12:35:23 [DEBUG] httpcore.http11 - response_closed.started
2026-04-09 12:35:23 [DEBUG] httpcore.http11 - response_closed.complete
2026-04-09 12:35:23 [INFO] openclaw_alpha.openclaw.cron_utils - 轮询 HTTP 调用: job_id=c1d70b70-69c9-478a-965f-9cce0941d6b7, poll_count=12, poll_elapsed=2.28s
2026-04-09 12:35:23 [INFO] openclaw_alpha.openclaw.cron_utils - 轮询响应: ok=True, entries_count=0
2026-04-09 12:35:34 [DEBUG] httpcore.connection - close.started
2026-04-09 12:35:34 [DEBUG] httpcore.connection - close.complete
2026-04-09 12:35:34 [DEBUG] httpcore.connection - connect_tcp.started host='127.0.0.1' port=18789 local_address=None timeout=10.0 socket_options=None
2026-04-09 12:35:34 [DEBUG] httpcore.connection - connect_tcp.complete return_value=<httpcore._backends.anyio.AnyIOStream object at 0x77658d6b7770>
2026-04-09 12:35:34 [DEBUG] httpcore.http11 - send_request_headers.started request=<Request [b'POST']>
2026-04-09 12:35:34 [DEBUG] httpcore.http11 - send_request_headers.complete
2026-04-09 12:35:34 [DEBUG] httpcore.http11 - send_request_body.started request=<Request [b'POST']>
2026-04-09 12:35:34 [DEBUG] httpcore.http11 - send_request_body.complete
2026-04-09 12:35:34 [DEBUG] httpcore.http11 - receive_response_headers.started request=<Request [b'POST']>
2026-04-09 12:35:35 [DEBUG] httpcore.http11 - receive_response_headers.complete return_value=(b'HTTP/1.1', 200, b'OK', [(b'X-Content-Type-Options', b'nosniff'), (b'Referrer-Policy', b'no-referrer'), (b'Permissions-Policy', b'camera=(), microphone=(), geolocation=()'), (b'Content-Type', b'application/json; charset=utf-8'), (b'Date', b'Thu, 09 Apr 2026 04:35:35 GMT'), (b'Connection', b'keep-alive'), (b'Keep-Alive', b'timeout=5'), (b'Content-Length', b'275')])
2026-04-09 12:35:35 [INFO] httpx - HTTP Request: POST http://127.0.0.1:18789/tools/invoke "HTTP/1.1 200 OK"
2026-04-09 12:35:35 [DEBUG] httpcore.http11 - receive_response_body.started request=<Request [b'POST']>
2026-04-09 12:35:35 [DEBUG] httpcore.http11 - receive_response_body.complete
2026-04-09 12:35:35 [DEBUG] httpcore.http11 - response_closed.started
2026-04-09 12:35:35 [DEBUG] httpcore.http11 - response_closed.complete
2026-04-09 12:35:35 [INFO] openclaw_alpha.openclaw.cron_utils - 轮询 HTTP 调用: job_id=c1d70b70-69c9-478a-965f-9cce0941d6b7, poll_count=13, poll_elapsed=1.57s
2026-04-09 12:35:35 [INFO] openclaw_alpha.openclaw.cron_utils - 轮询响应: ok=True, entries_count=0
2026-04-09 12:35:45 [DEBUG] httpcore.connection - close.started
2026-04-09 12:35:45 [DEBUG] httpcore.connection - close.complete
2026-04-09 12:35:45 [DEBUG] httpcore.connection - connect_tcp.started host='127.0.0.1' port=18789 local_address=None timeout=10.0 socket_options=None
2026-04-09 12:35:45 [DEBUG] httpcore.connection - connect_tcp.complete return_value=<httpcore._backends.anyio.AnyIOStream object at 0x77658d700130>
2026-04-09 12:35:45 [DEBUG] httpcore.http11 - send_request_headers.started request=<Request [b'POST']>
2026-04-09 12:35:45 [DEBUG] httpcore.http11 - send_request_headers.complete
2026-04-09 12:35:45 [DEBUG] httpcore.http11 - send_request_body.started request=<Request [b'POST']>
2026-04-09 12:35:45 [DEBUG] httpcore.http11 - send_request_body.complete
2026-04-09 12:35:45 [DEBUG] httpcore.http11 - receive_response_headers.started request=<Request [b'POST']>
2026-04-09 12:35:48 [DEBUG] httpcore.http11 - receive_response_headers.complete return_value=(b'HTTP/1.1', 200, b'OK', [(b'X-Content-Type-Options', b'nosniff'), (b'Referrer-Policy', b'no-referrer'), (b'Permissions-Policy', b'camera=(), microphone=(), geolocation=()'), (b'Content-Type', b'application/json; charset=utf-8'), (b'Date', b'Thu, 09 Apr 2026 04:35:48 GMT'), (b'Connection', b'keep-alive'), (b'Keep-Alive', b'timeout=5'), (b'Content-Length', b'275')])
2026-04-09 12:35:48 [INFO] httpx - HTTP Request: POST http://127.0.0.1:18789/tools/invoke "HTTP/1.1 200 OK"
2026-04-09 12:35:48 [DEBUG] httpcore.http11 - receive_response_body.started request=<Request [b'POST']>
2026-04-09 12:35:48 [DEBUG] httpcore.http11 - receive_response_body.complete
2026-04-09 12:35:48 [DEBUG] httpcore.http11 - response_closed.started
2026-04-09 12:35:48 [DEBUG] httpcore.http11 - response_closed.complete
2026-04-09 12:35:48 [INFO] openclaw_alpha.openclaw.cron_utils - 轮询 HTTP 调用: job_id=c1d70b70-69c9-478a-965f-9cce0941d6b7, poll_count=14, poll_elapsed=2.44s
2026-04-09 12:35:48 [INFO] openclaw_alpha.openclaw.cron_utils - 轮询响应: ok=True, entries_count=0
2026-04-09 12:35:58 [DEBUG] httpcore.connection - close.started
2026-04-09 12:35:58 [DEBUG] httpcore.connection - close.complete
2026-04-09 12:35:58 [DEBUG] httpcore.connection - connect_tcp.started host='127.0.0.1' port=18789 local_address=None timeout=10.0 socket_options=None
2026-04-09 12:35:58 [DEBUG] httpcore.connection - connect_tcp.complete return_value=<httpcore._backends.anyio.AnyIOStream object at 0x77658d6a0d50>
2026-04-09 12:35:58 [DEBUG] httpcore.http11 - send_request_headers.started request=<Request [b'POST']>
2026-04-09 12:35:58 [DEBUG] httpcore.http11 - send_request_headers.complete
2026-04-09 12:35:58 [DEBUG] httpcore.http11 - send_request_body.started request=<Request [b'POST']>
2026-04-09 12:35:58 [DEBUG] httpcore.http11 - send_request_body.complete
2026-04-09 12:35:58 [DEBUG] httpcore.http11 - receive_response_headers.started request=<Request [b'POST']>
2026-04-09 12:36:02 [DEBUG] httpcore.http11 - receive_response_headers.complete return_value=(b'HTTP/1.1', 200, b'OK', [(b'X-Content-Type-Options', b'nosniff'), (b'Referrer-Policy', b'no-referrer'), (b'Permissions-Policy', b'camera=(), microphone=(), geolocation=()'), (b'Content-Type', b'application/json; charset=utf-8'), (b'Date', b'Thu, 09 Apr 2026 04:36:02 GMT'), (b'Connection', b'keep-alive'), (b'Keep-Alive', b'timeout=5'), (b'Content-Length', b'275')])
2026-04-09 12:36:02 [INFO] httpx - HTTP Request: POST http://127.0.0.1:18789/tools/invoke "HTTP/1.1 200 OK"
2026-04-09 12:36:02 [DEBUG] httpcore.http11 - receive_response_body.started request=<Request [b'POST']>
2026-04-09 12:36:02 [DEBUG] httpcore.http11 - receive_response_body.complete
2026-04-09 12:36:02 [DEBUG] httpcore.http11 - response_closed.started
2026-04-09 12:36:02 [DEBUG] httpcore.http11 - response_closed.complete
2026-04-09 12:36:02 [INFO] openclaw_alpha.openclaw.cron_utils - 轮询 HTTP 调用: job_id=c1d70b70-69c9-478a-965f-9cce0941d6b7, poll_count=15, poll_elapsed=4.19s
2026-04-09 12:36:02 [INFO] openclaw_alpha.openclaw.cron_utils - 轮询响应: ok=True, entries_count=0
2026-04-09 12:36:12 [DEBUG] httpcore.connection - close.started
2026-04-09 12:36:12 [DEBUG] httpcore.connection - close.complete
2026-04-09 12:36:12 [DEBUG] httpcore.connection - connect_tcp.started host='127.0.0.1' port=18789 local_address=None timeout=10.0 socket_options=None
2026-04-09 12:36:12 [DEBUG] httpcore.connection - connect_tcp.complete return_value=<httpcore._backends.anyio.AnyIOStream object at 0x77658d708d10>
2026-04-09 12:36:12 [DEBUG] httpcore.http11 - send_request_headers.started request=<Request [b'POST']>
2026-04-09 12:36:12 [DEBUG] httpcore.http11 - send_request_headers.complete
2026-04-09 12:36:12 [DEBUG] httpcore.http11 - send_request_body.started request=<Request [b'POST']>
2026-04-09 12:36:12 [DEBUG] httpcore.http11 - send_request_body.complete
2026-04-09 12:36:12 [DEBUG] httpcore.http11 - receive_response_headers.started request=<Request [b'POST']>
2026-04-09 12:36:13 [DEBUG] httpcore.http11 - receive_response_headers.complete return_value=(b'HTTP/1.1', 200, b'OK', [(b'X-Content-Type-Options', b'nosniff'), (b'Referrer-Policy', b'no-referrer'), (b'Permissions-Policy', b'camera=(), microphone=(), geolocation=()'), (b'Content-Type', b'application/json; charset=utf-8'), (b'Date', b'Thu, 09 Apr 2026 04:36:13 GMT'), (b'Connection', b'keep-alive'), (b'Keep-Alive', b'timeout=5'), (b'Content-Length', b'275')])
2026-04-09 12:36:13 [INFO] httpx - HTTP Request: POST http://127.0.0.1:18789/tools/invoke "HTTP/1.1 200 OK"
2026-04-09 12:36:13 [DEBUG] httpcore.http11 - receive_response_body.started request=<Request [b'POST']>
2026-04-09 12:36:13 [DEBUG] httpcore.http11 - receive_response_body.complete
2026-04-09 12:36:13 [DEBUG] httpcore.http11 - response_closed.started
2026-04-09 12:36:13 [DEBUG] httpcore.http11 - response_closed.complete
2026-04-09 12:36:13 [INFO] openclaw_alpha.openclaw.cron_utils - 轮询 HTTP 调用: job_id=c1d70b70-69c9-478a-965f-9cce0941d6b7, poll_count=16, poll_elapsed=1.54s
2026-04-09 12:36:13 [INFO] openclaw_alpha.openclaw.cron_utils - 轮询响应: ok=True, entries_count=0
2026-04-09 12:36:23 [DEBUG] httpcore.connection - close.started
2026-04-09 12:36:23 [DEBUG] httpcore.connection - close.complete
2026-04-09 12:36:23 [DEBUG] httpcore.connection - connect_tcp.started host='127.0.0.1' port=18789 local_address=None timeout=10.0 socket_options=None
2026-04-09 12:36:23 [DEBUG] httpcore.connection - connect_tcp.complete return_value=<httpcore._backends.anyio.AnyIOStream object at 0x77658d7093d0>
2026-04-09 12:36:23 [DEBUG] httpcore.http11 - send_request_headers.started request=<Request [b'POST']>
2026-04-09 12:36:23 [DEBUG] httpcore.http11 - send_request_headers.complete
2026-04-09 12:36:23 [DEBUG] httpcore.http11 - send_request_body.started request=<Request [b'POST']>
2026-04-09 12:36:23 [DEBUG] httpcore.http11 - send_request_body.complete
2026-04-09 12:36:23 [DEBUG] httpcore.http11 - receive_response_headers.started request=<Request [b'POST']>
2026-04-09 12:36:25 [DEBUG] httpcore.http11 - receive_response_headers.complete return_value=(b'HTTP/1.1', 200, b'OK', [(b'X-Content-Type-Options', b'nosniff'), (b'Referrer-Policy', b'no-referrer'), (b'Permissions-Policy', b'camera=(), microphone=(), geolocation=()'), (b'Content-Type', b'application/json; charset=utf-8'), (b'Date', b'Thu, 09 Apr 2026 04:36:25 GMT'), (b'Connection', b'keep-alive'), (b'Keep-Alive', b'timeout=5'), (b'Content-Length', b'275')])
2026-04-09 12:36:25 [INFO] httpx - HTTP Request: POST http://127.0.0.1:18789/tools/invoke "HTTP/1.1 200 OK"
2026-04-09 12:36:25 [DEBUG] httpcore.http11 - receive_response_body.started request=<Request [b'POST']>
2026-04-09 12:36:25 [DEBUG] httpcore.http11 - receive_response_body.complete
2026-04-09 12:36:25 [DEBUG] httpcore.http11 - response_closed.started
2026-04-09 12:36:25 [DEBUG] httpcore.http11 - response_closed.complete
2026-04-09 12:36:25 [INFO] openclaw_alpha.openclaw.cron_utils - 轮询 HTTP 调用: job_id=c1d70b70-69c9-478a-965f-9cce0941d6b7, poll_count=17, poll_elapsed=2.10s
2026-04-09 12:36:25 [INFO] openclaw_alpha.openclaw.cron_utils - 轮询响应: ok=True, entries_count=0
2026-04-09 12:36:35 [DEBUG] httpcore.connection - close.started
2026-04-09 12:36:35 [DEBUG] httpcore.connection - close.complete
2026-04-09 12:36:35 [DEBUG] httpcore.connection - connect_tcp.started host='127.0.0.1' port=18789 local_address=None timeout=10.0 socket_options=None
2026-04-09 12:36:35 [DEBUG] httpcore.connection - connect_tcp.complete return_value=<httpcore._backends.anyio.AnyIOStream object at 0x77658d70c5d0>
2026-04-09 12:36:35 [DEBUG] httpcore.http11 - send_request_headers.started request=<Request [b'POST']>
2026-04-09 12:36:35 [DEBUG] httpcore.http11 - send_request_headers.complete
2026-04-09 12:36:35 [DEBUG] httpcore.http11 - send_request_body.started request=<Request [b'POST']>
2026-04-09 12:36:35 [DEBUG] httpcore.http11 - send_request_body.complete
2026-04-09 12:36:35 [DEBUG] httpcore.http11 - receive_response_headers.started request=<Request [b'POST']>
2026-04-09 12:36:37 [DEBUG] httpcore.http11 - receive_response_headers.complete return_value=(b'HTTP/1.1', 200, b'OK', [(b'X-Content-Type-Options', b'nosniff'), (b'Referrer-Policy', b'no-referrer'), (b'Permissions-Policy', b'camera=(), microphone=(), geolocation=()'), (b'Content-Type', b'application/json; charset=utf-8'), (b'Date', b'Thu, 09 Apr 2026 04:36:37 GMT'), (b'Connection', b'keep-alive'), (b'Keep-Alive', b'timeout=5'), (b'Content-Length', b'275')])
2026-04-09 12:36:37 [INFO] httpx - HTTP Request: POST http://127.0.0.1:18789/tools/invoke "HTTP/1.1 200 OK"
2026-04-09 12:36:37 [DEBUG] httpcore.http11 - receive_response_body.started request=<Request [b'POST']>
2026-04-09 12:36:37 [DEBUG] httpcore.http11 - receive_response_body.complete
2026-04-09 12:36:37 [DEBUG] httpcore.http11 - response_closed.started
2026-04-09 12:36:37 [DEBUG] httpcore.http11 - response_closed.complete
2026-04-09 12:36:37 [INFO] openclaw_alpha.openclaw.cron_utils - 轮询 HTTP 调用: job_id=c1d70b70-69c9-478a-965f-9cce0941d6b7, poll_count=18, poll_elapsed=1.78s
2026-04-09 12:36:37 [INFO] openclaw_alpha.openclaw.cron_utils - 轮询响应: ok=True, entries_count=0
2026-04-09 12:36:47 [DEBUG] httpcore.connection - close.started
2026-04-09 12:36:47 [DEBUG] httpcore.connection - close.complete
2026-04-09 12:36:47 [DEBUG] httpcore.connection - connect_tcp.started host='127.0.0.1' port=18789 local_address=None timeout=10.0 socket_options=None
2026-04-09 12:36:47 [DEBUG] httpcore.connection - connect_tcp.complete return_value=<httpcore._backends.anyio.AnyIOStream object at 0x77658d70ce10>
2026-04-09 12:36:47 [DEBUG] httpcore.http11 - send_request_headers.started request=<Request [b'POST']>
2026-04-09 12:36:47 [DEBUG] httpcore.http11 - send_request_headers.complete
2026-04-09 12:36:47 [DEBUG] httpcore.http11 - send_request_body.started request=<Request [b'POST']>
2026-04-09 12:36:47 [DEBUG] httpcore.http11 - send_request_body.complete
2026-04-09 12:36:47 [DEBUG] httpcore.http11 - receive_response_headers.started request=<Request [b'POST']>
2026-04-09 12:36:51 [DEBUG] httpcore.http11 - receive_response_headers.complete return_value=(b'HTTP/1.1', 200, b'OK', [(b'X-Content-Type-Options', b'nosniff'), (b'Referrer-Policy', b'no-referrer'), (b'Permissions-Policy', b'camera=(), microphone=(), geolocation=()'), (b'Content-Type', b'application/json; charset=utf-8'), (b'Date', b'Thu, 09 Apr 2026 04:36:51 GMT'), (b'Connection', b'keep-alive'), (b'Keep-Alive', b'timeout=5'), (b'Content-Length', b'275')])
2026-04-09 12:36:51 [INFO] httpx - HTTP Request: POST http://127.0.0.1:18789/tools/invoke "HTTP/1.1 200 OK"
2026-04-09 12:36:51 [DEBUG] httpcore.http11 - receive_response_body.started request=<Request [b'POST']>
2026-04-09 12:36:51 [DEBUG] httpcore.http11 - receive_response_body.complete
2026-04-09 12:36:51 [DEBUG] httpcore.http11 - response_closed.started
2026-04-09 12:36:51 [DEBUG] httpcore.http11 - response_closed.complete
2026-04-09 12:36:51 [INFO] openclaw_alpha.openclaw.cron_utils - 轮询 HTTP 调用: job_id=c1d70b70-69c9-478a-965f-9cce0941d6b7, poll_count=19, poll_elapsed=4.06s
2026-04-09 12:36:51 [INFO] openclaw_alpha.openclaw.cron_utils - 轮询响应: ok=True, entries_count=0
2026-04-09 12:37:01 [DEBUG] httpcore.connection - close.started
2026-04-09 12:37:01 [DEBUG] httpcore.connection - close.complete
2026-04-09 12:37:01 [DEBUG] httpcore.connection - connect_tcp.started host='127.0.0.1' port=18789 local_address=None timeout=10.0 socket_options=None
2026-04-09 12:37:01 [DEBUG] httpcore.connection - connect_tcp.complete return_value=<httpcore._backends.anyio.AnyIOStream object at 0x77658d6cb9d0>
2026-04-09 12:37:01 [DEBUG] httpcore.http11 - send_request_headers.started request=<Request [b'POST']>
2026-04-09 12:37:01 [DEBUG] httpcore.http11 - send_request_headers.complete
2026-04-09 12:37:01 [DEBUG] httpcore.http11 - send_request_body.started request=<Request [b'POST']>
2026-04-09 12:37:01 [DEBUG] httpcore.http11 - send_request_body.complete
2026-04-09 12:37:01 [DEBUG] httpcore.http11 - receive_response_headers.started request=<Request [b'POST']>
2026-04-09 12:37:03 [DEBUG] httpcore.http11 - receive_response_headers.complete return_value=(b'HTTP/1.1', 200, b'OK', [(b'X-Content-Type-Options', b'nosniff'), (b'Referrer-Policy', b'no-referrer'), (b'Permissions-Policy', b'camera=(), microphone=(), geolocation=()'), (b'Content-Type', b'application/json; charset=utf-8'), (b'Date', b'Thu, 09 Apr 2026 04:37:03 GMT'), (b'Connection', b'keep-alive'), (b'Keep-Alive', b'timeout=5'), (b'Content-Length', b'275')])
2026-04-09 12:37:03 [INFO] httpx - HTTP Request: POST http://127.0.0.1:18789/tools/invoke "HTTP/1.1 200 OK"
2026-04-09 12:37:03 [DEBUG] httpcore.http11 - receive_response_body.started request=<Request [b'POST']>
2026-04-09 12:37:03 [DEBUG] httpcore.http11 - receive_response_body.complete
2026-04-09 12:37:03 [DEBUG] httpcore.http11 - response_closed.started
2026-04-09 12:37:03 [DEBUG] httpcore.http11 - response_closed.complete
2026-04-09 12:37:03 [INFO] openclaw_alpha.openclaw.cron_utils - 轮询 HTTP 调用: job_id=c1d70b70-69c9-478a-965f-9cce0941d6b7, poll_count=20, poll_elapsed=1.55s
2026-04-09 12:37:03 [INFO] openclaw_alpha.openclaw.cron_utils - 轮询响应: ok=True, entries_count=0
2026-04-09 12:37:13 [DEBUG] httpcore.connection - close.started
2026-04-09 12:37:13 [DEBUG] httpcore.connection - close.complete
2026-04-09 12:37:13 [DEBUG] httpcore.connection - connect_tcp.started host='127.0.0.1' port=18789 local_address=None timeout=10.0 socket_options=None
2026-04-09 12:37:13 [DEBUG] httpcore.connection - connect_tcp.complete return_value=<httpcore._backends.anyio.AnyIOStream object at 0x77658d6cbc50>
2026-04-09 12:37:13 [DEBUG] httpcore.http11 - send_request_headers.started request=<Request [b'POST']>
2026-04-09 12:37:13 [DEBUG] httpcore.http11 - send_request_headers.complete
2026-04-09 12:37:13 [DEBUG] httpcore.http11 - send_request_body.started request=<Request [b'POST']>
2026-04-09 12:37:13 [DEBUG] httpcore.http11 - send_request_body.complete
2026-04-09 12:37:13 [DEBUG] httpcore.http11 - receive_response_headers.started request=<Request [b'POST']>
2026-04-09 12:37:15 [DEBUG] httpcore.http11 - receive_response_headers.complete return_value=(b'HTTP/1.1', 200, b'OK', [(b'X-Content-Type-Options', b'nosniff'), (b'Referrer-Policy', b'no-referrer'), (b'Permissions-Policy', b'camera=(), microphone=(), geolocation=()'), (b'Content-Type', b'application/json; charset=utf-8'), (b'Date', b'Thu, 09 Apr 2026 04:37:15 GMT'), (b'Connection', b'keep-alive'), (b'Keep-Alive', b'timeout=5'), (b'Content-Length', b'275')])
2026-04-09 12:37:15 [INFO] httpx - HTTP Request: POST http://127.0.0.1:18789/tools/invoke "HTTP/1.1 200 OK"
2026-04-09 12:37:15 [DEBUG] httpcore.http11 - receive_response_body.started request=<Request [b'POST']>
2026-04-09 12:37:15 [DEBUG] httpcore.http11 - receive_response_body.complete
2026-04-09 12:37:15 [DEBUG] httpcore.http11 - response_closed.started
2026-04-09 12:37:15 [DEBUG] httpcore.http11 - response_closed.complete
2026-04-09 12:37:15 [INFO] openclaw_alpha.openclaw.cron_utils - 轮询 HTTP 调用: job_id=c1d70b70-69c9-478a-965f-9cce0941d6b7, poll_count=21, poll_elapsed=2.13s
2026-04-09 12:37:15 [INFO] openclaw_alpha.openclaw.cron_utils - 轮询响应: ok=True, entries_count=0
2026-04-09 12:37:25 [DEBUG] httpcore.connection - close.started
2026-04-09 12:37:25 [DEBUG] httpcore.connection - close.complete
2026-04-09 12:37:25 [DEBUG] httpcore.connection - connect_tcp.started host='127.0.0.1' port=18789 local_address=None timeout=10.0 socket_options=None
2026-04-09 12:37:25 [DEBUG] httpcore.connection - connect_tcp.complete return_value=<httpcore._backends.anyio.AnyIOStream object at 0x77658e04b0b0>
2026-04-09 12:37:25 [DEBUG] httpcore.http11 - send_request_headers.started request=<Request [b'POST']>
2026-04-09 12:37:25 [DEBUG] httpcore.http11 - send_request_headers.complete
2026-04-09 12:37:25 [DEBUG] httpcore.http11 - send_request_body.started request=<Request [b'POST']>
2026-04-09 12:37:25 [DEBUG] httpcore.http11 - send_request_body.complete
2026-04-09 12:37:25 [DEBUG] httpcore.http11 - receive_response_headers.started request=<Request [b'POST']>
2026-04-09 12:37:27 [DEBUG] httpcore.http11 - receive_response_headers.complete return_value=(b'HTTP/1.1', 200, b'OK', [(b'X-Content-Type-Options', b'nosniff'), (b'Referrer-Policy', b'no-referrer'), (b'Permissions-Policy', b'camera=(), microphone=(), geolocation=()'), (b'Content-Type', b'application/json; charset=utf-8'), (b'Date', b'Thu, 09 Apr 2026 04:37:27 GMT'), (b'Connection', b'keep-alive'), (b'Keep-Alive', b'timeout=5'), (b'Content-Length', b'275')])
2026-04-09 12:37:27 [INFO] httpx - HTTP Request: POST http://127.0.0.1:18789/tools/invoke "HTTP/1.1 200 OK"
2026-04-09 12:37:27 [DEBUG] httpcore.http11 - receive_response_body.started request=<Request [b'POST']>
2026-04-09 12:37:27 [DEBUG] httpcore.http11 - receive_response_body.complete
2026-04-09 12:37:27 [DEBUG] httpcore.http11 - response_closed.started
2026-04-09 12:37:27 [DEBUG] httpcore.http11 - response_closed.complete
2026-04-09 12:37:27 [INFO] openclaw_alpha.openclaw.cron_utils - 轮询 HTTP 调用: job_id=c1d70b70-69c9-478a-965f-9cce0941d6b7, poll_count=22, poll_elapsed=1.83s
2026-04-09 12:37:27 [INFO] openclaw_alpha.openclaw.cron_utils - 轮询响应: ok=True, entries_count=0
2026-04-09 12:37:37 [DEBUG] httpcore.connection - close.started
2026-04-09 12:37:37 [DEBUG] httpcore.connection - close.complete
2026-04-09 12:37:37 [DEBUG] httpcore.connection - connect_tcp.started host='127.0.0.1' port=18789 local_address=None timeout=10.0 socket_options=None
2026-04-09 12:37:37 [DEBUG] httpcore.connection - connect_tcp.complete return_value=<httpcore._backends.anyio.AnyIOStream object at 0x77658d7245d0>
2026-04-09 12:37:37 [DEBUG] httpcore.http11 - send_request_headers.started request=<Request [b'POST']>
2026-04-09 12:37:37 [DEBUG] httpcore.http11 - send_request_headers.complete
2026-04-09 12:37:37 [DEBUG] httpcore.http11 - send_request_body.started request=<Request [b'POST']>
2026-04-09 12:37:37 [DEBUG] httpcore.http11 - send_request_body.complete
2026-04-09 12:37:37 [DEBUG] httpcore.http11 - receive_response_headers.started request=<Request [b'POST']>
2026-04-09 12:37:41 [DEBUG] httpcore.http11 - receive_response_headers.complete return_value=(b'HTTP/1.1', 200, b'OK', [(b'X-Content-Type-Options', b'nosniff'), (b'Referrer-Policy', b'no-referrer'), (b'Permissions-Policy', b'camera=(), microphone=(), geolocation=()'), (b'Content-Type', b'application/json; charset=utf-8'), (b'Date', b'Thu, 09 Apr 2026 04:37:41 GMT'), (b'Connection', b'keep-alive'), (b'Keep-Alive', b'timeout=5'), (b'Content-Length', b'275')])
2026-04-09 12:37:41 [INFO] httpx - HTTP Request: POST http://127.0.0.1:18789/tools/invoke "HTTP/1.1 200 OK"
2026-04-09 12:37:41 [DEBUG] httpcore.http11 - receive_response_body.started request=<Request [b'POST']>
2026-04-09 12:37:41 [DEBUG] httpcore.http11 - receive_response_body.complete
2026-04-09 12:37:41 [DEBUG] httpcore.http11 - response_closed.started
2026-04-09 12:37:41 [DEBUG] httpcore.http11 - response_closed.complete
2026-04-09 12:37:41 [INFO] openclaw_alpha.openclaw.cron_utils - 轮询 HTTP 调用: job_id=c1d70b70-69c9-478a-965f-9cce0941d6b7, poll_count=23, poll_elapsed=4.08s
2026-04-09 12:37:41 [INFO] openclaw_alpha.openclaw.cron_utils - 轮询响应: ok=True, entries_count=0
2026-04-09 12:37:51 [DEBUG] httpcore.connection - close.started
2026-04-09 12:37:51 [DEBUG] httpcore.connection - close.complete
2026-04-09 12:37:51 [DEBUG] httpcore.connection - connect_tcp.started host='127.0.0.1' port=18789 local_address=None timeout=10.0 socket_options=None
2026-04-09 12:37:51 [DEBUG] httpcore.connection - connect_tcp.complete return_value=<httpcore._backends.anyio.AnyIOStream object at 0x77658d6d3ed0>
2026-04-09 12:37:51 [DEBUG] httpcore.http11 - send_request_headers.started request=<Request [b'POST']>
2026-04-09 12:37:51 [DEBUG] httpcore.http11 - send_request_headers.complete
2026-04-09 12:37:51 [DEBUG] httpcore.http11 - send_request_body.started request=<Request [b'POST']>
2026-04-09 12:37:51 [DEBUG] httpcore.http11 - send_request_body.complete
2026-04-09 12:37:51 [DEBUG] httpcore.http11 - receive_response_headers.started request=<Request [b'POST']>
2026-04-09 12:37:52 [DEBUG] httpcore.http11 - receive_response_headers.complete return_value=(b'HTTP/1.1', 200, b'OK', [(b'X-Content-Type-Options', b'nosniff'), (b'Referrer-Policy', b'no-referrer'), (b'Permissions-Policy', b'camera=(), microphone=(), geolocation=()'), (b'Content-Type', b'application/json; charset=utf-8'), (b'Date', b'Thu, 09 Apr 2026 04:37:52 GMT'), (b'Connection', b'keep-alive'), (b'Keep-Alive', b'timeout=5'), (b'Content-Length', b'275')])
2026-04-09 12:37:52 [INFO] httpx - HTTP Request: POST http://127.0.0.1:18789/tools/invoke "HTTP/1.1 200 OK"
2026-04-09 12:37:52 [DEBUG] httpcore.http11 - receive_response_body.started request=<Request [b'POST']>
2026-04-09 12:37:52 [DEBUG] httpcore.http11 - receive_response_body.complete
2026-04-09 12:37:52 [DEBUG] httpcore.http11 - response_closed.started
2026-04-09 12:37:52 [DEBUG] httpcore.http11 - response_closed.complete
2026-04-09 12:37:52 [INFO] openclaw_alpha.openclaw.cron_utils - 轮询 HTTP 调用: job_id=c1d70b70-69c9-478a-965f-9cce0941d6b7, poll_count=24, poll_elapsed=1.51s
2026-04-09 12:37:52 [INFO] openclaw_alpha.openclaw.cron_utils - 轮询响应: ok=True, entries_count=0
2026-04-09 12:38:02 [DEBUG] httpcore.connection - close.started
2026-04-09 12:38:02 [DEBUG] httpcore.connection - close.complete
2026-04-09 12:38:02 [DEBUG] httpcore.connection - connect_tcp.started host='127.0.0.1' port=18789 local_address=None timeout=10.0 socket_options=None
2026-04-09 12:38:02 [DEBUG] httpcore.connection - connect_tcp.complete return_value=<httpcore._backends.anyio.AnyIOStream object at 0x77658e133230>
2026-04-09 12:38:02 [DEBUG] httpcore.http11 - send_request_headers.started request=<Request [b'POST']>
2026-04-09 12:38:02 [DEBUG] httpcore.http11 - send_request_headers.complete
2026-04-09 12:38:02 [DEBUG] httpcore.http11 - send_request_body.started request=<Request [b'POST']>
2026-04-09 12:38:02 [DEBUG] httpcore.http11 - send_request_body.complete
2026-04-09 12:38:02 [DEBUG] httpcore.http11 - receive_response_headers.started request=<Request [b'POST']>
2026-04-09 12:38:04 [DEBUG] httpcore.http11 - receive_response_headers.complete return_value=(b'HTTP/1.1', 200, b'OK', [(b'X-Content-Type-Options', b'nosniff'), (b'Referrer-Policy', b'no-referrer'), (b'Permissions-Policy', b'camera=(), microphone=(), geolocation=()'), (b'Content-Type', b'application/json; charset=utf-8'), (b'Date', b'Thu, 09 Apr 2026 04:38:04 GMT'), (b'Connection', b'keep-alive'), (b'Keep-Alive', b'timeout=5'), (b'Content-Length', b'275')])
2026-04-09 12:38:04 [INFO] httpx - HTTP Request: POST http://127.0.0.1:18789/tools/invoke "HTTP/1.1 200 OK"
2026-04-09 12:38:04 [DEBUG] httpcore.http11 - receive_response_body.started request=<Request [b'POST']>
2026-04-09 12:38:04 [DEBUG] httpcore.http11 - receive_response_body.complete
2026-04-09 12:38:04 [DEBUG] httpcore.http11 - response_closed.started
2026-04-09 12:38:04 [DEBUG] httpcore.http11 - response_closed.complete
2026-04-09 12:38:04 [INFO] openclaw_alpha.openclaw.cron_utils - 轮询 HTTP 调用: job_id=c1d70b70-69c9-478a-965f-9cce0941d6b7, poll_count=25, poll_elapsed=2.09s
2026-04-09 12:38:04 [INFO] openclaw_alpha.openclaw.cron_utils - 轮询响应: ok=True, entries_count=0
2026-04-09 12:38:14 [DEBUG] httpcore.connection - close.started
2026-04-09 12:38:14 [DEBUG] httpcore.connection - close.complete
2026-04-09 12:38:14 [DEBUG] httpcore.connection - connect_tcp.started host='127.0.0.1' port=18789 local_address=None timeout=10.0 socket_options=None
2026-04-09 12:38:14 [DEBUG] httpcore.connection - connect_tcp.complete return_value=<httpcore._backends.anyio.AnyIOStream object at 0x77658e1338c0>
2026-04-09 12:38:14 [DEBUG] httpcore.http11 - send_request_headers.started request=<Request [b'POST']>
2026-04-09 12:38:14 [DEBUG] httpcore.http11 - send_request_headers.complete
2026-04-09 12:38:14 [DEBUG] httpcore.http11 - send_request_body.started request=<Request [b'POST']>
2026-04-09 12:38:14 [DEBUG] httpcore.http11 - send_request_body.complete
2026-04-09 12:38:14 [DEBUG] httpcore.http11 - receive_response_headers.started request=<Request [b'POST']>
2026-04-09 12:38:16 [DEBUG] httpcore.http11 - receive_response_headers.complete return_value=(b'HTTP/1.1', 200, b'OK', [(b'X-Content-Type-Options', b'nosniff'), (b'Referrer-Policy', b'no-referrer'), (b'Permissions-Policy', b'camera=(), microphone=(), geolocation=()'), (b'Content-Type', b'application/json; charset=utf-8'), (b'Date', b'Thu, 09 Apr 2026 04:38:16 GMT'), (b'Connection', b'keep-alive'), (b'Keep-Alive', b'timeout=5'), (b'Content-Length', b'275')])
2026-04-09 12:38:16 [INFO] httpx - HTTP Request: POST http://127.0.0.1:18789/tools/invoke "HTTP/1.1 200 OK"
2026-04-09 12:38:16 [DEBUG] httpcore.http11 - receive_response_body.started request=<Request [b'POST']>
2026-04-09 12:38:16 [DEBUG] httpcore.http11 - receive_response_body.complete
2026-04-09 12:38:16 [DEBUG] httpcore.http11 - response_closed.started
2026-04-09 12:38:16 [DEBUG] httpcore.http11 - response_closed.complete
2026-04-09 12:38:16 [INFO] openclaw_alpha.openclaw.cron_utils - 轮询 HTTP 调用: job_id=c1d70b70-69c9-478a-965f-9cce0941d6b7, poll_count=26, poll_elapsed=1.80s
2026-04-09 12:38:16 [INFO] openclaw_alpha.openclaw.cron_utils - 轮询响应: ok=True, entries_count=0
2026-04-09 12:38:26 [DEBUG] httpcore.connection - close.started
2026-04-09 12:38:26 [DEBUG] httpcore.connection - close.complete
2026-04-09 12:38:26 [DEBUG] httpcore.connection - connect_tcp.started host='127.0.0.1' port=18789 local_address=None timeout=10.0 socket_options=None
2026-04-09 12:38:26 [DEBUG] httpcore.connection - connect_tcp.complete return_value=<httpcore._backends.anyio.AnyIOStream object at 0x77658dfdd3d0>
2026-04-09 12:38:26 [DEBUG] httpcore.http11 - send_request_headers.started request=<Request [b'POST']>
2026-04-09 12:38:26 [DEBUG] httpcore.http11 - send_request_headers.complete
2026-04-09 12:38:26 [DEBUG] httpcore.http11 - send_request_body.started request=<Request [b'POST']>
2026-04-09 12:38:26 [DEBUG] httpcore.http11 - send_request_body.complete
2026-04-09 12:38:26 [DEBUG] httpcore.http11 - receive_response_headers.started request=<Request [b'POST']>
2026-04-09 12:38:32 [DEBUG] httpcore.http11 - receive_response_headers.complete return_value=(b'HTTP/1.1', 200, b'OK', [(b'X-Content-Type-Options', b'nosniff'), (b'Referrer-Policy', b'no-referrer'), (b'Permissions-Policy', b'camera=(), microphone=(), geolocation=()'), (b'Content-Type', b'application/json; charset=utf-8'), (b'Date', b'Thu, 09 Apr 2026 04:38:32 GMT'), (b'Connection', b'keep-alive'), (b'Keep-Alive', b'timeout=5'), (b'Content-Length', b'275')])
2026-04-09 12:38:32 [INFO] httpx - HTTP Request: POST http://127.0.0.1:18789/tools/invoke "HTTP/1.1 200 OK"
2026-04-09 12:38:32 [DEBUG] httpcore.http11 - receive_response_body.started request=<Request [b'POST']>
2026-04-09 12:38:32 [DEBUG] httpcore.http11 - receive_response_body.complete
2026-04-09 12:38:32 [DEBUG] httpcore.http11 - response_closed.started
2026-04-09 12:38:32 [DEBUG] httpcore.http11 - response_closed.complete
2026-04-09 12:38:32 [INFO] openclaw_alpha.openclaw.cron_utils - 轮询 HTTP 调用: job_id=c1d70b70-69c9-478a-965f-9cce0941d6b7, poll_count=27, poll_elapsed=5.89s
2026-04-09 12:38:32 [INFO] openclaw_alpha.openclaw.cron_utils - 轮询响应: ok=True, entries_count=0
2026-04-09 12:38:42 [DEBUG] httpcore.connection - close.started
2026-04-09 12:38:42 [DEBUG] httpcore.connection - close.complete
2026-04-09 12:38:42 [DEBUG] httpcore.connection - connect_tcp.started host='127.0.0.1' port=18789 local_address=None timeout=10.0 socket_options=None
2026-04-09 12:38:42 [DEBUG] httpcore.connection - connect_tcp.complete return_value=<httpcore._backends.anyio.AnyIOStream object at 0x77658dfb4350>
2026-04-09 12:38:42 [DEBUG] httpcore.http11 - send_request_headers.started request=<Request [b'POST']>
2026-04-09 12:38:42 [DEBUG] httpcore.http11 - send_request_headers.complete
2026-04-09 12:38:42 [DEBUG] httpcore.http11 - send_request_body.started request=<Request [b'POST']>
2026-04-09 12:38:42 [DEBUG] httpcore.http11 - send_request_body.complete
2026-04-09 12:38:42 [DEBUG] httpcore.http11 - receive_response_headers.started request=<Request [b'POST']>
2026-04-09 12:38:44 [DEBUG] httpcore.http11 - receive_response_headers.complete return_value=(b'HTTP/1.1', 200, b'OK', [(b'X-Content-Type-Options', b'nosniff'), (b'Referrer-Policy', b'no-referrer'), (b'Permissions-Policy', b'camera=(), microphone=(), geolocation=()'), (b'Content-Type', b'application/json; charset=utf-8'), (b'Date', b'Thu, 09 Apr 2026 04:38:44 GMT'), (b'Connection', b'keep-alive'), (b'Keep-Alive', b'timeout=5'), (b'Content-Length', b'275')])
2026-04-09 12:38:44 [INFO] httpx - HTTP Request: POST http://127.0.0.1:18789/tools/invoke "HTTP/1.1 200 OK"
2026-04-09 12:38:44 [DEBUG] httpcore.http11 - receive_response_body.started request=<Request [b'POST']>
2026-04-09 12:38:44 [DEBUG] httpcore.http11 - receive_response_body.complete
2026-04-09 12:38:44 [DEBUG] httpcore.http11 - response_closed.started
2026-04-09 12:38:44 [DEBUG] httpcore.http11 - response_closed.complete
2026-04-09 12:38:44 [INFO] openclaw_alpha.openclaw.cron_utils - 轮询 HTTP 调用: job_id=c1d70b70-69c9-478a-965f-9cce0941d6b7, poll_count=28, poll_elapsed=2.15s
2026-04-09 12:38:44 [INFO] openclaw_alpha.openclaw.cron_utils - 轮询响应: ok=True, entries_count=0
2026-04-09 12:38:54 [DEBUG] httpcore.connection - close.started
2026-04-09 12:38:54 [DEBUG] httpcore.connection - close.complete
2026-04-09 12:38:54 [DEBUG] httpcore.connection - connect_tcp.started host='127.0.0.1' port=18789 local_address=None timeout=10.0 socket_options=None
2026-04-09 12:38:54 [DEBUG] httpcore.connection - connect_tcp.complete return_value=<httpcore._backends.anyio.AnyIOStream object at 0x77658d6ab980>
2026-04-09 12:38:54 [DEBUG] httpcore.http11 - send_request_headers.started request=<Request [b'POST']>
2026-04-09 12:38:54 [DEBUG] httpcore.http11 - send_request_headers.complete
2026-04-09 12:38:54 [DEBUG] httpcore.http11 - send_request_body.started request=<Request [b'POST']>
2026-04-09 12:38:54 [DEBUG] httpcore.http11 - send_request_body.complete
2026-04-09 12:38:54 [DEBUG] httpcore.http11 - receive_response_headers.started request=<Request [b'POST']>
2026-04-09 12:38:56 [DEBUG] httpcore.http11 - receive_response_headers.complete return_value=(b'HTTP/1.1', 200, b'OK', [(b'X-Content-Type-Options', b'nosniff'), (b'Referrer-Policy', b'no-referrer'), (b'Permissions-Policy', b'camera=(), microphone=(), geolocation=()'), (b'Content-Type', b'application/json; charset=utf-8'), (b'Date', b'Thu, 09 Apr 2026 04:38:56 GMT'), (b'Connection', b'keep-alive'), (b'Keep-Alive', b'timeout=5'), (b'Content-Length', b'275')])
2026-04-09 12:38:56 [INFO] httpx - HTTP Request: POST http://127.0.0.1:18789/tools/invoke "HTTP/1.1 200 OK"
2026-04-09 12:38:56 [DEBUG] httpcore.http11 - receive_response_body.started request=<Request [b'POST']>
2026-04-09 12:38:56 [DEBUG] httpcore.http11 - receive_response_body.complete
2026-04-09 12:38:56 [DEBUG] httpcore.http11 - response_closed.started
2026-04-09 12:38:56 [DEBUG] httpcore.http11 - response_closed.complete
2026-04-09 12:38:56 [INFO] openclaw_alpha.openclaw.cron_utils - 轮询 HTTP 调用: job_id=c1d70b70-69c9-478a-965f-9cce0941d6b7, poll_count=29, poll_elapsed=2.09s
2026-04-09 12:38:56 [INFO] openclaw_alpha.openclaw.cron_utils - 轮询响应: ok=True, entries_count=0
2026-04-09 12:39:06 [DEBUG] httpcore.connection - close.started
2026-04-09 12:39:06 [DEBUG] httpcore.connection - close.complete
2026-04-09 12:39:06 [DEBUG] httpcore.connection - connect_tcp.started host='127.0.0.1' port=18789 local_address=None timeout=10.0 socket_options=None
2026-04-09 12:39:06 [DEBUG] httpcore.connection - connect_tcp.complete return_value=<httpcore._backends.anyio.AnyIOStream object at 0x77658d6ab2a0>
2026-04-09 12:39:06 [DEBUG] httpcore.http11 - send_request_headers.started request=<Request [b'POST']>
2026-04-09 12:39:06 [DEBUG] httpcore.http11 - send_request_headers.complete
2026-04-09 12:39:06 [DEBUG] httpcore.http11 - send_request_body.started request=<Request [b'POST']>
2026-04-09 12:39:06 [DEBUG] httpcore.http11 - send_request_body.complete
2026-04-09 12:39:06 [DEBUG] httpcore.http11 - receive_response_headers.started request=<Request [b'POST']>
2026-04-09 12:39:08 [DEBUG] httpcore.http11 - receive_response_headers.complete return_value=(b'HTTP/1.1', 200, b'OK', [(b'X-Content-Type-Options', b'nosniff'), (b'Referrer-Policy', b'no-referrer'), (b'Permissions-Policy', b'camera=(), microphone=(), geolocation=()'), (b'Content-Type', b'application/json; charset=utf-8'), (b'Date', b'Thu, 09 Apr 2026 04:39:08 GMT'), (b'Connection', b'keep-alive'), (b'Keep-Alive', b'timeout=5'), (b'Content-Length', b'275')])
2026-04-09 12:39:08 [INFO] httpx - HTTP Request: POST http://127.0.0.1:18789/tools/invoke "HTTP/1.1 200 OK"
2026-04-09 12:39:08 [DEBUG] httpcore.http11 - receive_response_body.started request=<Request [b'POST']>
2026-04-09 12:39:08 [DEBUG] httpcore.http11 - receive_response_body.complete
2026-04-09 12:39:08 [DEBUG] httpcore.http11 - response_closed.started
2026-04-09 12:39:08 [DEBUG] httpcore.http11 - response_closed.complete
2026-04-09 12:39:08 [INFO] openclaw_alpha.openclaw.cron_utils - 轮询 HTTP 调用: job_id=c1d70b70-69c9-478a-965f-9cce0941d6b7, poll_count=30, poll_elapsed=1.62s
2026-04-09 12:39:08 [INFO] openclaw_alpha.openclaw.cron_utils - 轮询响应: ok=True, entries_count=0
2026-04-09 12:39:18 [DEBUG] httpcore.connection - close.started
2026-04-09 12:39:18 [DEBUG] httpcore.connection - close.complete
2026-04-09 12:39:18 [DEBUG] httpcore.connection - connect_tcp.started host='127.0.0.1' port=18789 local_address=None timeout=10.0 socket_options=None
2026-04-09 12:39:18 [DEBUG] httpcore.connection - connect_tcp.complete return_value=<httpcore._backends.anyio.AnyIOStream object at 0x77658d6ab5c0>
2026-04-09 12:39:18 [DEBUG] httpcore.http11 - send_request_headers.started request=<Request [b'POST']>
2026-04-09 12:39:18 [DEBUG] httpcore.http11 - send_request_headers.complete
2026-04-09 12:39:18 [DEBUG] httpcore.http11 - send_request_body.started request=<Request [b'POST']>
2026-04-09 12:39:18 [DEBUG] httpcore.http11 - send_request_body.complete
2026-04-09 12:39:18 [DEBUG] httpcore.http11 - receive_response_headers.started request=<Request [b'POST']>
2026-04-09 12:39:22 [DEBUG] httpcore.http11 - receive_response_headers.complete return_value=(b'HTTP/1.1', 200, b'OK', [(b'X-Content-Type-Options', b'nosniff'), (b'Referrer-Policy', b'no-referrer'), (b'Permissions-Policy', b'camera=(), microphone=(), geolocation=()'), (b'Content-Type', b'application/json; charset=utf-8'), (b'Date', b'Thu, 09 Apr 2026 04:39:22 GMT'), (b'Connection', b'keep-alive'), (b'Keep-Alive', b'timeout=5'), (b'Content-Length', b'275')])
2026-04-09 12:39:22 [INFO] httpx - HTTP Request: POST http://127.0.0.1:18789/tools/invoke "HTTP/1.1 200 OK"
2026-04-09 12:39:22 [DEBUG] httpcore.http11 - receive_response_body.started request=<Request [b'POST']>
2026-04-09 12:39:22 [DEBUG] httpcore.http11 - receive_response_body.complete
2026-04-09 12:39:22 [DEBUG] httpcore.http11 - response_closed.started
2026-04-09 12:39:22 [DEBUG] httpcore.http11 - response_closed.complete
2026-04-09 12:39:22 [INFO] openclaw_alpha.openclaw.cron_utils - 轮询 HTTP 调用: job_id=c1d70b70-69c9-478a-965f-9cce0941d6b7, poll_count=31, poll_elapsed=4.02s
2026-04-09 12:39:22 [INFO] openclaw_alpha.openclaw.cron_utils - 轮询响应: ok=True, entries_count=0
2026-04-09 12:39:32 [DEBUG] httpcore.connection - close.started
2026-04-09 12:39:32 [DEBUG] httpcore.connection - close.complete
2026-04-09 12:39:32 [DEBUG] httpcore.connection - connect_tcp.started host='127.0.0.1' port=18789 local_address=None timeout=10.0 socket_options=None
2026-04-09 12:39:32 [DEBUG] httpcore.connection - connect_tcp.complete return_value=<httpcore._backends.anyio.AnyIOStream object at 0x77658d6ab7f0>
2026-04-09 12:39:32 [DEBUG] httpcore.http11 - send_request_headers.started request=<Request [b'POST']>
2026-04-09 12:39:32 [DEBUG] httpcore.http11 - send_request_headers.complete
2026-04-09 12:39:32 [DEBUG] httpcore.http11 - send_request_body.started request=<Request [b'POST']>
2026-04-09 12:39:32 [DEBUG] httpcore.http11 - send_request_body.complete
2026-04-09 12:39:32 [DEBUG] httpcore.http11 - receive_response_headers.started request=<Request [b'POST']>
2026-04-09 12:39:34 [DEBUG] httpcore.http11 - receive_response_headers.complete return_value=(b'HTTP/1.1', 200, b'OK', [(b'X-Content-Type-Options', b'nosniff'), (b'Referrer-Policy', b'no-referrer'), (b'Permissions-Policy', b'camera=(), microphone=(), geolocation=()'), (b'Content-Type', b'application/json; charset=utf-8'), (b'Date', b'Thu, 09 Apr 2026 04:39:34 GMT'), (b'Connection', b'keep-alive'), (b'Keep-Alive', b'timeout=5'), (b'Content-Length', b'275')])
2026-04-09 12:39:34 [INFO] httpx - HTTP Request: POST http://127.0.0.1:18789/tools/invoke "HTTP/1.1 200 OK"
2026-04-09 12:39:34 [DEBUG] httpcore.http11 - receive_response_body.started request=<Request [b'POST']>
2026-04-09 12:39:34 [DEBUG] httpcore.http11 - receive_response_body.complete
2026-04-09 12:39:34 [DEBUG] httpcore.http11 - response_closed.started
2026-04-09 12:39:34 [DEBUG] httpcore.http11 - response_closed.complete
2026-04-09 12:39:34 [INFO] openclaw_alpha.openclaw.cron_utils - 轮询 HTTP 调用: job_id=c1d70b70-69c9-478a-965f-9cce0941d6b7, poll_count=32, poll_elapsed=1.59s
2026-04-09 12:39:34 [INFO] openclaw_alpha.openclaw.cron_utils - 轮询响应: ok=True, entries_count=0
2026-04-09 12:39:44 [DEBUG] httpcore.connection - close.started
2026-04-09 12:39:44 [DEBUG] httpcore.connection - close.complete
2026-04-09 12:39:44 [DEBUG] httpcore.connection - connect_tcp.started host='127.0.0.1' port=18789 local_address=None timeout=10.0 socket_options=None
2026-04-09 12:39:44 [DEBUG] httpcore.connection - connect_tcp.complete return_value=<httpcore._backends.anyio.AnyIOStream object at 0x77658d6ab250>
2026-04-09 12:39:44 [DEBUG] httpcore.http11 - send_request_headers.started request=<Request [b'POST']>
2026-04-09 12:39:44 [DEBUG] httpcore.http11 - send_request_headers.complete
2026-04-09 12:39:44 [DEBUG] httpcore.http11 - send_request_body.started request=<Request [b'POST']>
2026-04-09 12:39:44 [DEBUG] httpcore.http11 - send_request_body.complete
2026-04-09 12:39:44 [DEBUG] httpcore.http11 - receive_response_headers.started request=<Request [b'POST']>
2026-04-09 12:39:46 [DEBUG] httpcore.http11 - receive_response_headers.complete return_value=(b'HTTP/1.1', 200, b'OK', [(b'X-Content-Type-Options', b'nosniff'), (b'Referrer-Policy', b'no-referrer'), (b'Permissions-Policy', b'camera=(), microphone=(), geolocation=()'), (b'Content-Type', b'application/json; charset=utf-8'), (b'Date', b'Thu, 09 Apr 2026 04:39:46 GMT'), (b'Connection', b'keep-alive'), (b'Keep-Alive', b'timeout=5'), (b'Content-Length', b'275')])
2026-04-09 12:39:46 [INFO] httpx - HTTP Request: POST http://127.0.0.1:18789/tools/invoke "HTTP/1.1 200 OK"
2026-04-09 12:39:46 [DEBUG] httpcore.http11 - receive_response_body.started request=<Request [b'POST']>
2026-04-09 12:39:46 [DEBUG] httpcore.http11 - receive_response_body.complete
2026-04-09 12:39:46 [DEBUG] httpcore.http11 - response_closed.started
2026-04-09 12:39:46 [DEBUG] httpcore.http11 - response_closed.complete
2026-04-09 12:39:46 [INFO] openclaw_alpha.openclaw.cron_utils - 轮询 HTTP 调用: job_id=c1d70b70-69c9-478a-965f-9cce0941d6b7, poll_count=33, poll_elapsed=2.08s
2026-04-09 12:39:46 [INFO] openclaw_alpha.openclaw.cron_utils - 轮询响应: ok=True, entries_count=0
2026-04-09 12:39:56 [DEBUG] httpcore.connection - close.started
2026-04-09 12:39:56 [DEBUG] httpcore.connection - close.complete
2026-04-09 12:39:56 [DEBUG] httpcore.connection - connect_tcp.started host='127.0.0.1' port=18789 local_address=None timeout=10.0 socket_options=None
2026-04-09 12:39:56 [DEBUG] httpcore.connection - connect_tcp.complete return_value=<httpcore._backends.anyio.AnyIOStream object at 0x77658d7146e0>
2026-04-09 12:39:56 [DEBUG] httpcore.http11 - send_request_headers.started request=<Request [b'POST']>
2026-04-09 12:39:56 [DEBUG] httpcore.http11 - send_request_headers.complete
2026-04-09 12:39:56 [DEBUG] httpcore.http11 - send_request_body.started request=<Request [b'POST']>
2026-04-09 12:39:56 [DEBUG] httpcore.http11 - send_request_body.complete
2026-04-09 12:39:56 [DEBUG] httpcore.http11 - receive_response_headers.started request=<Request [b'POST']>
2026-04-09 12:39:58 [DEBUG] httpcore.http11 - receive_response_headers.complete return_value=(b'HTTP/1.1', 200, b'OK', [(b'X-Content-Type-Options', b'nosniff'), (b'Referrer-Policy', b'no-referrer'), (b'Permissions-Policy', b'camera=(), microphone=(), geolocation=()'), (b'Content-Type', b'application/json; charset=utf-8'), (b'Date', b'Thu, 09 Apr 2026 04:39:58 GMT'), (b'Connection', b'keep-alive'), (b'Keep-Alive', b'timeout=5'), (b'Content-Length', b'275')])
2026-04-09 12:39:58 [INFO] httpx - HTTP Request: POST http://127.0.0.1:18789/tools/invoke "HTTP/1.1 200 OK"
2026-04-09 12:39:58 [DEBUG] httpcore.http11 - receive_response_body.started request=<Request [b'POST']>
2026-04-09 12:39:58 [DEBUG] httpcore.http11 - receive_response_body.complete
2026-04-09 12:39:58 [DEBUG] httpcore.http11 - response_closed.started
2026-04-09 12:39:58 [DEBUG] httpcore.http11 - response_closed.complete
2026-04-09 12:39:58 [INFO] openclaw_alpha.openclaw.cron_utils - 轮询 HTTP 调用: job_id=c1d70b70-69c9-478a-965f-9cce0941d6b7, poll_count=34, poll_elapsed=1.84s
2026-04-09 12:39:58 [INFO] openclaw_alpha.openclaw.cron_utils - 轮询响应: ok=True, entries_count=0
2026-04-09 12:40:08 [DEBUG] httpcore.connection - close.started
2026-04-09 12:40:08 [DEBUG] httpcore.connection - close.complete
2026-04-09 12:40:08 [DEBUG] httpcore.connection - connect_tcp.started host='127.0.0.1' port=18789 local_address=None timeout=10.0 socket_options=None
2026-04-09 12:40:08 [DEBUG] httpcore.connection - connect_tcp.complete return_value=<httpcore._backends.anyio.AnyIOStream object at 0x77658d714960>
2026-04-09 12:40:08 [DEBUG] httpcore.http11 - send_request_headers.started request=<Request [b'POST']>
2026-04-09 12:40:08 [DEBUG] httpcore.http11 - send_request_headers.complete
2026-04-09 12:40:08 [DEBUG] httpcore.http11 - send_request_body.started request=<Request [b'POST']>
2026-04-09 12:40:08 [DEBUG] httpcore.http11 - send_request_body.complete
2026-04-09 12:40:08 [DEBUG] httpcore.http11 - receive_response_headers.started request=<Request [b'POST']>
2026-04-09 12:40:12 [DEBUG] httpcore.http11 - receive_response_headers.complete return_value=(b'HTTP/1.1', 200, b'OK', [(b'X-Content-Type-Options', b'nosniff'), (b'Referrer-Policy', b'no-referrer'), (b'Permissions-Policy', b'camera=(), microphone=(), geolocation=()'), (b'Content-Type', b'application/json; charset=utf-8'), (b'Date', b'Thu, 09 Apr 2026 04:40:12 GMT'), (b'Connection', b'keep-alive'), (b'Keep-Alive', b'timeout=5'), (b'Content-Length', b'275')])
2026-04-09 12:40:12 [INFO] httpx - HTTP Request: POST http://127.0.0.1:18789/tools/invoke "HTTP/1.1 200 OK"
2026-04-09 12:40:12 [DEBUG] httpcore.http11 - receive_response_body.started request=<Request [b'POST']>
2026-04-09 12:40:12 [DEBUG] httpcore.http11 - receive_response_body.complete
2026-04-09 12:40:12 [DEBUG] httpcore.http11 - response_closed.started
2026-04-09 12:40:12 [DEBUG] httpcore.http11 - response_closed.complete
2026-04-09 12:40:12 [INFO] openclaw_alpha.openclaw.cron_utils - 轮询 HTTP 调用: job_id=c1d70b70-69c9-478a-965f-9cce0941d6b7, poll_count=35, poll_elapsed=4.12s
2026-04-09 12:40:12 [INFO] openclaw_alpha.openclaw.cron_utils - 轮询响应: ok=True, entries_count=0
2026-04-09 12:40:22 [DEBUG] httpcore.connection - close.started
2026-04-09 12:40:22 [DEBUG] httpcore.connection - close.complete
2026-04-09 12:40:22 [DEBUG] httpcore.connection - connect_tcp.started host='127.0.0.1' port=18789 local_address=None timeout=10.0 socket_options=None
2026-04-09 12:40:22 [DEBUG] httpcore.connection - connect_tcp.complete return_value=<httpcore._backends.anyio.AnyIOStream object at 0x77658d714b40>
2026-04-09 12:40:22 [DEBUG] httpcore.http11 - send_request_headers.started request=<Request [b'POST']>
2026-04-09 12:40:22 [DEBUG] httpcore.http11 - send_request_headers.complete
2026-04-09 12:40:22 [DEBUG] httpcore.http11 - send_request_body.started request=<Request [b'POST']>
2026-04-09 12:40:22 [DEBUG] httpcore.http11 - send_request_body.complete
2026-04-09 12:40:22 [DEBUG] httpcore.http11 - receive_response_headers.started request=<Request [b'POST']>
2026-04-09 12:40:23 [DEBUG] httpcore.http11 - receive_response_headers.complete return_value=(b'HTTP/1.1', 200, b'OK', [(b'X-Content-Type-Options', b'nosniff'), (b'Referrer-Policy', b'no-referrer'), (b'Permissions-Policy', b'camera=(), microphone=(), geolocation=()'), (b'Content-Type', b'application/json; charset=utf-8'), (b'Date', b'Thu, 09 Apr 2026 04:40:23 GMT'), (b'Connection', b'keep-alive'), (b'Keep-Alive', b'timeout=5'), (b'Content-Length', b'275')])
2026-04-09 12:40:23 [INFO] httpx - HTTP Request: POST http://127.0.0.1:18789/tools/invoke "HTTP/1.1 200 OK"
2026-04-09 12:40:23 [DEBUG] httpcore.http11 - receive_response_body.started request=<Request [b'POST']>
2026-04-09 12:40:23 [DEBUG] httpcore.http11 - receive_response_body.complete
2026-04-09 12:40:23 [DEBUG] httpcore.http11 - response_closed.started
2026-04-09 12:40:23 [DEBUG] httpcore.http11 - response_closed.complete
2026-04-09 12:40:23 [INFO] openclaw_alpha.openclaw.cron_utils - 轮询 HTTP 调用: job_id=c1d70b70-69c9-478a-965f-9cce0941d6b7, poll_count=36, poll_elapsed=1.52s
2026-04-09 12:40:23 [INFO] openclaw_alpha.openclaw.cron_utils - 轮询响应: ok=True, entries_count=0
2026-04-09 12:40:33 [DEBUG] httpcore.connection - close.started
2026-04-09 12:40:33 [DEBUG] httpcore.connection - close.complete
2026-04-09 12:40:33 [DEBUG] httpcore.connection - connect_tcp.started host='127.0.0.1' port=18789 local_address=None timeout=10.0 socket_options=None
2026-04-09 12:40:33 [DEBUG] httpcore.connection - connect_tcp.complete return_value=<httpcore._backends.anyio.AnyIOStream object at 0x77658d714cd0>
2026-04-09 12:40:33 [DEBUG] httpcore.http11 - send_request_headers.started request=<Request [b'POST']>
2026-04-09 12:40:33 [DEBUG] httpcore.http11 - send_request_headers.complete
2026-04-09 12:40:33 [DEBUG] httpcore.http11 - send_request_body.started request=<Request [b'POST']>
2026-04-09 12:40:33 [DEBUG] httpcore.http11 - send_request_body.complete
2026-04-09 12:40:33 [DEBUG] httpcore.http11 - receive_response_headers.started request=<Request [b'POST']>
2026-04-09 12:40:35 [DEBUG] httpcore.http11 - receive_response_headers.complete return_value=(b'HTTP/1.1', 200, b'OK', [(b'X-Content-Type-Options', b'nosniff'), (b'Referrer-Policy', b'no-referrer'), (b'Permissions-Policy', b'camera=(), microphone=(), geolocation=()'), (b'Content-Type', b'application/json; charset=utf-8'), (b'Date', b'Thu, 09 Apr 2026 04:40:35 GMT'), (b'Connection', b'keep-alive'), (b'Keep-Alive', b'timeout=5'), (b'Content-Length', b'275')])
2026-04-09 12:40:35 [INFO] httpx - HTTP Request: POST http://127.0.0.1:18789/tools/invoke "HTTP/1.1 200 OK"
2026-04-09 12:40:35 [DEBUG] httpcore.http11 - receive_response_body.started request=<Request [b'POST']>
2026-04-09 12:40:35 [DEBUG] httpcore.http11 - receive_response_body.complete
2026-04-09 12:40:35 [DEBUG] httpcore.http11 - response_closed.started
2026-04-09 12:40:35 [DEBUG] httpcore.http11 - response_closed.complete
2026-04-09 12:40:35 [INFO] openclaw_alpha.openclaw.cron_utils - 轮询 HTTP 调用: job_id=c1d70b70-69c9-478a-965f-9cce0941d6b7, poll_count=37, poll_elapsed=1.60s
2026-04-09 12:40:35 [INFO] openclaw_alpha.openclaw.cron_utils - 轮询响应: ok=True, entries_count=0
2026-04-09 12:40:45 [DEBUG] httpcore.connection - close.started
2026-04-09 12:40:45 [DEBUG] httpcore.connection - close.complete
2026-04-09 12:40:45 [DEBUG] httpcore.connection - connect_tcp.started host='127.0.0.1' port=18789 local_address=None timeout=10.0 socket_options=None
2026-04-09 12:40:45 [DEBUG] httpcore.connection - connect_tcp.complete return_value=<httpcore._backends.anyio.AnyIOStream object at 0x77658d714f00>
2026-04-09 12:40:45 [DEBUG] httpcore.http11 - send_request_headers.started request=<Request [b'POST']>
2026-04-09 12:40:45 [DEBUG] httpcore.http11 - send_request_headers.complete
2026-04-09 12:40:45 [DEBUG] httpcore.http11 - send_request_body.started request=<Request [b'POST']>
2026-04-09 12:40:45 [DEBUG] httpcore.http11 - send_request_body.complete
2026-04-09 12:40:45 [DEBUG] httpcore.http11 - receive_response_headers.started request=<Request [b'POST']>
2026-04-09 12:40:47 [DEBUG] httpcore.http11 - receive_response_headers.complete return_value=(b'HTTP/1.1', 200, b'OK', [(b'X-Content-Type-Options', b'nosniff'), (b'Referrer-Policy', b'no-referrer'), (b'Permissions-Policy', b'camera=(), microphone=(), geolocation=()'), (b'Content-Type', b'application/json; charset=utf-8'), (b'Date', b'Thu, 09 Apr 2026 04:40:47 GMT'), (b'Connection', b'keep-alive'), (b'Keep-Alive', b'timeout=5'), (b'Content-Length', b'275')])
2026-04-09 12:40:47 [INFO] httpx - HTTP Request: POST http://127.0.0.1:18789/tools/invoke "HTTP/1.1 200 OK"
2026-04-09 12:40:47 [DEBUG] httpcore.http11 - receive_response_body.started request=<Request [b'POST']>
2026-04-09 12:40:47 [DEBUG] httpcore.http11 - receive_response_body.complete
2026-04-09 12:40:47 [DEBUG] httpcore.http11 - response_closed.started
2026-04-09 12:40:47 [DEBUG] httpcore.http11 - response_closed.complete
2026-04-09 12:40:47 [INFO] openclaw_alpha.openclaw.cron_utils - 轮询 HTTP 调用: job_id=c1d70b70-69c9-478a-965f-9cce0941d6b7, poll_count=38, poll_elapsed=1.82s
2026-04-09 12:40:47 [INFO] openclaw_alpha.openclaw.cron_utils - 轮询响应: ok=True, entries_count=0
2026-04-09 12:40:57 [DEBUG] httpcore.connection - close.started
2026-04-09 12:40:57 [DEBUG] httpcore.connection - close.complete
2026-04-09 12:40:57 [DEBUG] httpcore.connection - connect_tcp.started host='127.0.0.1' port=18789 local_address=None timeout=10.0 socket_options=None
2026-04-09 12:40:57 [DEBUG] httpcore.connection - connect_tcp.complete return_value=<httpcore._backends.anyio.AnyIOStream object at 0x77658d715130>
2026-04-09 12:40:57 [DEBUG] httpcore.http11 - send_request_headers.started request=<Request [b'POST']>
2026-04-09 12:40:57 [DEBUG] httpcore.http11 - send_request_headers.complete
2026-04-09 12:40:57 [DEBUG] httpcore.http11 - send_request_body.started request=<Request [b'POST']>
2026-04-09 12:40:57 [DEBUG] httpcore.http11 - send_request_body.complete
2026-04-09 12:40:57 [DEBUG] httpcore.http11 - receive_response_headers.started request=<Request [b'POST']>
2026-04-09 12:41:01 [DEBUG] httpcore.http11 - receive_response_headers.complete return_value=(b'HTTP/1.1', 200, b'OK', [(b'X-Content-Type-Options', b'nosniff'), (b'Referrer-Policy', b'no-referrer'), (b'Permissions-Policy', b'camera=(), microphone=(), geolocation=()'), (b'Content-Type', b'application/json; charset=utf-8'), (b'Date', b'Thu, 09 Apr 2026 04:41:01 GMT'), (b'Connection', b'keep-alive'), (b'Keep-Alive', b'timeout=5'), (b'Content-Length', b'275')])
2026-04-09 12:41:01 [INFO] httpx - HTTP Request: POST http://127.0.0.1:18789/tools/invoke "HTTP/1.1 200 OK"
2026-04-09 12:41:01 [DEBUG] httpcore.http11 - receive_response_body.started request=<Request [b'POST']>
2026-04-09 12:41:01 [DEBUG] httpcore.http11 - receive_response_body.complete
2026-04-09 12:41:01 [DEBUG] httpcore.http11 - response_closed.started
2026-04-09 12:41:01 [DEBUG] httpcore.http11 - response_closed.complete
2026-04-09 12:41:01 [INFO] openclaw_alpha.openclaw.cron_utils - 轮询 HTTP 调用: job_id=c1d70b70-69c9-478a-965f-9cce0941d6b7, poll_count=39, poll_elapsed=4.19s
2026-04-09 12:41:01 [INFO] openclaw_alpha.openclaw.cron_utils - 轮询响应: ok=True, entries_count=0
2026-04-09 12:41:11 [DEBUG] httpcore.connection - close.started
2026-04-09 12:41:11 [DEBUG] httpcore.connection - close.complete
2026-04-09 12:41:11 [DEBUG] httpcore.connection - connect_tcp.started host='127.0.0.1' port=18789 local_address=None timeout=10.0 socket_options=None
2026-04-09 12:41:11 [DEBUG] httpcore.connection - connect_tcp.complete return_value=<httpcore._backends.anyio.AnyIOStream object at 0x77658d715360>
2026-04-09 12:41:11 [DEBUG] httpcore.http11 - send_request_headers.started request=<Request [b'POST']>
2026-04-09 12:41:11 [DEBUG] httpcore.http11 - send_request_headers.complete
2026-04-09 12:41:11 [DEBUG] httpcore.http11 - send_request_body.started request=<Request [b'POST']>
2026-04-09 12:41:11 [DEBUG] httpcore.http11 - send_request_body.complete
2026-04-09 12:41:11 [DEBUG] httpcore.http11 - receive_response_headers.started request=<Request [b'POST']>
2026-04-09 12:41:13 [DEBUG] httpcore.http11 - receive_response_headers.complete return_value=(b'HTTP/1.1', 200, b'OK', [(b'X-Content-Type-Options', b'nosniff'), (b'Referrer-Policy', b'no-referrer'), (b'Permissions-Policy', b'camera=(), microphone=(), geolocation=()'), (b'Content-Type', b'application/json; charset=utf-8'), (b'Date', b'Thu, 09 Apr 2026 04:41:13 GMT'), (b'Connection', b'keep-alive'), (b'Keep-Alive', b'timeout=5'), (b'Content-Length', b'275')])
2026-04-09 12:41:13 [INFO] httpx - HTTP Request: POST http://127.0.0.1:18789/tools/invoke "HTTP/1.1 200 OK"
2026-04-09 12:41:13 [DEBUG] httpcore.http11 - receive_response_body.started request=<Request [b'POST']>
2026-04-09 12:41:13 [DEBUG] httpcore.http11 - receive_response_body.complete
2026-04-09 12:41:13 [DEBUG] httpcore.http11 - response_closed.started
2026-04-09 12:41:13 [DEBUG] httpcore.http11 - response_closed.complete
2026-04-09 12:41:13 [INFO] openclaw_alpha.openclaw.cron_utils - 轮询 HTTP 调用: job_id=c1d70b70-69c9-478a-965f-9cce0941d6b7, poll_count=40, poll_elapsed=1.58s
2026-04-09 12:41:13 [INFO] openclaw_alpha.openclaw.cron_utils - 轮询响应: ok=True, entries_count=0
2026-04-09 12:41:23 [DEBUG] httpcore.connection - close.started
2026-04-09 12:41:23 [DEBUG] httpcore.connection - close.complete
2026-04-09 12:41:23 [DEBUG] httpcore.connection - connect_tcp.started host='127.0.0.1' port=18789 local_address=None timeout=10.0 socket_options=None
2026-04-09 12:41:23 [DEBUG] httpcore.connection - connect_tcp.complete return_value=<httpcore._backends.anyio.AnyIOStream object at 0x77658d715590>
2026-04-09 12:41:23 [DEBUG] httpcore.http11 - send_request_headers.started request=<Request [b'POST']>
2026-04-09 12:41:23 [DEBUG] httpcore.http11 - send_request_headers.complete
2026-04-09 12:41:23 [DEBUG] httpcore.http11 - send_request_body.started request=<Request [b'POST']>
2026-04-09 12:41:23 [DEBUG] httpcore.http11 - send_request_body.complete
2026-04-09 12:41:23 [DEBUG] httpcore.http11 - receive_response_headers.started request=<Request [b'POST']>
2026-04-09 12:41:25 [DEBUG] httpcore.http11 - receive_response_headers.complete return_value=(b'HTTP/1.1', 200, b'OK', [(b'X-Content-Type-Options', b'nosniff'), (b'Referrer-Policy', b'no-referrer'), (b'Permissions-Policy', b'camera=(), microphone=(), geolocation=()'), (b'Content-Type', b'application/json; charset=utf-8'), (b'Date', b'Thu, 09 Apr 2026 04:41:25 GMT'), (b'Connection', b'keep-alive'), (b'Keep-Alive', b'timeout=5'), (b'Content-Length', b'275')])
2026-04-09 12:41:25 [INFO] httpx - HTTP Request: POST http://127.0.0.1:18789/tools/invoke "HTTP/1.1 200 OK"
2026-04-09 12:41:25 [DEBUG] httpcore.http11 - receive_response_body.started request=<Request [b'POST']>
2026-04-09 12:41:25 [DEBUG] httpcore.http11 - receive_response_body.complete
2026-04-09 12:41:25 [DEBUG] httpcore.http11 - response_closed.started
2026-04-09 12:41:25 [DEBUG] httpcore.http11 - response_closed.complete
2026-04-09 12:41:25 [INFO] openclaw_alpha.openclaw.cron_utils - 轮询 HTTP 调用: job_id=c1d70b70-69c9-478a-965f-9cce0941d6b7, poll_count=41, poll_elapsed=2.09s
2026-04-09 12:41:25 [INFO] openclaw_alpha.openclaw.cron_utils - 轮询响应: ok=True, entries_count=0
2026-04-09 12:41:35 [DEBUG] httpcore.connection - close.started
2026-04-09 12:41:35 [DEBUG] httpcore.connection - close.complete
2026-04-09 12:41:35 [DEBUG] httpcore.connection - connect_tcp.started host='127.0.0.1' port=18789 local_address=None timeout=10.0 socket_options=None
2026-04-09 12:41:35 [DEBUG] httpcore.connection - connect_tcp.complete return_value=<httpcore._backends.anyio.AnyIOStream object at 0x77658d7157c0>
2026-04-09 12:41:35 [DEBUG] httpcore.http11 - send_request_headers.started request=<Request [b'POST']>
2026-04-09 12:41:35 [DEBUG] httpcore.http11 - send_request_headers.complete
2026-04-09 12:41:35 [DEBUG] httpcore.http11 - send_request_body.started request=<Request [b'POST']>
2026-04-09 12:41:35 [DEBUG] httpcore.http11 - send_request_body.complete
2026-04-09 12:41:35 [DEBUG] httpcore.http11 - receive_response_headers.started request=<Request [b'POST']>
2026-04-09 12:41:36 [DEBUG] httpcore.http11 - receive_response_headers.complete return_value=(b'HTTP/1.1', 200, b'OK', [(b'X-Content-Type-Options', b'nosniff'), (b'Referrer-Policy', b'no-referrer'), (b'Permissions-Policy', b'camera=(), microphone=(), geolocation=()'), (b'Content-Type', b'application/json; charset=utf-8'), (b'Date', b'Thu, 09 Apr 2026 04:41:36 GMT'), (b'Connection', b'keep-alive'), (b'Keep-Alive', b'timeout=5'), (b'Content-Length', b'275')])
2026-04-09 12:41:36 [INFO] httpx - HTTP Request: POST http://127.0.0.1:18789/tools/invoke "HTTP/1.1 200 OK"
2026-04-09 12:41:36 [DEBUG] httpcore.http11 - receive_response_body.started request=<Request [b'POST']>
2026-04-09 12:41:36 [DEBUG] httpcore.http11 - receive_response_body.complete
2026-04-09 12:41:36 [DEBUG] httpcore.http11 - response_closed.started
2026-04-09 12:41:36 [DEBUG] httpcore.http11 - response_closed.complete
2026-04-09 12:41:36 [INFO] openclaw_alpha.openclaw.cron_utils - 轮询 HTTP 调用: job_id=c1d70b70-69c9-478a-965f-9cce0941d6b7, poll_count=42, poll_elapsed=1.55s
2026-04-09 12:41:36 [INFO] openclaw_alpha.openclaw.cron_utils - 轮询响应: ok=True, entries_count=0
2026-04-09 12:41:46 [DEBUG] httpcore.connection - close.started
2026-04-09 12:41:46 [DEBUG] httpcore.connection - close.complete
2026-04-09 12:41:46 [DEBUG] httpcore.connection - connect_tcp.started host='127.0.0.1' port=18789 local_address=None timeout=10.0 socket_options=None
2026-04-09 12:41:46 [DEBUG] httpcore.connection - connect_tcp.complete return_value=<httpcore._backends.anyio.AnyIOStream object at 0x77658d7159f0>
2026-04-09 12:41:46 [DEBUG] httpcore.http11 - send_request_headers.started request=<Request [b'POST']>
2026-04-09 12:41:46 [DEBUG] httpcore.http11 - send_request_headers.complete
2026-04-09 12:41:46 [DEBUG] httpcore.http11 - send_request_body.started request=<Request [b'POST']>
2026-04-09 12:41:46 [DEBUG] httpcore.http11 - send_request_body.complete
2026-04-09 12:41:46 [DEBUG] httpcore.http11 - receive_response_headers.started request=<Request [b'POST']>
2026-04-09 12:41:50 [DEBUG] httpcore.http11 - receive_response_headers.complete return_value=(b'HTTP/1.1', 200, b'OK', [(b'X-Content-Type-Options', b'nosniff'), (b'Referrer-Policy', b'no-referrer'), (b'Permissions-Policy', b'camera=(), microphone=(), geolocation=()'), (b'Content-Type', b'application/json; charset=utf-8'), (b'Date', b'Thu, 09 Apr 2026 04:41:50 GMT'), (b'Connection', b'keep-alive'), (b'Keep-Alive', b'timeout=5'), (b'Content-Length', b'275')])
2026-04-09 12:41:50 [INFO] httpx - HTTP Request: POST http://127.0.0.1:18789/tools/invoke "HTTP/1.1 200 OK"
2026-04-09 12:41:50 [DEBUG] httpcore.http11 - receive_response_body.started request=<Request [b'POST']>
2026-04-09 12:41:50 [DEBUG] httpcore.http11 - receive_response_body.complete
2026-04-09 12:41:50 [DEBUG] httpcore.http11 - response_closed.started
2026-04-09 12:41:50 [DEBUG] httpcore.http11 - response_closed.complete
2026-04-09 12:41:50 [INFO] openclaw_alpha.openclaw.cron_utils - 轮询 HTTP 调用: job_id=c1d70b70-69c9-478a-965f-9cce0941d6b7, poll_count=43, poll_elapsed=4.14s
2026-04-09 12:41:50 [INFO] openclaw_alpha.openclaw.cron_utils - 轮询响应: ok=True, entries_count=0
2026-04-09 12:42:00 [DEBUG] httpcore.connection - close.started
2026-04-09 12:42:00 [DEBUG] httpcore.connection - close.complete
2026-04-09 12:42:00 [DEBUG] httpcore.connection - connect_tcp.started host='127.0.0.1' port=18789 local_address=None timeout=10.0 socket_options=None
2026-04-09 12:42:00 [DEBUG] httpcore.connection - connect_tcp.complete return_value=<httpcore._backends.anyio.AnyIOStream object at 0x77658d715c20>
2026-04-09 12:42:00 [DEBUG] httpcore.http11 - send_request_headers.started request=<Request [b'POST']>
2026-04-09 12:42:00 [DEBUG] httpcore.http11 - send_request_headers.complete
2026-04-09 12:42:00 [DEBUG] httpcore.http11 - send_request_body.started request=<Request [b'POST']>
2026-04-09 12:42:00 [DEBUG] httpcore.http11 - send_request_body.complete
2026-04-09 12:42:00 [DEBUG] httpcore.http11 - receive_response_headers.started request=<Request [b'POST']>
2026-04-09 12:42:02 [DEBUG] httpcore.http11 - receive_response_headers.complete return_value=(b'HTTP/1.1', 200, b'OK', [(b'X-Content-Type-Options', b'nosniff'), (b'Referrer-Policy', b'no-referrer'), (b'Permissions-Policy', b'camera=(), microphone=(), geolocation=()'), (b'Content-Type', b'application/json; charset=utf-8'), (b'Date', b'Thu, 09 Apr 2026 04:42:02 GMT'), (b'Connection', b'keep-alive'), (b'Keep-Alive', b'timeout=5'), (b'Content-Length', b'275')])
2026-04-09 12:42:02 [INFO] httpx - HTTP Request: POST http://127.0.0.1:18789/tools/invoke "HTTP/1.1 200 OK"
2026-04-09 12:42:02 [DEBUG] httpcore.http11 - receive_response_body.started request=<Request [b'POST']>
2026-04-09 12:42:02 [DEBUG] httpcore.http11 - receive_response_body.complete
2026-04-09 12:42:02 [DEBUG] httpcore.http11 - response_closed.started
2026-04-09 12:42:02 [DEBUG] httpcore.http11 - response_closed.complete
2026-04-09 12:42:02 [INFO] openclaw_alpha.openclaw.cron_utils - 轮询 HTTP 调用: job_id=c1d70b70-69c9-478a-965f-9cce0941d6b7, poll_count=44, poll_elapsed=1.66s
2026-04-09 12:42:02 [INFO] openclaw_alpha.openclaw.cron_utils - 轮询响应: ok=True, entries_count=0
2026-04-09 12:42:12 [DEBUG] httpcore.connection - close.started
2026-04-09 12:42:12 [DEBUG] httpcore.connection - close.complete
2026-04-09 12:42:12 [DEBUG] httpcore.connection - connect_tcp.started host='127.0.0.1' port=18789 local_address=None timeout=10.0 socket_options=None
2026-04-09 12:42:12 [DEBUG] httpcore.connection - connect_tcp.complete return_value=<httpcore._backends.anyio.AnyIOStream object at 0x77658d715e50>
2026-04-09 12:42:12 [DEBUG] httpcore.http11 - send_request_headers.started request=<Request [b'POST']>
2026-04-09 12:42:12 [DEBUG] httpcore.http11 - send_request_headers.complete
2026-04-09 12:42:12 [DEBUG] httpcore.http11 - send_request_body.started request=<Request [b'POST']>
2026-04-09 12:42:12 [DEBUG] httpcore.http11 - send_request_body.complete
2026-04-09 12:42:12 [DEBUG] httpcore.http11 - receive_response_headers.started request=<Request [b'POST']>
2026-04-09 12:42:14 [DEBUG] httpcore.http11 - receive_response_headers.complete return_value=(b'HTTP/1.1', 200, b'OK', [(b'X-Content-Type-Options', b'nosniff'), (b'Referrer-Policy', b'no-referrer'), (b'Permissions-Policy', b'camera=(), microphone=(), geolocation=()'), (b'Content-Type', b'application/json; charset=utf-8'), (b'Date', b'Thu, 09 Apr 2026 04:42:14 GMT'), (b'Connection', b'keep-alive'), (b'Keep-Alive', b'timeout=5'), (b'Content-Length', b'275')])
2026-04-09 12:42:14 [INFO] httpx - HTTP Request: POST http://127.0.0.1:18789/tools/invoke "HTTP/1.1 200 OK"
2026-04-09 12:42:14 [DEBUG] httpcore.http11 - receive_response_body.started request=<Request [b'POST']>
2026-04-09 12:42:14 [DEBUG] httpcore.http11 - receive_response_body.complete
2026-04-09 12:42:14 [DEBUG] httpcore.http11 - response_closed.started
2026-04-09 12:42:14 [DEBUG] httpcore.http11 - response_closed.complete
2026-04-09 12:42:14 [INFO] openclaw_alpha.openclaw.cron_utils - 轮询 HTTP 调用: job_id=c1d70b70-69c9-478a-965f-9cce0941d6b7, poll_count=45, poll_elapsed=2.09s
2026-04-09 12:42:14 [INFO] openclaw_alpha.openclaw.cron_utils - 轮询响应: ok=True, entries_count=0
2026-04-09 12:42:24 [DEBUG] httpcore.connection - close.started
2026-04-09 12:42:24 [DEBUG] httpcore.connection - close.complete
2026-04-09 12:42:24 [DEBUG] httpcore.connection - connect_tcp.started host='127.0.0.1' port=18789 local_address=None timeout=10.0 socket_options=None
2026-04-09 12:42:24 [DEBUG] httpcore.connection - connect_tcp.complete return_value=<httpcore._backends.anyio.AnyIOStream object at 0x77658d716080>
2026-04-09 12:42:24 [DEBUG] httpcore.http11 - send_request_headers.started request=<Request [b'POST']>
2026-04-09 12:42:24 [DEBUG] httpcore.http11 - send_request_headers.complete
2026-04-09 12:42:24 [DEBUG] httpcore.http11 - send_request_body.started request=<Request [b'POST']>
2026-04-09 12:42:24 [DEBUG] httpcore.http11 - send_request_body.complete
2026-04-09 12:42:24 [DEBUG] httpcore.http11 - receive_response_headers.started request=<Request [b'POST']>
2026-04-09 12:42:26 [DEBUG] httpcore.http11 - receive_response_headers.complete return_value=(b'HTTP/1.1', 200, b'OK', [(b'X-Content-Type-Options', b'nosniff'), (b'Referrer-Policy', b'no-referrer'), (b'Permissions-Policy', b'camera=(), microphone=(), geolocation=()'), (b'Content-Type', b'application/json; charset=utf-8'), (b'Date', b'Thu, 09 Apr 2026 04:42:26 GMT'), (b'Connection', b'keep-alive'), (b'Keep-Alive', b'timeout=5'), (b'Content-Length', b'275')])
2026-04-09 12:42:26 [INFO] httpx - HTTP Request: POST http://127.0.0.1:18789/tools/invoke "HTTP/1.1 200 OK"
2026-04-09 12:42:26 [DEBUG] httpcore.http11 - receive_response_body.started request=<Request [b'POST']>
2026-04-09 12:42:26 [DEBUG] httpcore.http11 - receive_response_body.complete
2026-04-09 12:42:26 [DEBUG] httpcore.http11 - response_closed.started
2026-04-09 12:42:26 [DEBUG] httpcore.http11 - response_closed.complete
2026-04-09 12:42:26 [INFO] openclaw_alpha.openclaw.cron_utils - 轮询 HTTP 调用: job_id=c1d70b70-69c9-478a-965f-9cce0941d6b7, poll_count=46, poll_elapsed=1.84s
2026-04-09 12:42:26 [INFO] openclaw_alpha.openclaw.cron_utils - 轮询响应: ok=True, entries_count=0
2026-04-09 12:42:36 [DEBUG] httpcore.connection - close.started
2026-04-09 12:42:36 [DEBUG] httpcore.connection - close.complete
2026-04-09 12:42:36 [DEBUG] httpcore.connection - connect_tcp.started host='127.0.0.1' port=18789 local_address=None timeout=10.0 socket_options=None
2026-04-09 12:42:36 [DEBUG] httpcore.connection - connect_tcp.complete return_value=<httpcore._backends.anyio.AnyIOStream object at 0x77658d7162b0>
2026-04-09 12:42:36 [DEBUG] httpcore.http11 - send_request_headers.started request=<Request [b'POST']>
2026-04-09 12:42:36 [DEBUG] httpcore.http11 - send_request_headers.complete
2026-04-09 12:42:36 [DEBUG] httpcore.http11 - send_request_body.started request=<Request [b'POST']>
2026-04-09 12:42:36 [DEBUG] httpcore.http11 - send_request_body.complete
2026-04-09 12:42:36 [DEBUG] httpcore.http11 - receive_response_headers.started request=<Request [b'POST']>
2026-04-09 12:42:39 [DEBUG] httpcore.http11 - receive_response_headers.complete return_value=(b'HTTP/1.1', 200, b'OK', [(b'X-Content-Type-Options', b'nosniff'), (b'Referrer-Policy', b'no-referrer'), (b'Permissions-Policy', b'camera=(), microphone=(), geolocation=()'), (b'Content-Type', b'application/json; charset=utf-8'), (b'Date', b'Thu, 09 Apr 2026 04:42:39 GMT'), (b'Connection', b'keep-alive'), (b'Keep-Alive', b'timeout=5'), (b'Content-Length', b'275')])
2026-04-09 12:42:39 [INFO] httpx - HTTP Request: POST http://127.0.0.1:18789/tools/invoke "HTTP/1.1 200 OK"
2026-04-09 12:42:39 [DEBUG] httpcore.http11 - receive_response_body.started request=<Request [b'POST']>
2026-04-09 12:42:39 [DEBUG] httpcore.http11 - receive_response_body.complete
2026-04-09 12:42:39 [DEBUG] httpcore.http11 - response_closed.started
2026-04-09 12:42:39 [DEBUG] httpcore.http11 - response_closed.complete
2026-04-09 12:42:39 [INFO] openclaw_alpha.openclaw.cron_utils - 轮询 HTTP 调用: job_id=c1d70b70-69c9-478a-965f-9cce0941d6b7, poll_count=47, poll_elapsed=3.55s
2026-04-09 12:42:39 [INFO] openclaw_alpha.openclaw.cron_utils - 轮询响应: ok=True, entries_count=0
2026-04-09 12:42:49 [DEBUG] httpcore.connection - close.started
2026-04-09 12:42:49 [DEBUG] httpcore.connection - close.complete
2026-04-09 12:42:49 [DEBUG] httpcore.connection - connect_tcp.started host='127.0.0.1' port=18789 local_address=None timeout=10.0 socket_options=None
2026-04-09 12:42:49 [DEBUG] httpcore.connection - connect_tcp.complete return_value=<httpcore._backends.anyio.AnyIOStream object at 0x77658d7164e0>
2026-04-09 12:42:49 [DEBUG] httpcore.http11 - send_request_headers.started request=<Request [b'POST']>
2026-04-09 12:42:49 [DEBUG] httpcore.http11 - send_request_headers.complete
2026-04-09 12:42:49 [DEBUG] httpcore.http11 - send_request_body.started request=<Request [b'POST']>
2026-04-09 12:42:49 [DEBUG] httpcore.http11 - send_request_body.complete
2026-04-09 12:42:49 [DEBUG] httpcore.http11 - receive_response_headers.started request=<Request [b'POST']>
2026-04-09 12:42:51 [DEBUG] httpcore.http11 - receive_response_headers.complete return_value=(b'HTTP/1.1', 200, b'OK', [(b'X-Content-Type-Options', b'nosniff'), (b'Referrer-Policy', b'no-referrer'), (b'Permissions-Policy', b'camera=(), microphone=(), geolocation=()'), (b'Content-Type', b'application/json; charset=utf-8'), (b'Date', b'Thu, 09 Apr 2026 04:42:51 GMT'), (b'Connection', b'keep-alive'), (b'Keep-Alive', b'timeout=5'), (b'Content-Length', b'275')])
2026-04-09 12:42:51 [INFO] httpx - HTTP Request: POST http://127.0.0.1:18789/tools/invoke "HTTP/1.1 200 OK"
2026-04-09 12:42:51 [DEBUG] httpcore.http11 - receive_response_body.started request=<Request [b'POST']>
2026-04-09 12:42:51 [DEBUG] httpcore.http11 - receive_response_body.complete
2026-04-09 12:42:51 [DEBUG] httpcore.http11 - response_closed.started
2026-04-09 12:42:51 [DEBUG] httpcore.http11 - response_closed.complete
2026-04-09 12:42:51 [INFO] openclaw_alpha.openclaw.cron_utils - 轮询 HTTP 调用: job_id=c1d70b70-69c9-478a-965f-9cce0941d6b7, poll_count=48, poll_elapsed=1.56s
2026-04-09 12:42:51 [INFO] openclaw_alpha.openclaw.cron_utils - 轮询响应: ok=True, entries_count=0
2026-04-09 12:43:01 [DEBUG] httpcore.connection - close.started
2026-04-09 12:43:01 [DEBUG] httpcore.connection - close.complete
2026-04-09 12:43:01 [DEBUG] httpcore.connection - connect_tcp.started host='127.0.0.1' port=18789 local_address=None timeout=10.0 socket_options=None
2026-04-09 12:43:01 [DEBUG] httpcore.connection - connect_tcp.complete return_value=<httpcore._backends.anyio.AnyIOStream object at 0x77658d716710>
2026-04-09 12:43:01 [DEBUG] httpcore.http11 - send_request_headers.started request=<Request [b'POST']>
2026-04-09 12:43:01 [DEBUG] httpcore.http11 - send_request_headers.complete
2026-04-09 12:43:01 [DEBUG] httpcore.http11 - send_request_body.started request=<Request [b'POST']>
2026-04-09 12:43:01 [DEBUG] httpcore.http11 - send_request_body.complete
2026-04-09 12:43:01 [DEBUG] httpcore.http11 - receive_response_headers.started request=<Request [b'POST']>
2026-04-09 12:43:03 [DEBUG] httpcore.http11 - receive_response_headers.complete return_value=(b'HTTP/1.1', 200, b'OK', [(b'X-Content-Type-Options', b'nosniff'), (b'Referrer-Policy', b'no-referrer'), (b'Permissions-Policy', b'camera=(), microphone=(), geolocation=()'), (b'Content-Type', b'application/json; charset=utf-8'), (b'Date', b'Thu, 09 Apr 2026 04:43:03 GMT'), (b'Connection', b'keep-alive'), (b'Keep-Alive', b'timeout=5'), (b'Content-Length', b'275')])
2026-04-09 12:43:03 [INFO] httpx - HTTP Request: POST http://127.0.0.1:18789/tools/invoke "HTTP/1.1 200 OK"
2026-04-09 12:43:03 [DEBUG] httpcore.http11 - receive_response_body.started request=<Request [b'POST']>
2026-04-09 12:43:03 [DEBUG] httpcore.http11 - receive_response_body.complete
2026-04-09 12:43:03 [DEBUG] httpcore.http11 - response_closed.started
2026-04-09 12:43:03 [DEBUG] httpcore.http11 - response_closed.complete
2026-04-09 12:43:03 [INFO] openclaw_alpha.openclaw.cron_utils - 轮询 HTTP 调用: job_id=c1d70b70-69c9-478a-965f-9cce0941d6b7, poll_count=49, poll_elapsed=1.96s
2026-04-09 12:43:03 [INFO] openclaw_alpha.openclaw.cron_utils - 轮询响应: ok=True, entries_count=0
2026-04-09 12:43:13 [DEBUG] httpcore.connection - close.started
2026-04-09 12:43:13 [DEBUG] httpcore.connection - close.complete
2026-04-09 12:43:13 [DEBUG] httpcore.connection - connect_tcp.started host='127.0.0.1' port=18789 local_address=None timeout=10.0 socket_options=None
2026-04-09 12:43:13 [DEBUG] httpcore.connection - connect_tcp.complete return_value=<httpcore._backends.anyio.AnyIOStream object at 0x77658d716940>
2026-04-09 12:43:13 [DEBUG] httpcore.http11 - send_request_headers.started request=<Request [b'POST']>
2026-04-09 12:43:13 [DEBUG] httpcore.http11 - send_request_headers.complete
2026-04-09 12:43:13 [DEBUG] httpcore.http11 - send_request_body.started request=<Request [b'POST']>
2026-04-09 12:43:13 [DEBUG] httpcore.http11 - send_request_body.complete
2026-04-09 12:43:13 [DEBUG] httpcore.http11 - receive_response_headers.started request=<Request [b'POST']>
2026-04-09 12:43:15 [DEBUG] httpcore.http11 - receive_response_headers.complete return_value=(b'HTTP/1.1', 200, b'OK', [(b'X-Content-Type-Options', b'nosniff'), (b'Referrer-Policy', b'no-referrer'), (b'Permissions-Policy', b'camera=(), microphone=(), geolocation=()'), (b'Content-Type', b'application/json; charset=utf-8'), (b'Date', b'Thu, 09 Apr 2026 04:43:15 GMT'), (b'Connection', b'keep-alive'), (b'Keep-Alive', b'timeout=5'), (b'Content-Length', b'275')])
2026-04-09 12:43:15 [INFO] httpx - HTTP Request: POST http://127.0.0.1:18789/tools/invoke "HTTP/1.1 200 OK"
2026-04-09 12:43:15 [DEBUG] httpcore.http11 - receive_response_body.started request=<Request [b'POST']>
2026-04-09 12:43:15 [DEBUG] httpcore.http11 - receive_response_body.complete
2026-04-09 12:43:15 [DEBUG] httpcore.http11 - response_closed.started
2026-04-09 12:43:15 [DEBUG] httpcore.http11 - response_closed.complete
2026-04-09 12:43:15 [INFO] openclaw_alpha.openclaw.cron_utils - 轮询 HTTP 调用: job_id=c1d70b70-69c9-478a-965f-9cce0941d6b7, poll_count=50, poll_elapsed=1.81s
2026-04-09 12:43:15 [INFO] openclaw_alpha.openclaw.cron_utils - 轮询响应: ok=True, entries_count=0
2026-04-09 12:43:25 [DEBUG] httpcore.connection - close.started
2026-04-09 12:43:25 [DEBUG] httpcore.connection - close.complete
2026-04-09 12:43:25 [DEBUG] httpcore.connection - connect_tcp.started host='127.0.0.1' port=18789 local_address=None timeout=10.0 socket_options=None
2026-04-09 12:43:25 [DEBUG] httpcore.connection - connect_tcp.complete return_value=<httpcore._backends.anyio.AnyIOStream object at 0x77658d716b70>
2026-04-09 12:43:25 [DEBUG] httpcore.http11 - send_request_headers.started request=<Request [b'POST']>
2026-04-09 12:43:25 [DEBUG] httpcore.http11 - send_request_headers.complete
2026-04-09 12:43:25 [DEBUG] httpcore.http11 - send_request_body.started request=<Request [b'POST']>
2026-04-09 12:43:25 [DEBUG] httpcore.http11 - send_request_body.complete
2026-04-09 12:43:25 [DEBUG] httpcore.http11 - receive_response_headers.started request=<Request [b'POST']>
2026-04-09 12:43:29 [DEBUG] httpcore.http11 - receive_response_headers.complete return_value=(b'HTTP/1.1', 200, b'OK', [(b'X-Content-Type-Options', b'nosniff'), (b'Referrer-Policy', b'no-referrer'), (b'Permissions-Policy', b'camera=(), microphone=(), geolocation=()'), (b'Content-Type', b'application/json; charset=utf-8'), (b'Date', b'Thu, 09 Apr 2026 04:43:29 GMT'), (b'Connection', b'keep-alive'), (b'Keep-Alive', b'timeout=5'), (b'Content-Length', b'275')])
2026-04-09 12:43:29 [INFO] httpx - HTTP Request: POST http://127.0.0.1:18789/tools/invoke "HTTP/1.1 200 OK"
2026-04-09 12:43:29 [DEBUG] httpcore.http11 - receive_response_body.started request=<Request [b'POST']>
2026-04-09 12:43:29 [DEBUG] httpcore.http11 - receive_response_body.complete
2026-04-09 12:43:29 [DEBUG] httpcore.http11 - response_closed.started
2026-04-09 12:43:29 [DEBUG] httpcore.http11 - response_closed.complete
2026-04-09 12:43:29 [INFO] openclaw_alpha.openclaw.cron_utils - 轮询 HTTP 调用: job_id=c1d70b70-69c9-478a-965f-9cce0941d6b7, poll_count=51, poll_elapsed=4.13s
2026-04-09 12:43:29 [INFO] openclaw_alpha.openclaw.cron_utils - 轮询响应: ok=True, entries_count=0
2026-04-09 12:43:39 [DEBUG] httpcore.connection - close.started
2026-04-09 12:43:39 [DEBUG] httpcore.connection - close.complete
2026-04-09 12:43:39 [DEBUG] httpcore.connection - connect_tcp.started host='127.0.0.1' port=18789 local_address=None timeout=10.0 socket_options=None
2026-04-09 12:43:39 [DEBUG] httpcore.connection - connect_tcp.complete return_value=<httpcore._backends.anyio.AnyIOStream object at 0x77658d716da0>
2026-04-09 12:43:39 [DEBUG] httpcore.http11 - send_request_headers.started request=<Request [b'POST']>
2026-04-09 12:43:39 [DEBUG] httpcore.http11 - send_request_headers.complete
2026-04-09 12:43:39 [DEBUG] httpcore.http11 - send_request_body.started request=<Request [b'POST']>
2026-04-09 12:43:39 [DEBUG] httpcore.http11 - send_request_body.complete
2026-04-09 12:43:39 [DEBUG] httpcore.http11 - receive_response_headers.started request=<Request [b'POST']>
2026-04-09 12:43:41 [DEBUG] httpcore.http11 - receive_response_headers.complete return_value=(b'HTTP/1.1', 200, b'OK', [(b'X-Content-Type-Options', b'nosniff'), (b'Referrer-Policy', b'no-referrer'), (b'Permissions-Policy', b'camera=(), microphone=(), geolocation=()'), (b'Content-Type', b'application/json; charset=utf-8'), (b'Date', b'Thu, 09 Apr 2026 04:43:41 GMT'), (b'Connection', b'keep-alive'), (b'Keep-Alive', b'timeout=5'), (b'Content-Length', b'275')])
2026-04-09 12:43:41 [INFO] httpx - HTTP Request: POST http://127.0.0.1:18789/tools/invoke "HTTP/1.1 200 OK"
2026-04-09 12:43:41 [DEBUG] httpcore.http11 - receive_response_body.started request=<Request [b'POST']>
2026-04-09 12:43:41 [DEBUG] httpcore.http11 - receive_response_body.complete
2026-04-09 12:43:41 [DEBUG] httpcore.http11 - response_closed.started
2026-04-09 12:43:41 [DEBUG] httpcore.http11 - response_closed.complete
2026-04-09 12:43:41 [INFO] openclaw_alpha.openclaw.cron_utils - 轮询 HTTP 调用: job_id=c1d70b70-69c9-478a-965f-9cce0941d6b7, poll_count=52, poll_elapsed=2.12s
2026-04-09 12:43:41 [INFO] openclaw_alpha.openclaw.cron_utils - 轮询响应: ok=True, entries_count=0
2026-04-09 12:43:51 [DEBUG] httpcore.connection - close.started
2026-04-09 12:43:51 [DEBUG] httpcore.connection - close.complete
2026-04-09 12:43:51 [DEBUG] httpcore.connection - connect_tcp.started host='127.0.0.1' port=18789 local_address=None timeout=10.0 socket_options=None
2026-04-09 12:43:51 [DEBUG] httpcore.connection - connect_tcp.complete return_value=<httpcore._backends.anyio.AnyIOStream object at 0x77658d716fd0>
2026-04-09 12:43:51 [DEBUG] httpcore.http11 - send_request_headers.started request=<Request [b'POST']>
2026-04-09 12:43:51 [DEBUG] httpcore.http11 - send_request_headers.complete
2026-04-09 12:43:51 [DEBUG] httpcore.http11 - send_request_body.started request=<Request [b'POST']>
2026-04-09 12:43:51 [DEBUG] httpcore.http11 - send_request_body.complete
2026-04-09 12:43:51 [DEBUG] httpcore.http11 - receive_response_headers.started request=<Request [b'POST']>
2026-04-09 12:43:53 [DEBUG] httpcore.http11 - receive_response_headers.complete return_value=(b'HTTP/1.1', 200, b'OK', [(b'X-Content-Type-Options', b'nosniff'), (b'Referrer-Policy', b'no-referrer'), (b'Permissions-Policy', b'camera=(), microphone=(), geolocation=()'), (b'Content-Type', b'application/json; charset=utf-8'), (b'Date', b'Thu, 09 Apr 2026 04:43:53 GMT'), (b'Connection', b'keep-alive'), (b'Keep-Alive', b'timeout=5'), (b'Content-Length', b'275')])
2026-04-09 12:43:53 [INFO] httpx - HTTP Request: POST http://127.0.0.1:18789/tools/invoke "HTTP/1.1 200 OK"
2026-04-09 12:43:53 [DEBUG] httpcore.http11 - receive_response_body.started request=<Request [b'POST']>
2026-04-09 12:43:53 [DEBUG] httpcore.http11 - receive_response_body.complete
2026-04-09 12:43:53 [DEBUG] httpcore.http11 - response_closed.started
2026-04-09 12:43:53 [DEBUG] httpcore.http11 - response_closed.complete
2026-04-09 12:43:53 [INFO] openclaw_alpha.openclaw.cron_utils - 轮询 HTTP 调用: job_id=c1d70b70-69c9-478a-965f-9cce0941d6b7, poll_count=53, poll_elapsed=1.55s
2026-04-09 12:43:53 [INFO] openclaw_alpha.openclaw.cron_utils - 轮询响应: ok=True, entries_count=0
2026-04-09 12:44:03 [DEBUG] httpcore.connection - close.started
2026-04-09 12:44:03 [DEBUG] httpcore.connection - close.complete
2026-04-09 12:44:03 [DEBUG] httpcore.connection - connect_tcp.started host='127.0.0.1' port=18789 local_address=None timeout=10.0 socket_options=None
2026-04-09 12:44:03 [DEBUG] httpcore.connection - connect_tcp.complete return_value=<httpcore._backends.anyio.AnyIOStream object at 0x77658d717200>
2026-04-09 12:44:03 [DEBUG] httpcore.http11 - send_request_headers.started request=<Request [b'POST']>
2026-04-09 12:44:03 [DEBUG] httpcore.http11 - send_request_headers.complete
2026-04-09 12:44:03 [DEBUG] httpcore.http11 - send_request_body.started request=<Request [b'POST']>
2026-04-09 12:44:03 [DEBUG] httpcore.http11 - send_request_body.complete
2026-04-09 12:44:03 [DEBUG] httpcore.http11 - receive_response_headers.started request=<Request [b'POST']>
2026-04-09 12:44:04 [DEBUG] httpcore.http11 - receive_response_headers.complete return_value=(b'HTTP/1.1', 200, b'OK', [(b'X-Content-Type-Options', b'nosniff'), (b'Referrer-Policy', b'no-referrer'), (b'Permissions-Policy', b'camera=(), microphone=(), geolocation=()'), (b'Content-Type', b'application/json; charset=utf-8'), (b'Date', b'Thu, 09 Apr 2026 04:44:04 GMT'), (b'Connection', b'keep-alive'), (b'Keep-Alive', b'timeout=5'), (b'Content-Length', b'275')])
2026-04-09 12:44:04 [INFO] httpx - HTTP Request: POST http://127.0.0.1:18789/tools/invoke "HTTP/1.1 200 OK"
2026-04-09 12:44:04 [DEBUG] httpcore.http11 - receive_response_body.started request=<Request [b'POST']>
2026-04-09 12:44:04 [DEBUG] httpcore.http11 - receive_response_body.complete
2026-04-09 12:44:04 [DEBUG] httpcore.http11 - response_closed.started
2026-04-09 12:44:04 [DEBUG] httpcore.http11 - response_closed.complete
2026-04-09 12:44:04 [INFO] openclaw_alpha.openclaw.cron_utils - 轮询 HTTP 调用: job_id=c1d70b70-69c9-478a-965f-9cce0941d6b7, poll_count=54, poll_elapsed=1.72s
2026-04-09 12:44:04 [INFO] openclaw_alpha.openclaw.cron_utils - 轮询响应: ok=True, entries_count=0
2026-04-09 12:44:14 [DEBUG] httpcore.connection - close.started
2026-04-09 12:44:14 [DEBUG] httpcore.connection - close.complete
2026-04-09 12:44:14 [DEBUG] httpcore.connection - connect_tcp.started host='127.0.0.1' port=18789 local_address=None timeout=10.0 socket_options=None
2026-04-09 12:44:14 [DEBUG] httpcore.connection - connect_tcp.complete return_value=<httpcore._backends.anyio.AnyIOStream object at 0x77658d717430>
2026-04-09 12:44:14 [DEBUG] httpcore.http11 - send_request_headers.started request=<Request [b'POST']>
2026-04-09 12:44:14 [DEBUG] httpcore.http11 - send_request_headers.complete
2026-04-09 12:44:14 [DEBUG] httpcore.http11 - send_request_body.started request=<Request [b'POST']>
2026-04-09 12:44:14 [DEBUG] httpcore.http11 - send_request_body.complete
2026-04-09 12:44:14 [DEBUG] httpcore.http11 - receive_response_headers.started request=<Request [b'POST']>
2026-04-09 12:44:19 [DEBUG] httpcore.http11 - receive_response_headers.complete return_value=(b'HTTP/1.1', 200, b'OK', [(b'X-Content-Type-Options', b'nosniff'), (b'Referrer-Policy', b'no-referrer'), (b'Permissions-Policy', b'camera=(), microphone=(), geolocation=()'), (b'Content-Type', b'application/json; charset=utf-8'), (b'Date', b'Thu, 09 Apr 2026 04:44:19 GMT'), (b'Connection', b'keep-alive'), (b'Keep-Alive', b'timeout=5'), (b'Content-Length', b'275')])
2026-04-09 12:44:19 [INFO] httpx - HTTP Request: POST http://127.0.0.1:18789/tools/invoke "HTTP/1.1 200 OK"
2026-04-09 12:44:19 [DEBUG] httpcore.http11 - receive_response_body.started request=<Request [b'POST']>
2026-04-09 12:44:19 [DEBUG] httpcore.http11 - receive_response_body.complete
2026-04-09 12:44:19 [DEBUG] httpcore.http11 - response_closed.started
2026-04-09 12:44:19 [DEBUG] httpcore.http11 - response_closed.complete
2026-04-09 12:44:19 [INFO] openclaw_alpha.openclaw.cron_utils - 轮询 HTTP 调用: job_id=c1d70b70-69c9-478a-965f-9cce0941d6b7, poll_count=55, poll_elapsed=4.25s
2026-04-09 12:44:19 [INFO] openclaw_alpha.openclaw.cron_utils - 轮询响应: ok=True, entries_count=0
2026-04-09 12:44:29 [DEBUG] httpcore.connection - close.started
2026-04-09 12:44:29 [DEBUG] httpcore.connection - close.complete
2026-04-09 12:44:29 [DEBUG] httpcore.connection - connect_tcp.started host='127.0.0.1' port=18789 local_address=None timeout=10.0 socket_options=None
2026-04-09 12:44:29 [DEBUG] httpcore.connection - connect_tcp.complete return_value=<httpcore._backends.anyio.AnyIOStream object at 0x77658d6ab250>
2026-04-09 12:44:29 [DEBUG] httpcore.http11 - send_request_headers.started request=<Request [b'POST']>
2026-04-09 12:44:29 [DEBUG] httpcore.http11 - send_request_headers.complete
2026-04-09 12:44:29 [DEBUG] httpcore.http11 - send_request_body.started request=<Request [b'POST']>
2026-04-09 12:44:29 [DEBUG] httpcore.http11 - send_request_body.complete
2026-04-09 12:44:29 [DEBUG] httpcore.http11 - receive_response_headers.started request=<Request [b'POST']>
2026-04-09 12:44:30 [DEBUG] httpcore.http11 - receive_response_headers.complete return_value=(b'HTTP/1.1', 200, b'OK', [(b'X-Content-Type-Options', b'nosniff'), (b'Referrer-Policy', b'no-referrer'), (b'Permissions-Policy', b'camera=(), microphone=(), geolocation=()'), (b'Content-Type', b'application/json; charset=utf-8'), (b'Date', b'Thu, 09 Apr 2026 04:44:30 GMT'), (b'Connection', b'keep-alive'), (b'Keep-Alive', b'timeout=5'), (b'Content-Length', b'275')])
2026-04-09 12:44:30 [INFO] httpx - HTTP Request: POST http://127.0.0.1:18789/tools/invoke "HTTP/1.1 200 OK"
2026-04-09 12:44:30 [DEBUG] httpcore.http11 - receive_response_body.started request=<Request [b'POST']>
2026-04-09 12:44:30 [DEBUG] httpcore.http11 - receive_response_body.complete
2026-04-09 12:44:30 [DEBUG] httpcore.http11 - response_closed.started
2026-04-09 12:44:30 [DEBUG] httpcore.http11 - response_closed.complete
2026-04-09 12:44:30 [INFO] openclaw_alpha.openclaw.cron_utils - 轮询 HTTP 调用: job_id=c1d70b70-69c9-478a-965f-9cce0941d6b7, poll_count=56, poll_elapsed=1.58s
2026-04-09 12:44:30 [INFO] openclaw_alpha.openclaw.cron_utils - 轮询响应: ok=True, entries_count=0
2026-04-09 12:44:40 [DEBUG] httpcore.connection - close.started
2026-04-09 12:44:40 [DEBUG] httpcore.connection - close.complete
2026-04-09 12:44:40 [DEBUG] httpcore.connection - connect_tcp.started host='127.0.0.1' port=18789 local_address=None timeout=10.0 socket_options=None
2026-04-09 12:44:40 [DEBUG] httpcore.connection - connect_tcp.complete return_value=<httpcore._backends.anyio.AnyIOStream object at 0x77658d6aba20>
2026-04-09 12:44:40 [DEBUG] httpcore.http11 - send_request_headers.started request=<Request [b'POST']>
2026-04-09 12:44:40 [DEBUG] httpcore.http11 - send_request_headers.complete
2026-04-09 12:44:40 [DEBUG] httpcore.http11 - send_request_body.started request=<Request [b'POST']>
2026-04-09 12:44:40 [DEBUG] httpcore.http11 - send_request_body.complete
2026-04-09 12:44:40 [DEBUG] httpcore.http11 - receive_response_headers.started request=<Request [b'POST']>
2026-04-09 12:44:42 [DEBUG] httpcore.http11 - receive_response_headers.complete return_value=(b'HTTP/1.1', 200, b'OK', [(b'X-Content-Type-Options', b'nosniff'), (b'Referrer-Policy', b'no-referrer'), (b'Permissions-Policy', b'camera=(), microphone=(), geolocation=()'), (b'Content-Type', b'application/json; charset=utf-8'), (b'Date', b'Thu, 09 Apr 2026 04:44:42 GMT'), (b'Connection', b'keep-alive'), (b'Keep-Alive', b'timeout=5'), (b'Content-Length', b'275')])
2026-04-09 12:44:42 [INFO] httpx - HTTP Request: POST http://127.0.0.1:18789/tools/invoke "HTTP/1.1 200 OK"
2026-04-09 12:44:42 [DEBUG] httpcore.http11 - receive_response_body.started request=<Request [b'POST']>
2026-04-09 12:44:42 [DEBUG] httpcore.http11 - receive_response_body.complete
2026-04-09 12:44:42 [DEBUG] httpcore.http11 - response_closed.started
2026-04-09 12:44:42 [DEBUG] httpcore.http11 - response_closed.complete
2026-04-09 12:44:42 [INFO] openclaw_alpha.openclaw.cron_utils - 轮询 HTTP 调用: job_id=c1d70b70-69c9-478a-965f-9cce0941d6b7, poll_count=57, poll_elapsed=1.64s
2026-04-09 12:44:42 [INFO] openclaw_alpha.openclaw.cron_utils - 轮询响应: ok=True, entries_count=0
2026-04-09 12:44:52 [DEBUG] httpcore.connection - close.started
2026-04-09 12:44:52 [DEBUG] httpcore.connection - close.complete
2026-04-09 12:44:52 [DEBUG] httpcore.connection - connect_tcp.started host='127.0.0.1' port=18789 local_address=None timeout=10.0 socket_options=None
2026-04-09 12:44:52 [DEBUG] httpcore.connection - connect_tcp.complete return_value=<httpcore._backends.anyio.AnyIOStream object at 0x77658d6ab4d0>
2026-04-09 12:44:52 [DEBUG] httpcore.http11 - send_request_headers.started request=<Request [b'POST']>
2026-04-09 12:44:52 [DEBUG] httpcore.http11 - send_request_headers.complete
2026-04-09 12:44:52 [DEBUG] httpcore.http11 - send_request_body.started request=<Request [b'POST']>
2026-04-09 12:44:52 [DEBUG] httpcore.http11 - send_request_body.complete
2026-04-09 12:44:52 [DEBUG] httpcore.http11 - receive_response_headers.started request=<Request [b'POST']>
2026-04-09 12:44:54 [DEBUG] httpcore.http11 - receive_response_headers.complete return_value=(b'HTTP/1.1', 200, b'OK', [(b'X-Content-Type-Options', b'nosniff'), (b'Referrer-Policy', b'no-referrer'), (b'Permissions-Policy', b'camera=(), microphone=(), geolocation=()'), (b'Content-Type', b'application/json; charset=utf-8'), (b'Date', b'Thu, 09 Apr 2026 04:44:54 GMT'), (b'Connection', b'keep-alive'), (b'Keep-Alive', b'timeout=5'), (b'Content-Length', b'275')])
2026-04-09 12:44:54 [INFO] httpx - HTTP Request: POST http://127.0.0.1:18789/tools/invoke "HTTP/1.1 200 OK"
2026-04-09 12:44:54 [DEBUG] httpcore.http11 - receive_response_body.started request=<Request [b'POST']>
2026-04-09 12:44:54 [DEBUG] httpcore.http11 - receive_response_body.complete
2026-04-09 12:44:54 [DEBUG] httpcore.http11 - response_closed.started
2026-04-09 12:44:54 [DEBUG] httpcore.http11 - response_closed.complete
2026-04-09 12:44:54 [INFO] openclaw_alpha.openclaw.cron_utils - 轮询 HTTP 调用: job_id=c1d70b70-69c9-478a-965f-9cce0941d6b7, poll_count=58, poll_elapsed=2.06s
2026-04-09 12:44:54 [INFO] openclaw_alpha.openclaw.cron_utils - 轮询响应: ok=True, entries_count=0
2026-04-09 12:45:04 [DEBUG] httpcore.connection - close.started
2026-04-09 12:45:04 [DEBUG] httpcore.connection - close.complete
2026-04-09 12:45:04 [DEBUG] httpcore.connection - connect_tcp.started host='127.0.0.1' port=18789 local_address=None timeout=10.0 socket_options=None
2026-04-09 12:45:04 [DEBUG] httpcore.connection - connect_tcp.complete return_value=<httpcore._backends.anyio.AnyIOStream object at 0x77658d6ab3e0>
2026-04-09 12:45:04 [DEBUG] httpcore.http11 - send_request_headers.started request=<Request [b'POST']>
2026-04-09 12:45:04 [DEBUG] httpcore.http11 - send_request_headers.complete
2026-04-09 12:45:04 [DEBUG] httpcore.http11 - send_request_body.started request=<Request [b'POST']>
2026-04-09 12:45:04 [DEBUG] httpcore.http11 - send_request_body.complete
2026-04-09 12:45:04 [DEBUG] httpcore.http11 - receive_response_headers.started request=<Request [b'POST']>
2026-04-09 12:45:08 [DEBUG] httpcore.http11 - receive_response_headers.complete return_value=(b'HTTP/1.1', 200, b'OK', [(b'X-Content-Type-Options', b'nosniff'), (b'Referrer-Policy', b'no-referrer'), (b'Permissions-Policy', b'camera=(), microphone=(), geolocation=()'), (b'Content-Type', b'application/json; charset=utf-8'), (b'Date', b'Thu, 09 Apr 2026 04:45:08 GMT'), (b'Connection', b'keep-alive'), (b'Keep-Alive', b'timeout=5'), (b'Content-Length', b'2266')])
2026-04-09 12:45:08 [INFO] httpx - HTTP Request: POST http://127.0.0.1:18789/tools/invoke "HTTP/1.1 200 OK"
2026-04-09 12:45:08 [DEBUG] httpcore.http11 - receive_response_body.started request=<Request [b'POST']>
2026-04-09 12:45:08 [DEBUG] httpcore.http11 - receive_response_body.complete
2026-04-09 12:45:08 [DEBUG] httpcore.http11 - response_closed.started
2026-04-09 12:45:08 [DEBUG] httpcore.http11 - response_closed.complete
2026-04-09 12:45:08 [INFO] openclaw_alpha.openclaw.cron_utils - 轮询 HTTP 调用: job_id=c1d70b70-69c9-478a-965f-9cce0941d6b7, poll_count=59, poll_elapsed=4.09s
2026-04-09 12:45:08 [INFO] openclaw_alpha.openclaw.cron_utils - 轮询响应: ok=True, entries_count=1
2026-04-09 12:45:08 [INFO] openclaw_alpha.openclaw.cron_utils - 轮询结果: status=ok, durationMs=712477, sessionId=baac8b7a-205b-4d36-a633-0d359f79e716
2026-04-09 12:45:08 [INFO] openclaw_alpha.openclaw.cron_utils - 任务完成: ok（耗时 712477ms）
2026-04-09 12:45:08 [INFO] openclaw_alpha.openclaw.cron_utils - 任务运行完成: sessionId=baac8b7a-205b-4d36-a633-0d359f79e716
2026-04-09 12:45:08 [DEBUG] httpcore.http11 - send_request_headers.started request=<Request [b'POST']>
2026-04-09 12:45:08 [DEBUG] httpcore.http11 - send_request_headers.complete
2026-04-09 12:45:08 [DEBUG] httpcore.http11 - send_request_body.started request=<Request [b'POST']>
2026-04-09 12:45:08 [DEBUG] httpcore.http11 - send_request_body.complete
2026-04-09 12:45:08 [DEBUG] httpcore.http11 - receive_response_headers.started request=<Request [b'POST']>
2026-04-09 12:45:10 [DEBUG] httpcore.http11 - receive_response_headers.complete return_value=(b'HTTP/1.1', 200, b'OK', [(b'X-Content-Type-Options', b'nosniff'), (b'Referrer-Policy', b'no-referrer'), (b'Permissions-Policy', b'camera=(), microphone=(), geolocation=()'), (b'Content-Type', b'application/json; charset=utf-8'), (b'Date', b'Thu, 09 Apr 2026 04:45:10 GMT'), (b'Connection', b'keep-alive'), (b'Keep-Alive', b'timeout=5'), (b'Content-Length', b'141')])
2026-04-09 12:45:10 [INFO] httpx - HTTP Request: POST http://127.0.0.1:18789/tools/invoke "HTTP/1.1 200 OK"
2026-04-09 12:45:10 [DEBUG] httpcore.http11 - receive_response_body.started request=<Request [b'POST']>
2026-04-09 12:45:10 [DEBUG] httpcore.http11 - receive_response_body.complete
2026-04-09 12:45:10 [DEBUG] httpcore.http11 - response_closed.started
2026-04-09 12:45:10 [DEBUG] httpcore.http11 - response_closed.complete
2026-04-09 12:45:10 [INFO] openclaw_alpha.openclaw.cron_utils - 任务已删除: c1d70b70-69c9-478a-965f-9cce0941d6b7
2026-04-09 12:45:10 [INFO] openclaw_alpha.backend.quick_news.task_executor - 任务已完成: c1d70b70-69c9-478a-965f-9cce0941d6b7, sessionId: baac8b7a-205b-4d36-a633-0d359f79e716
2026-04-09 12:45:10 [INFO] openclaw_alpha.backend.quick_news.task_executor - 第 1 次轮询: analysis 字段已写入
2026-04-09 12:45:10 [INFO] openclaw_alpha.backend.quick_news.task_executor - 已读取分析结果并追加 session 字段: jin10_jin10:index:20260408220207306800
2026-04-09 12:45:10 [DEBUG] httpcore.http11 - send_request_headers.started request=<Request [b'POST']>
2026-04-09 12:45:10 [DEBUG] httpcore.http11 - send_request_headers.complete
2026-04-09 12:45:10 [DEBUG] httpcore.http11 - send_request_body.started request=<Request [b'POST']>
2026-04-09 12:45:10 [DEBUG] httpcore.http11 - send_request_body.complete
2026-04-09 12:45:10 [DEBUG] httpcore.http11 - receive_response_headers.started request=<Request [b'POST']>
2026-04-09 12:45:11 [DEBUG] httpcore.http11 - receive_response_headers.complete return_value=(b'HTTP/1.1', 200, b'OK', [(b'X-Content-Type-Options', b'nosniff'), (b'Referrer-Policy', b'no-referrer'), (b'Permissions-Policy', b'camera=(), microphone=(), geolocation=()'), (b'Content-Type', b'application/json; charset=utf-8'), (b'Date', b'Thu, 09 Apr 2026 04:45:11 GMT'), (b'Connection', b'keep-alive'), (b'Keep-Alive', b'timeout=5'), (b'Content-Length', b'457')])
2026-04-09 12:45:11 [INFO] httpx - HTTP Request: POST http://127.0.0.1:18789/tools/invoke "HTTP/1.1 200 OK"
2026-04-09 12:45:11 [DEBUG] httpcore.http11 - receive_response_body.started request=<Request [b'POST']>
2026-04-09 12:45:11 [DEBUG] httpcore.http11 - receive_response_body.complete
2026-04-09 12:45:11 [DEBUG] httpcore.http11 - response_closed.started
2026-04-09 12:45:11 [DEBUG] httpcore.http11 - response_closed.complete
2026-04-09 12:45:11 [INFO] openclaw_alpha.backend.quick_news.task_executor - 已推送到 wecom: Momojie
2026-04-09 12:45:11 [INFO] openclaw_alpha.backend.quick_news.task_executor - submit_analysis 完成: news_id=jin10_jin10:index:20260408220207306800, success=True, worth_deep=False, error=None
2026-04-09 12:45:11 [INFO] openclaw_alpha.backend.quick_news.jobs - 分析完成: jin10_jin10:index:20260408220207306800, 值得深度分析: True
2026-04-09 12:45:11 [INFO] openclaw_alpha.backend.quick_news.jobs - 新闻处理完成: 1/1 成功
2026-04-09 12:45:11 [INFO] openclaw_alpha.backend.quick_news.jobs - 准备发送汇总通知: 1 个接收人
2026-04-09 12:45:11 [DEBUG] httpcore.http11 - send_request_headers.started request=<Request [b'POST']>
2026-04-09 12:45:11 [DEBUG] httpcore.http11 - send_request_headers.complete
2026-04-09 12:45:11 [DEBUG] httpcore.http11 - send_request_body.started request=<Request [b'POST']>
2026-04-09 12:45:11 [DEBUG] httpcore.http11 - send_request_body.complete
2026-04-09 12:45:11 [DEBUG] httpcore.http11 - receive_response_headers.started request=<Request [b'POST']>
2026-04-09 12:45:12 [DEBUG] httpcore.http11 - receive_response_headers.complete return_value=(b'HTTP/1.1', 200, b'OK', [(b'X-Content-Type-Options', b'nosniff'), (b'Referrer-Policy', b'no-referrer'), (b'Permissions-Policy', b'camera=(), microphone=(), geolocation=()'), (b'Content-Type', b'application/json; charset=utf-8'), (b'Date', b'Thu, 09 Apr 2026 04:45:12 GMT'), (b'Connection', b'keep-alive'), (b'Keep-Alive', b'timeout=5'), (b'Content-Length', b'457')])
2026-04-09 12:45:12 [INFO] httpx - HTTP Request: POST http://127.0.0.1:18789/tools/invoke "HTTP/1.1 200 OK"
2026-04-09 12:45:12 [DEBUG] httpcore.http11 - receive_response_body.started request=<Request [b'POST']>
2026-04-09 12:45:12 [DEBUG] httpcore.http11 - receive_response_body.complete
2026-04-09 12:45:12 [DEBUG] httpcore.http11 - response_closed.started
2026-04-09 12:45:12 [DEBUG] httpcore.http11 - response_closed.complete
2026-04-09 12:45:12 [INFO] openclaw_alpha.backend.quick_news.jobs - 汇总通知已发送: Momojie
2026-04-09 12:45:12 [INFO] news.trigger - === trigger 完成 ===
